
> forge-pbl-template@0.0.0 start
> ng serve --host 127.0.0.1 --port 4300

> Building...
√ Building...
Initial chunk files | Names                               |  Raw size
main.js             | main                                |   4.95 kB | 
chunk-VUJOFXKG.js   | -                                   | 987 bytes | 
styles.css          | styles                              |  96 bytes | 

                    | Initial total                       |   6.03 kB

Lazy chunk files    | Names                               |  Raw size
chunk-QK4EZO4E.js   | index                               | 937.50 kB | 
chunk-K36Y27ZX.js   | simulation-decision-shell-component | 796.91 kB | 
chunk-ZIXUSHB4.js   | -                                   |  45.24 kB | 
chunk-FPTSIGOF.js   | frontier-trading-routes             |  30.97 kB | 
chunk-MUGCG5TN.js   | project-home-component              |  27.94 kB | 

Application bundle generation complete. [5.173 seconds] - 2026-09-03T22:38:47.067Z

Watch mode enabled. Watching for file changes...
NOTE: Raw file sizes do not reflect development server per-request transformations.
4:38:47 PM [vite] (client) Re-optimizing dependencies because vite config has changed
  ➜  Local:   http://127.0.0.1:4300/
  ➜  press h + enter to show help
4:38:48 PM [vite] (client) [optimizer] bundling dependencies...
> Changes detected. Rebuilding...
√ Changes detected. Rebuilding...
Initial chunk files | Names |  Raw size
main.js             | main  |   4.95 kB | 

Lazy chunk files    | Names |  Raw size
chunk-PFXYPGEA.js   | index | 937.99 kB | 

Application bundle generation complete. [2.048 seconds] - 2026-09-03T22:40:58.017Z

Page reload sent to client(s).
> Changes detected. Rebuilding...
√ Changes detected. Rebuilding...
Initial chunk files | Names |  Raw size
main.js             | main  |   4.95 kB | 

Lazy chunk files    | Names |  Raw size
chunk-FJJV4U4N.js   | index | 937.99 kB | 

Application bundle generation complete. [0.383 seconds] - 2026-09-03T22:41:04.274Z

Page reload sent to client(s).
> Changes detected. Rebuilding...
√ Changes detected. Rebuilding...
Application bundle generation failed. [1.205 seconds] - 2026-09-03T23:03:00.010Z

> Changes detected. Rebuilding...
√ Changes detected. Rebuilding...
Application bundle generation failed. [0.485 seconds] - 2026-09-03T23:03:00.512Z

> Changes detected. Rebuilding...
√ Changes detected. Rebuilding...
Application bundle generation failed. [0.507 seconds] - 2026-09-03T23:04:13.269Z

> Changes detected. Rebuilding...
√ Changes detected. Rebuilding...
Application bundle generation failed. [0.636 seconds] - 2026-09-03T23:04:48.784Z

> Changes detected. Rebuilding...
√ Changes detected. Rebuilding...
Application bundle generation failed. [0.495 seconds] - 2026-09-03T23:04:49.288Z

> Changes detected. Rebuilding...
√ Changes detected. Rebuilding...
Application bundle generation failed. [0.582 seconds] - 2026-09-03T23:05:30.681Z

> Changes detected. Rebuilding...
√ Changes detected. Rebuilding...
Application bundle generation failed. [0.870 seconds] - 2026-09-03T23:06:47.932Z

> Changes detected. Rebuilding...
√ Changes detected. Rebuilding...
Application bundle generation failed. [0.631 seconds] - 2026-09-03T23:06:48.567Z

> Changes detected. Rebuilding...
√ Changes detected. Rebuilding...
Application bundle generation failed. [0.706 seconds] - 2026-09-03T23:07:51.413Z

> Changes detected. Rebuilding...
√ Changes detected. Rebuilding...
Application bundle generation failed. [0.427 seconds] - 2026-09-03T23:08:28.460Z

> Changes detected. Rebuilding...
√ Changes detected. Rebuilding...
Application bundle generation failed. [0.614 seconds] - 2026-09-03T23:08:53.507Z

> Changes detected. Rebuilding...
√ Changes detected. Rebuilding...
Application bundle generation failed. [0.286 seconds] - 2026-09-03T23:09:06.733Z

> Changes detected. Rebuilding...
√ Changes detected. Rebuilding...
Application bundle generation failed. [1.010 seconds] - 2026-09-03T23:09:08.243Z

> Changes detected. Rebuilding...
√ Changes detected. Rebuilding...
Initial chunk files | Names                               |  Raw size
main.js             | main                                |   4.95 kB | 
chunk-VUJOFXKG.js   | -                                   | 987 bytes | 
styles.css          | styles                              |  96 bytes | 

                    | Initial total                       |   6.03 kB

Lazy chunk files    | Names                               |  Raw size
chunk-FJJV4U4N.js   | index                               | 937.99 kB | 
chunk-6FY2VKHX.js   | simulation-decision-shell-component | 905.85 kB | 
chunk-ZIXUSHB4.js   | -                                   |  45.24 kB | 
chunk-MI6E7Z6Y.js   | frontier-trading-routes             |  30.97 kB | 
chunk-MUGCG5TN.js   | project-home-component              |  27.94 kB | 

Application bundle generation complete. [1.018 seconds] - 2026-09-03T23:09:13.463Z

Page reload sent to client(s).
> Changes detected. Rebuilding...
√ Changes detected. Rebuilding...
Initial chunk files | Names                               |  Raw size
main.js             | main                                |   4.95 kB | 

Lazy chunk files    | Names                               |  Raw size
chunk-T2NY7XEW.js   | simulation-decision-shell-component | 906.11 kB | 
chunk-D52XVP7G.js   | frontier-trading-routes             |  30.97 kB | 

Application bundle generation complete. [0.564 seconds] - 2026-09-03T23:09:21.090Z

Component update sent to client(s).
> Changes detected. Rebuilding...
√ Changes detected. Rebuilding...
Initial chunk files | Names                               |  Raw size
main.js             | main                                |   4.95 kB | 

Lazy chunk files    | Names                               |  Raw size
chunk-MYJZW6FB.js   | simulation-decision-shell-component | 906.20 kB | 
chunk-ECARGEAM.js   | frontier-trading-routes             |  30.97 kB | 

Application bundle generation complete. [1.194 seconds] - 2026-09-03T23:11:06.655Z

Page reload sent to client(s).
> Changes detected. Rebuilding...
√ Changes detected. Rebuilding...
Initial chunk files | Names                               |  Raw size
main.js             | main                                |   4.95 kB | 

Lazy chunk files    | Names                               |  Raw size
chunk-PARODIMH.js   | simulation-decision-shell-component | 908.28 kB | 
chunk-HIOVT25I.js   | frontier-trading-routes             |  30.97 kB | 

Application bundle generation complete. [0.830 seconds] - 2026-09-03T23:11:07.496Z

Component update sent to client(s).
> Changes detected. Rebuilding...
√ Changes detected. Rebuilding...
Initial chunk files | Names                               |  Raw size
main.js             | main                                |   4.95 kB | 

Lazy chunk files    | Names                               |  Raw size
chunk-OJCNJHYX.js   | simulation-decision-shell-component | 910.31 kB | 
chunk-NXGNXGZ7.js   | frontier-trading-routes             |  30.97 kB | 

Application bundle generation complete. [0.695 seconds] - 2026-09-03T23:11:08.195Z

Component update sent to client(s).
> Changes detected. Rebuilding...
√ Changes detected. Rebuilding...
Initial chunk files | Names                               |  Raw size
main.js             | main                                |   4.95 kB | 

Lazy chunk files    | Names                               |  Raw size
chunk-4RLO3RQB.js   | simulation-decision-shell-component | 910.32 kB | 
chunk-2JEZRTD7.js   | frontier-trading-routes             |  30.97 kB | 

Application bundle generation complete. [0.386 seconds] - 2026-09-03T23:11:14.748Z

Component update sent to client(s).
> Changes detected. Rebuilding...
√ Changes detected. Rebuilding...
Initial chunk files | Names                               |  Raw size
main.js             | main                                |   4.95 kB | 

Lazy chunk files    | Names                               |  Raw size
chunk-OCATYTU3.js   | simulation-decision-shell-component | 910.49 kB | 
chunk-FTJPDZUI.js   | frontier-trading-routes             |  30.97 kB | 

Application bundle generation complete. [1.604 seconds] - 2026-09-03T23:15:02.826Z

Component update sent to client(s).
> Changes detected. Rebuilding...
√ Changes detected. Rebuilding...
Initial chunk files | Names                               |  Raw size
main.js             | main                                |   4.95 kB | 

Lazy chunk files    | Names                               |  Raw size
chunk-ELBEA3W7.js   | simulation-decision-shell-component | 911.57 kB | 
chunk-HTN52S3D.js   | frontier-trading-routes             |  30.97 kB | 

Application bundle generation complete. [1.241 seconds] - 2026-09-03T23:15:04.072Z

Component update sent to client(s).
> Changes detected. Rebuilding...
√ Changes detected. Rebuilding...
Initial chunk files | Names                               |  Raw size
main.js             | main                                |   4.95 kB | 

Lazy chunk files    | Names                               |  Raw size
chunk-27MFGYAN.js   | simulation-decision-shell-component | 911.76 kB | 
chunk-J6D347RR.js   | frontier-trading-routes             |  30.97 kB | 

Application bundle generation complete. [1.303 seconds] - 2026-09-03T23:16:49.876Z

Component update sent to client(s).
> Changes detected. Rebuilding...
√ Changes detected. Rebuilding...
Initial chunk files | Names                               |  Raw size
main.js             | main                                |   4.95 kB | 

Lazy chunk files    | Names                               |  Raw size
chunk-G45SYLO4.js   | simulation-decision-shell-component | 911.76 kB | 
chunk-OKLIIDUP.js   | frontier-trading-routes             |  30.97 kB | 

Application bundle generation complete. [0.748 seconds] - 2026-09-03T23:16:50.628Z

Component update sent to client(s).
> Changes detected. Rebuilding...
√ Changes detected. Rebuilding...
Initial chunk files | Names                               |  Raw size
main.js             | main                                |   4.95 kB | 

Lazy chunk files    | Names                               |  Raw size
chunk-I4EP5OKG.js   | simulation-decision-shell-component | 906.65 kB | 
chunk-QB2ZD74E.js   | frontier-trading-routes             |  30.97 kB | 

Application bundle generation complete. [1.018 seconds] - 2026-09-03T23:18:39.886Z

Component update sent to client(s).
> Changes detected. Rebuilding...
√ Changes detected. Rebuilding...
Initial chunk files | Names                               |  Raw size
main.js             | main                                |   4.95 kB | 

Lazy chunk files    | Names                               |  Raw size
chunk-L52MTJYS.js   | simulation-decision-shell-component | 902.78 kB | 
chunk-RAPHOFAG.js   | frontier-trading-routes             |  30.97 kB | 

Application bundle generation complete. [0.761 seconds] - 2026-09-03T23:18:40.650Z

Component update sent to client(s).
> Changes detected. Rebuilding...
√ Changes detected. Rebuilding...
Initial chunk files | Names                               |  Raw size
main.js             | main                                |   4.95 kB | 

Lazy chunk files    | Names                               |  Raw size
chunk-HVKODIRY.js   | simulation-decision-shell-component | 902.79 kB | 
chunk-3K66YZLS.js   | frontier-trading-routes             |  30.97 kB | 

Application bundle generation complete. [0.887 seconds] - 2026-09-03T23:18:47.743Z

Component update sent to client(s).
> Changes detected. Rebuilding...
√ Changes detected. Rebuilding...
Initial chunk files | Names |  Raw size
main.js             | main  |   4.95 kB | 

Lazy chunk files    | Names |  Raw size
chunk-GN74MOGZ.js   | index | 946.18 kB | 

Application bundle generation complete. [1.598 seconds] - 2026-09-04T01:25:36.428Z

Page reload sent to client(s).
> Changes detected. Rebuilding...
√ Changes detected. Rebuilding...
Initial chunk files | Names |  Raw size
main.js             | main  |   4.95 kB | 

Lazy chunk files    | Names |  Raw size
chunk-BZ6BXDHT.js   | index | 944.76 kB | 

Application bundle generation complete. [1.446 seconds] - 2026-09-04T01:25:42.103Z

Component update sent to client(s).
> Changes detected. Rebuilding...
√ Changes detected. Rebuilding...
Initial chunk files | Names                               |  Raw size
main.js             | main                                |   4.95 kB | 

Lazy chunk files    | Names                               |  Raw size
chunk-KZX3XZLV.js   | simulation-decision-shell-component | 903.22 kB | 
chunk-GD7M5D6G.js   | frontier-trading-routes             |  30.97 kB | 

Application bundle generation complete. [1.772 seconds] - 2026-09-04T01:27:55.577Z

Component update sent to client(s).
> Changes detected. Rebuilding...
√ Changes detected. Rebuilding...
Initial chunk files | Names                               |  Raw size
main.js             | main                                |   4.95 kB | 

Lazy chunk files    | Names                               |  Raw size
chunk-TND2PHMD.js   | simulation-decision-shell-component | 906.60 kB | 
chunk-FZE2VR4Y.js   | frontier-trading-routes             |  30.97 kB | 

Application bundle generation complete. [1.236 seconds] - 2026-09-04T01:27:56.818Z

Component update sent to client(s).
> Changes detected. Rebuilding...
√ Changes detected. Rebuilding...
Initial chunk files | Names                               |  Raw size
main.js             | main                                |   4.95 kB | 

Lazy chunk files    | Names                               |  Raw size
chunk-PGQ7Y7B4.js   | simulation-decision-shell-component | 916.32 kB | 
chunk-VSHM6ABO.js   | frontier-trading-routes             |  30.97 kB | 

Application bundle generation complete. [1.194 seconds] - 2026-09-04T01:27:58.016Z

Component update sent to client(s).
> Changes detected. Rebuilding...
√ Changes detected. Rebuilding...

No output file changes.

Application bundle generation complete. [1.224 seconds] - 2026-09-04T01:28:29.918Z

Component update sent to client(s).
> Changes detected. Rebuilding...
√ Changes detected. Rebuilding...
Initial chunk files | Names |  Raw size
main.js             | main  |   4.95 kB | 

Lazy chunk files    | Names |  Raw size
chunk-ZRL3GGUT.js   | index | 947.95 kB | 

Application bundle generation complete. [1.174 seconds] - 2026-09-04T01:34:01.833Z

Page reload sent to client(s).
> Changes detected. Rebuilding...
√ Changes detected. Rebuilding...
Initial chunk files | Names |  Raw size
main.js             | main  |   4.95 kB | 

Lazy chunk files    | Names |  Raw size
chunk-KWCYUKPZ.js   | index | 947.95 kB | 

Application bundle generation complete. [1.109 seconds] - 2026-09-04T01:34:04.641Z

Page reload sent to client(s).
> Changes detected. Rebuilding...
√ Changes detected. Rebuilding...
Initial chunk files | Names |  Raw size
main.js             | main  |   4.95 kB | 

Lazy chunk files    | Names |  Raw size
chunk-JNXOFSG3.js   | index | 946.73 kB | 

Application bundle generation complete. [1.317 seconds] - 2026-09-04T01:34:05.967Z

Component update sent to client(s).
> Changes detected. Rebuilding...
√ Changes detected. Rebuilding...
Initial chunk files | Names                               |  Raw size
main.js             | main                                |   4.95 kB | 

Lazy chunk files    | Names                               |  Raw size
chunk-XQADROOD.js   | simulation-decision-shell-component | 921.65 kB | 
chunk-N4S36NOA.js   | frontier-trading-routes             |  30.97 kB | 

Application bundle generation complete. [2.019 seconds] - 2026-09-04T01:35:39.680Z

Page reload sent to client(s).
> Changes detected. Rebuilding...
√ Changes detected. Rebuilding...
Initial chunk files | Names                               |  Raw size
main.js             | main                                |   4.95 kB | 

Lazy chunk files    | Names                               |  Raw size
chunk-BNZWNRZR.js   | simulation-decision-shell-component | 940.89 kB | 
chunk-CPWABHE3.js   | frontier-trading-routes             |  30.97 kB | 

Application bundle generation complete. [1.406 seconds] - 2026-09-04T01:35:41.090Z

Component update sent to client(s).
> Changes detected. Rebuilding...
√ Changes detected. Rebuilding...
Initial chunk files | Names                               |  Raw size
main.js             | main                                |   4.95 kB | 

Lazy chunk files    | Names                               |  Raw size
chunk-ZPOZETES.js   | simulation-decision-shell-component | 943.63 kB | 
chunk-XEWXMAIO.js   | frontier-trading-routes             |  30.97 kB | 

Application bundle generation complete. [1.155 seconds] - 2026-09-04T01:35:42.268Z

Component update sent to client(s).
> Changes detected. Rebuilding...
√ Changes detected. Rebuilding...
Initial chunk files | Names                               |  Raw size
main.js             | main                                |   4.95 kB | 

Lazy chunk files    | Names                               |  Raw size
chunk-T2ANUOXO.js   | simulation-decision-shell-component | 947.99 kB | 
chunk-A2QEPA6M.js   | frontier-trading-routes             |  30.97 kB | 

Application bundle generation complete. [1.105 seconds] - 2026-09-04T01:35:43.377Z

Component update sent to client(s).
> Changes detected. Rebuilding...
√ Changes detected. Rebuilding...
Initial chunk files | Names                               |  Raw size
main.js             | main                                |   4.95 kB | 

Lazy chunk files    | Names                               |  Raw size
chunk-O6AYDXOT.js   | simulation-decision-shell-component | 948.47 kB | 
chunk-5642MIFF.js   | frontier-trading-routes             |  30.97 kB | 

Application bundle generation complete. [0.942 seconds] - 2026-09-04T01:36:09.030Z

Page reload sent to client(s).
> Changes detected. Rebuilding...
√ Changes detected. Rebuilding...
Initial chunk files | Names                               |  Raw size
main.js             | main                                |   4.95 kB | 

Lazy chunk files    | Names                               |  Raw size
chunk-SFCNGPV5.js   | simulation-decision-shell-component | 948.24 kB | 
chunk-ICA54EO4.js   | frontier-trading-routes             |  30.97 kB | 

Application bundle generation complete. [1.894 seconds] - 2026-09-04T01:36:10.928Z

Component update sent to client(s).
> Changes detected. Rebuilding...
√ Changes detected. Rebuilding...
Initial chunk files | Names                               |  Raw size
main.js             | main                                |   4.95 kB | 

Lazy chunk files    | Names                               |  Raw size
chunk-RTRIZRCQ.js   | simulation-decision-shell-component | 948.08 kB | 
chunk-NMMG2VYI.js   | frontier-trading-routes             |  30.97 kB | 

Application bundle generation complete. [1.496 seconds] - 2026-09-04T01:36:12.431Z

Component update sent to client(s).
> Changes detected. Rebuilding...
√ Changes detected. Rebuilding...
Initial chunk files | Names                               |  Raw size
main.js             | main                                |   4.95 kB | 

Lazy chunk files    | Names                               |  Raw size
chunk-NIR3WLJR.js   | simulation-decision-shell-component | 948.96 kB | 
chunk-V7FPV4LH.js   | frontier-trading-routes             |  30.97 kB | 

Application bundle generation complete. [1.067 seconds] - 2026-09-04T01:36:13.503Z

Component update sent to client(s).
> Changes detected. Rebuilding...
√ Changes detected. Rebuilding...
Initial chunk files | Names                               |  Raw size
main.js             | main                                |   4.95 kB | 

Lazy chunk files    | Names                               |  Raw size
chunk-4LZYBWHM.js   | simulation-decision-shell-component | 949.41 kB | 
chunk-YFAFIOO5.js   | frontier-trading-routes             |  30.97 kB | 

Application bundle generation complete. [1.327 seconds] - 2026-09-04T01:39:26.723Z

Component update sent to client(s).
> Changes detected. Rebuilding...
√ Changes detected. Rebuilding...
Initial chunk files | Names                               |  Raw size
main.js             | main                                |   4.95 kB | 
chunk-VUJOFXKG.js   | -                                   | 987 bytes | 
styles.css          | styles                              |  96 bytes | 

                    | Initial total                       |   6.03 kB

Lazy chunk files    | Names                               |  Raw size
chunk-4LZYBWHM.js   | simulation-decision-shell-component | 949.41 kB | 
chunk-JNXOFSG3.js   | index                               | 946.73 kB | 
chunk-ZIXUSHB4.js   | -                                   |  45.24 kB | 
chunk-YFAFIOO5.js   | frontier-trading-routes             |  30.97 kB | 
chunk-MUGCG5TN.js   | project-home-component              |  27.94 kB | 

Application bundle generation complete. [0.067 seconds] - 2026-09-04T01:53:14.463Z

Page reload sent to client(s).
> Changes detected. Rebuilding...
√ Changes detected. Rebuilding...
Initial chunk files | Names                               |  Raw size
main.js             | main                                |   4.95 kB | 
chunk-VUJOFXKG.js   | -                                   | 987 bytes | 
styles.css          | styles                              |  96 bytes | 

                    | Initial total                       |   6.03 kB

Lazy chunk files    | Names                               |  Raw size
chunk-4LZYBWHM.js   | simulation-decision-shell-component | 949.41 kB | 
chunk-JNXOFSG3.js   | index                               | 946.73 kB | 
chunk-ZIXUSHB4.js   | -                                   |  45.24 kB | 
chunk-YFAFIOO5.js   | frontier-trading-routes             |  30.97 kB | 
chunk-MUGCG5TN.js   | project-home-component              |  27.94 kB | 

Application bundle generation complete. [0.048 seconds] - 2026-09-04T01:53:18.087Z

> Changes detected. Rebuilding...
√ Changes detected. Rebuilding...
Initial chunk files | Names                               |  Raw size
main.js             | main                                |   4.95 kB | 
chunk-VUJOFXKG.js   | -                                   | 987 bytes | 
styles.css          | styles                              |  96 bytes | 

                    | Initial total                       |   6.03 kB

Lazy chunk files    | Names                               |  Raw size
chunk-4LZYBWHM.js   | simulation-decision-shell-component | 949.41 kB | 
chunk-JNXOFSG3.js   | index                               | 946.73 kB | 
chunk-ZIXUSHB4.js   | -                                   |  45.24 kB | 
chunk-YFAFIOO5.js   | frontier-trading-routes             |  30.97 kB | 
chunk-MUGCG5TN.js   | project-home-component              |  27.94 kB | 

Application bundle generation complete. [0.043 seconds] - 2026-09-04T01:53:23.133Z

> Changes detected. Rebuilding...
√ Changes detected. Rebuilding...
Initial chunk files | Names                               |  Raw size
main.js             | main                                |   4.95 kB | 
chunk-VUJOFXKG.js   | -                                   | 987 bytes | 
styles.css          | styles                              |  96 bytes | 

                    | Initial total                       |   6.03 kB

Lazy chunk files    | Names                               |  Raw size
chunk-4LZYBWHM.js   | simulation-decision-shell-component | 949.41 kB | 
chunk-JNXOFSG3.js   | index                               | 946.73 kB | 
chunk-ZIXUSHB4.js   | -                                   |  45.24 kB | 
chunk-YFAFIOO5.js   | frontier-trading-routes             |  30.97 kB | 
chunk-MUGCG5TN.js   | project-home-component              |  27.94 kB | 

Application bundle generation complete. [0.056 seconds] - 2026-09-04T01:53:32.975Z

Page reload sent to client(s).
> Changes detected. Rebuilding...
√ Changes detected. Rebuilding...
Initial chunk files | Names                               |  Raw size
main.js             | main                                |   4.95 kB | 
chunk-VUJOFXKG.js   | -                                   | 987 bytes | 
styles.css          | styles                              |  96 bytes | 

                    | Initial total                       |   6.03 kB

Lazy chunk files    | Names                               |  Raw size
chunk-4LZYBWHM.js   | simulation-decision-shell-component | 949.41 kB | 
chunk-JNXOFSG3.js   | index                               | 946.73 kB | 
chunk-ZIXUSHB4.js   | -                                   |  45.24 kB | 
chunk-YFAFIOO5.js   | frontier-trading-routes             |  30.97 kB | 
chunk-MUGCG5TN.js   | project-home-component              |  27.94 kB | 

Application bundle generation complete. [0.049 seconds] - 2026-09-04T01:53:37.493Z

> Changes detected. Rebuilding...
√ Changes detected. Rebuilding...
Initial chunk files | Names                               |  Raw size
main.js             | main                                |   4.95 kB | 
chunk-VUJOFXKG.js   | -                                   | 987 bytes | 
styles.css          | styles                              |  96 bytes | 

                    | Initial total                       |   6.03 kB

Lazy chunk files    | Names                               |  Raw size
chunk-4LZYBWHM.js   | simulation-decision-shell-component | 949.41 kB | 
chunk-JNXOFSG3.js   | index                               | 946.73 kB | 
chunk-ZIXUSHB4.js   | -                                   |  45.24 kB | 
chunk-YFAFIOO5.js   | frontier-trading-routes             |  30.97 kB | 
chunk-MUGCG5TN.js   | project-home-component              |  27.94 kB | 

Application bundle generation complete. [0.044 seconds] - 2026-09-04T01:53:40.198Z

> Changes detected. Rebuilding...
√ Changes detected. Rebuilding...
Initial chunk files | Names                               |  Raw size
main.js             | main                                |   4.95 kB | 
chunk-VUJOFXKG.js   | -                                   | 987 bytes | 
styles.css          | styles                              |  96 bytes | 

                    | Initial total                       |   6.03 kB

Lazy chunk files    | Names                               |  Raw size
chunk-4LZYBWHM.js   | simulation-decision-shell-component | 949.41 kB | 
chunk-JNXOFSG3.js   | index                               | 946.73 kB | 
chunk-ZIXUSHB4.js   | -                                   |  45.24 kB | 
chunk-YFAFIOO5.js   | frontier-trading-routes             |  30.97 kB | 
chunk-MUGCG5TN.js   | project-home-component              |  27.94 kB | 

Application bundle generation complete. [0.059 seconds] - 2026-09-04T01:53:44.106Z

> Changes detected. Rebuilding...
√ Changes detected. Rebuilding...
Initial chunk files | Names                               |  Raw size
main.js             | main                                |   4.95 kB | 
chunk-VUJOFXKG.js   | -                                   | 987 bytes | 
styles.css          | styles                              |  96 bytes | 

                    | Initial total                       |   6.03 kB

Lazy chunk files    | Names                               |  Raw size
chunk-4LZYBWHM.js   | simulation-decision-shell-component | 949.41 kB | 
chunk-JNXOFSG3.js   | index                               | 946.73 kB | 
chunk-ZIXUSHB4.js   | -                                   |  45.24 kB | 
chunk-YFAFIOO5.js   | frontier-trading-routes             |  30.97 kB | 
chunk-MUGCG5TN.js   | project-home-component              |  27.94 kB | 

Application bundle generation complete. [0.051 seconds] - 2026-09-04T01:53:51.364Z

Page reload sent to client(s).
> Changes detected. Rebuilding...
√ Changes detected. Rebuilding...
Initial chunk files | Names                               |  Raw size
main.js             | main                                |   4.95 kB | 
chunk-VUJOFXKG.js   | -                                   | 987 bytes | 
styles.css          | styles                              |  96 bytes | 

                    | Initial total                       |   6.03 kB

Lazy chunk files    | Names                               |  Raw size
chunk-4LZYBWHM.js   | simulation-decision-shell-component | 949.41 kB | 
chunk-JNXOFSG3.js   | index                               | 946.73 kB | 
chunk-ZIXUSHB4.js   | -                                   |  45.24 kB | 
chunk-YFAFIOO5.js   | frontier-trading-routes             |  30.97 kB | 
chunk-MUGCG5TN.js   | project-home-component              |  27.94 kB | 

Application bundle generation complete. [0.045 seconds] - 2026-09-04T01:54:02.164Z

Page reload sent to client(s).
> Changes detected. Rebuilding...
√ Changes detected. Rebuilding...
Initial chunk files | Names                               |  Raw size
main.js             | main                                |   4.95 kB | 
chunk-VUJOFXKG.js   | -                                   | 987 bytes | 
styles.css          | styles                              |  96 bytes | 

                    | Initial total                       |   6.03 kB

Lazy chunk files    | Names                               |  Raw size
chunk-4LZYBWHM.js   | simulation-decision-shell-component | 949.41 kB | 
chunk-JNXOFSG3.js   | index                               | 946.73 kB | 
chunk-ZIXUSHB4.js   | -                                   |  45.24 kB | 
chunk-YFAFIOO5.js   | frontier-trading-routes             |  30.97 kB | 
chunk-MUGCG5TN.js   | project-home-component              |  27.94 kB | 

Application bundle generation complete. [0.053 seconds] - 2026-09-04T01:54:07.097Z

Page reload sent to client(s).
> Changes detected. Rebuilding...
√ Changes detected. Rebuilding...
Initial chunk files | Names                               |  Raw size
main.js             | main                                |   4.95 kB | 
chunk-VUJOFXKG.js   | -                                   | 987 bytes | 
styles.css          | styles                              |  96 bytes | 

                    | Initial total                       |   6.03 kB

Lazy chunk files    | Names                               |  Raw size
chunk-4LZYBWHM.js   | simulation-decision-shell-component | 949.41 kB | 
chunk-JNXOFSG3.js   | index                               | 946.73 kB | 
chunk-ZIXUSHB4.js   | -                                   |  45.24 kB | 
chunk-YFAFIOO5.js   | frontier-trading-routes             |  30.97 kB | 
chunk-MUGCG5TN.js   | project-home-component              |  27.94 kB | 

Application bundle generation complete. [0.044 seconds] - 2026-09-04T01:54:12.214Z

Page reload sent to client(s).
> Changes detected. Rebuilding...
√ Changes detected. Rebuilding...
Initial chunk files | Names                               |  Raw size
main.js             | main                                |   4.95 kB | 
chunk-VUJOFXKG.js   | -                                   | 987 bytes | 
styles.css          | styles                              |  96 bytes | 

                    | Initial total                       |   6.03 kB

Lazy chunk files    | Names                               |  Raw size
chunk-4LZYBWHM.js   | simulation-decision-shell-component | 949.41 kB | 
chunk-JNXOFSG3.js   | index                               | 946.73 kB | 
chunk-ZIXUSHB4.js   | -                                   |  45.24 kB | 
chunk-YFAFIOO5.js   | frontier-trading-routes             |  30.97 kB | 
chunk-MUGCG5TN.js   | project-home-component              |  27.94 kB | 

Application bundle generation complete. [0.059 seconds] - 2026-09-04T01:58:13.859Z

Page reload sent to client(s).
> Changes detected. Rebuilding...
√ Changes detected. Rebuilding...
Initial chunk files | Names                               |  Raw size
main.js             | main                                |   4.95 kB | 
chunk-VUJOFXKG.js   | -                                   | 987 bytes | 
styles.css          | styles                              |  96 bytes | 

                    | Initial total                       |   6.03 kB

Lazy chunk files    | Names                               |  Raw size
chunk-4LZYBWHM.js   | simulation-decision-shell-component | 949.41 kB | 
chunk-JNXOFSG3.js   | index                               | 946.73 kB | 
chunk-ZIXUSHB4.js   | -                                   |  45.24 kB | 
chunk-YFAFIOO5.js   | frontier-trading-routes             |  30.97 kB | 
chunk-MUGCG5TN.js   | project-home-component              |  27.94 kB | 

Application bundle generation complete. [0.041 seconds] - 2026-09-04T01:58:14.183Z

Page reload sent to client(s).
> Changes detected. Rebuilding...
√ Changes detected. Rebuilding...
Initial chunk files | Names |  Raw size
main.js             | main  |   4.95 kB | 

Lazy chunk files    | Names |  Raw size
chunk-5QDVKXSQ.js   | index | 947.19 kB | 

Application bundle generation complete. [1.324 seconds] - 2026-09-04T01:58:37.171Z

Page reload sent to client(s).
> Changes detected. Rebuilding...
√ Changes detected. Rebuilding...
Initial chunk files | Names |  Raw size
main.js             | main  |   4.95 kB | 

Lazy chunk files    | Names |  Raw size
chunk-Y3UGDCXC.js   | index | 950.14 kB | 

Application bundle generation complete. [0.769 seconds] - 2026-09-04T01:59:11.031Z

Component update sent to client(s).
> Changes detected. Rebuilding...
√ Changes detected. Rebuilding...
Initial chunk files | Names |  Raw size
main.js             | main  |   4.95 kB | 

Lazy chunk files    | Names |  Raw size
chunk-3W2WMIHJ.js   | index | 952.32 kB | 

Application bundle generation complete. [1.058 seconds] - 2026-09-04T01:59:37.082Z

Component update sent to client(s).
> Changes detected. Rebuilding...
√ Changes detected. Rebuilding...
Initial chunk files | Names |  Raw size
main.js             | main  |   4.95 kB | 

Lazy chunk files    | Names |  Raw size
chunk-QLOVUTJ2.js   | index | 952.32 kB | 

Application bundle generation complete. [0.686 seconds] - 2026-09-04T01:59:38.695Z

Page reload sent to client(s).
> Changes detected. Rebuilding...
√ Changes detected. Rebuilding...
Initial chunk files | Names |  Raw size
main.js             | main  |   4.95 kB | 

Lazy chunk files    | Names |  Raw size
chunk-FQB6DA6C.js   | index | 950.89 kB | 

Application bundle generation complete. [1.350 seconds] - 2026-09-04T01:59:40.228Z

Page reload sent to client(s).
> Changes detected. Rebuilding...
√ Changes detected. Rebuilding...
Application bundle generation failed. [1.877 seconds] - 2026-09-04T04:00:04.708Z

> Changes detected. Rebuilding...
√ Changes detected. Rebuilding...
Initial chunk files | Names                               |  Raw size
main.js             | main                                |   4.95 kB | 
chunk-VUJOFXKG.js   | -                                   | 987 bytes | 
styles.css          | styles                              |  96 bytes | 

                    | Initial total                       |   6.03 kB

Lazy chunk files    | Names                               |  Raw size
chunk-FQB6DA6C.js   | index                               | 950.89 kB | 
chunk-LCUW523Z.js   | simulation-decision-shell-component | 949.41 kB | 
chunk-UGNPBV3V.js   | -                                   |  46.09 kB | 
chunk-77BRROXP.js   | frontier-trading-routes             |  29.95 kB | 
chunk-MUGCG5TN.js   | project-home-component              |  27.94 kB | 

Application bundle generation complete. [0.987 seconds] - 2026-09-04T04:00:05.703Z

Page reload sent to client(s).
> Changes detected. Rebuilding...
√ Changes detected. Rebuilding...
Application bundle generation failed. [0.665 seconds] - 2026-09-04T04:01:13.029Z

> Changes detected. Rebuilding...
√ Changes detected. Rebuilding...
Initial chunk files | Names                               |  Raw size
main.js             | main                                |   4.95 kB | 
chunk-VUJOFXKG.js   | -                                   | 987 bytes | 
styles.css          | styles                              |  96 bytes | 

                    | Initial total                       |   6.03 kB

Lazy chunk files    | Names                               |  Raw size
chunk-NMFFARU2.js   | simulation-decision-shell-component | 952.73 kB | 
chunk-FQB6DA6C.js   | index                               | 950.89 kB | 
chunk-UGNPBV3V.js   | -                                   |  46.09 kB | 
chunk-V5XLCWW7.js   | frontier-trading-routes             |  29.95 kB | 
chunk-MUGCG5TN.js   | project-home-component              |  27.94 kB | 

Application bundle generation complete. [0.776 seconds] - 2026-09-04T04:01:52.846Z

Page reload sent to client(s).
> Changes detected. Rebuilding...
√ Changes detected. Rebuilding...
Initial chunk files | Names                               |  Raw size
main.js             | main                                |   4.95 kB | 

Lazy chunk files    | Names                               |  Raw size
chunk-2FYRLMIB.js   | simulation-decision-shell-component | 954.84 kB | 
chunk-ULTHKKXC.js   | frontier-trading-routes             |  29.95 kB | 

Application bundle generation complete. [0.630 seconds] - 2026-09-04T04:02:09.030Z

Component update sent to client(s).
> Changes detected. Rebuilding...
√ Changes detected. Rebuilding...
Initial chunk files | Names                               |  Raw size
main.js             | main                                |   4.95 kB | 

Lazy chunk files    | Names                               |  Raw size
chunk-5TZPJGSZ.js   | simulation-decision-shell-component | 956.21 kB | 
chunk-I2LD4C6T.js   | frontier-trading-routes             |  29.95 kB | 

Application bundle generation complete. [1.162 seconds] - 2026-09-04T04:02:34.528Z

Page reload sent to client(s).
> Changes detected. Rebuilding...
√ Changes detected. Rebuilding...
Initial chunk files | Names                               |  Raw size
main.js             | main                                |   4.95 kB | 

Lazy chunk files    | Names                               |  Raw size
chunk-JBMNILUD.js   | simulation-decision-shell-component | 958.26 kB | 
chunk-VJA4CBAG.js   | frontier-trading-routes             |  29.95 kB | 

Application bundle generation complete. [1.076 seconds] - 2026-09-04T04:03:09.534Z

Component update sent to client(s).
> Changes detected. Rebuilding...
√ Changes detected. Rebuilding...
Initial chunk files | Names                               |  Raw size
main.js             | main                                |   4.95 kB | 

Lazy chunk files    | Names                               |  Raw size
chunk-PQXBXLZE.js   | simulation-decision-shell-component | 958.50 kB | 
chunk-AG2MV2E6.js   | frontier-trading-routes             |  29.95 kB | 

Application bundle generation complete. [1.554 seconds] - 2026-09-04T04:03:27.808Z

Page reload sent to client(s).
> Changes detected. Rebuilding...
√ Changes detected. Rebuilding...
Initial chunk files | Names                               |  Raw size
main.js             | main                                |   4.95 kB | 

Lazy chunk files    | Names                               |  Raw size
chunk-AK54LTUD.js   | simulation-decision-shell-component | 959.93 kB | 
chunk-JZLPNANT.js   | frontier-trading-routes             |  29.95 kB | 

Application bundle generation complete. [1.196 seconds] - 2026-09-04T04:03:29.020Z

Component update sent to client(s).
> Changes detected. Rebuilding...
√ Changes detected. Rebuilding...
Initial chunk files | Names                               |  Raw size
main.js             | main                                |   4.95 kB | 

Lazy chunk files    | Names                               |  Raw size
chunk-5GHF72RG.js   | simulation-decision-shell-component | 959.93 kB | 
chunk-IQTQYYDT.js   | -                                   |  46.31 kB | 
chunk-NRZ6MKBX.js   | frontier-trading-routes             |  29.95 kB | 

Application bundle generation complete. [0.576 seconds] - 2026-09-04T04:03:36.554Z

Page reload sent to client(s).
> Changes detected. Rebuilding...
√ Changes detected. Rebuilding...
Initial chunk files | Names                               |  Raw size
main.js             | main                                |   4.95 kB | 
chunk-VUJOFXKG.js   | -                                   | 987 bytes | 
styles.css          | styles                              |  96 bytes | 

                    | Initial total                       |   6.03 kB

Lazy chunk files    | Names                               |  Raw size
chunk-5GHF72RG.js   | simulation-decision-shell-component | 959.93 kB | 
chunk-FQB6DA6C.js   | index                               | 950.89 kB | 
chunk-IQTQYYDT.js   | -                                   |  46.31 kB | 
chunk-NRZ6MKBX.js   | frontier-trading-routes             |  29.95 kB | 
chunk-MUGCG5TN.js   | project-home-component              |  27.94 kB | 

Application bundle generation complete. [0.080 seconds] - 2026-09-04T04:03:53.038Z

> Changes detected. Rebuilding...
√ Changes detected. Rebuilding...
Initial chunk files | Names                               |  Raw size
main.js             | main                                |   4.95 kB | 

Lazy chunk files    | Names                               |  Raw size
chunk-JJK3Y345.js   | simulation-decision-shell-component | 960.16 kB | 
chunk-RVB7HDBX.js   | frontier-trading-routes             |  29.95 kB | 

Application bundle generation complete. [0.772 seconds] - 2026-09-04T04:03:59.254Z

Page reload sent to client(s).
> Changes detected. Rebuilding...
√ Changes detected. Rebuilding...
Initial chunk files | Names                               |  Raw size
main.js             | main                                |   4.95 kB | 
chunk-VUJOFXKG.js   | -                                   | 987 bytes | 
styles.css          | styles                              |  96 bytes | 

                    | Initial total                       |   6.03 kB

Lazy chunk files    | Names                               |  Raw size
chunk-JJK3Y345.js   | simulation-decision-shell-component | 960.16 kB | 
chunk-FQB6DA6C.js   | index                               | 950.89 kB | 
chunk-IQTQYYDT.js   | -                                   |  46.31 kB | 
chunk-RVB7HDBX.js   | frontier-trading-routes             |  29.95 kB | 
chunk-MUGCG5TN.js   | project-home-component              |  27.94 kB | 

Application bundle generation complete. [0.059 seconds] - 2026-09-04T04:04:04.308Z

Page reload sent to client(s).
> Changes detected. Rebuilding...
√ Changes detected. Rebuilding...
Initial chunk files | Names                               |  Raw size
main.js             | main                                |   4.95 kB | 

Lazy chunk files    | Names                               |  Raw size
chunk-MVME75WB.js   | simulation-decision-shell-component | 960.17 kB | 
chunk-PVDB4QQY.js   | frontier-trading-routes             |  29.95 kB | 

Application bundle generation complete. [0.753 seconds] - 2026-09-04T04:04:05.869Z

Component update sent to client(s).
> Changes detected. Rebuilding...
√ Changes detected. Rebuilding...
Initial chunk files | Names                               |  Raw size
main.js             | main                                |   4.95 kB | 
chunk-VUJOFXKG.js   | -                                   | 987 bytes | 
styles.css          | styles                              |  96 bytes | 

                    | Initial total                       |   6.03 kB

Lazy chunk files    | Names                               |  Raw size
chunk-MVME75WB.js   | simulation-decision-shell-component | 960.17 kB | 
chunk-FQB6DA6C.js   | index                               | 950.89 kB | 
chunk-IQTQYYDT.js   | -                                   |  46.31 kB | 
chunk-PVDB4QQY.js   | frontier-trading-routes             |  29.95 kB | 
chunk-MUGCG5TN.js   | project-home-component              |  27.94 kB | 

Application bundle generation complete. [0.065 seconds] - 2026-09-04T04:04:16.790Z

> Changes detected. Rebuilding...
√ Changes detected. Rebuilding...
Initial chunk files | Names                               |  Raw size
main.js             | main                                |   4.95 kB | 
chunk-VUJOFXKG.js   | -                                   | 987 bytes | 
styles.css          | styles                              |  96 bytes | 

                    | Initial total                       |   6.03 kB

Lazy chunk files    | Names                               |  Raw size
chunk-MVME75WB.js   | simulation-decision-shell-component | 960.17 kB | 
chunk-FQB6DA6C.js   | index                               | 950.89 kB | 
chunk-IQTQYYDT.js   | -                                   |  46.31 kB | 
chunk-PVDB4QQY.js   | frontier-trading-routes             |  29.95 kB | 
chunk-MUGCG5TN.js   | project-home-component              |  27.94 kB | 

Application bundle generation complete. [0.045 seconds] - 2026-09-04T04:04:24.636Z

Page reload sent to client(s).
> Changes detected. Rebuilding...
√ Changes detected. Rebuilding...
Initial chunk files | Names                               |  Raw size
main.js             | main                                |   4.95 kB | 
chunk-VUJOFXKG.js   | -                                   | 987 bytes | 
styles.css          | styles                              |  96 bytes | 

                    | Initial total                       |   6.03 kB

Lazy chunk files    | Names                               |  Raw size
chunk-MVME75WB.js   | simulation-decision-shell-component | 960.17 kB | 
chunk-FQB6DA6C.js   | index                               | 950.89 kB | 
chunk-IQTQYYDT.js   | -                                   |  46.31 kB | 
chunk-PVDB4QQY.js   | frontier-trading-routes             |  29.95 kB | 
chunk-MUGCG5TN.js   | project-home-component              |  27.94 kB | 

Application bundle generation complete. [0.071 seconds] - 2026-09-04T04:04:33.659Z

> Changes detected. Rebuilding...
√ Changes detected. Rebuilding...
Initial chunk files | Names                               |  Raw size
main.js             | main                                |   4.95 kB | 

Lazy chunk files    | Names                               |  Raw size
chunk-OKFFTCMQ.js   | simulation-decision-shell-component | 963.38 kB | 
chunk-W5KR2ZHH.js   | frontier-trading-routes             |  29.95 kB | 

Application bundle generation complete. [0.889 seconds] - 2026-09-04T04:04:37.443Z

Component update sent to client(s).
> Changes detected. Rebuilding...
√ Changes detected. Rebuilding...
Initial chunk files | Names                               |  Raw size
main.js             | main                                |   4.95 kB | 

Lazy chunk files    | Names                               |  Raw size
chunk-QLMPWSBX.js   | simulation-decision-shell-component | 965.21 kB | 
chunk-QZX25ZCO.js   | frontier-trading-routes             |  29.95 kB | 

Application bundle generation complete. [1.059 seconds] - 2026-09-04T04:04:57.179Z

Component update sent to client(s).
> Changes detected. Rebuilding...
√ Changes detected. Rebuilding...
Initial chunk files | Names                               |  Raw size
main.js             | main                                |   4.95 kB | 

Lazy chunk files    | Names                               |  Raw size
chunk-U6LIGTEH.js   | simulation-decision-shell-component | 966.71 kB | 
chunk-UOI3DDVP.js   | frontier-trading-routes             |  29.95 kB | 

Application bundle generation complete. [1.880 seconds] - 2026-09-04T04:05:21.150Z

Page reload sent to client(s).
> Changes detected. Rebuilding...
√ Changes detected. Rebuilding...
Initial chunk files | Names                               |  Raw size
main.js             | main                                |   4.95 kB | 

Lazy chunk files    | Names                               |  Raw size
chunk-6YQPLQY6.js   | simulation-decision-shell-component | 967.68 kB | 
chunk-EKO2VS6R.js   | frontier-trading-routes             |  29.95 kB | 

Application bundle generation complete. [0.887 seconds] - 2026-09-04T04:05:42.515Z

Component update sent to client(s).
> Changes detected. Rebuilding...
√ Changes detected. Rebuilding...
Initial chunk files | Names                               |  Raw size
main.js             | main                                |   4.95 kB | 

Lazy chunk files    | Names                               |  Raw size
chunk-A76W3MLB.js   | simulation-decision-shell-component | 967.67 kB | 
chunk-KZPDHFS5.js   | frontier-trading-routes             |  29.95 kB | 

Application bundle generation complete. [0.986 seconds] - 2026-09-04T04:05:55.911Z

Component update sent to client(s).
> Changes detected. Rebuilding...
√ Changes detected. Rebuilding...
Initial chunk files | Names                               |  Raw size
main.js             | main                                |   4.95 kB | 

Lazy chunk files    | Names                               |  Raw size
chunk-MY453SXS.js   | simulation-decision-shell-component | 967.69 kB | 
chunk-EC6G4326.js   | frontier-trading-routes             |  29.95 kB | 

Application bundle generation complete. [0.655 seconds] - 2026-09-04T04:06:04.919Z

Component update sent to client(s).
> Changes detected. Rebuilding...
√ Changes detected. Rebuilding...
Initial chunk files | Names |  Raw size
main.js             | main  |   4.95 kB | 

Lazy chunk files    | Names |  Raw size
chunk-XZDUZFS2.js   | index | 952.34 kB | 

Application bundle generation complete. [1.308 seconds] - 2026-09-04T04:07:54.184Z

Page reload sent to client(s).
> Changes detected. Rebuilding...
√ Changes detected. Rebuilding...
Initial chunk files | Names |  Raw size
main.js             | main  |   4.95 kB | 

Lazy chunk files    | Names |  Raw size
chunk-7OKLUAAQ.js   | index | 952.34 kB | 

Application bundle generation complete. [0.964 seconds] - 2026-09-04T04:08:02.097Z

Page reload sent to client(s).
> Changes detected. Rebuilding...
√ Changes detected. Rebuilding...
Initial chunk files | Names |  Raw size
main.js             | main  |   4.95 kB | 

Lazy chunk files    | Names |  Raw size
chunk-3Q3BDTRD.js   | index | 950.90 kB | 

Application bundle generation complete. [1.488 seconds] - 2026-09-04T04:08:03.589Z

Page reload sent to client(s).
> Changes detected. Rebuilding...
√ Changes detected. Rebuilding...
Initial chunk files | Names                               |  Raw size
main.js             | main                                |   4.95 kB | 

Lazy chunk files    | Names                               |  Raw size
chunk-ACDH5ZDY.js   | simulation-decision-shell-component | 966.83 kB | 
chunk-NQX3K7D6.js   | frontier-trading-routes             |  29.95 kB | 

Application bundle generation complete. [1.553 seconds] - 2026-09-04T04:10:06.596Z

Page reload sent to client(s).
> Changes detected. Rebuilding...
√ Changes detected. Rebuilding...
Initial chunk files | Names                               |  Raw size
main.js             | main                                |   4.95 kB | 

Lazy chunk files    | Names                               |  Raw size
chunk-QWE5HI37.js   | simulation-decision-shell-component | 966.75 kB | 
chunk-MHBTC5QF.js   | frontier-trading-routes             |  29.90 kB | 

Application bundle generation complete. [1.023 seconds] - 2026-09-04T04:10:07.622Z

Page reload sent to client(s).
> Changes detected. Rebuilding...
√ Changes detected. Rebuilding...
Initial chunk files | Names                               |  Raw size
main.js             | main                                |   4.95 kB | 

Lazy chunk files    | Names                               |  Raw size
chunk-D5CNXVZ5.js   | simulation-decision-shell-component | 966.68 kB | 
chunk-7UKKNIAC.js   | frontier-trading-routes             |  29.90 kB | 

Application bundle generation complete. [0.860 seconds] - 2026-09-04T04:10:08.493Z

Component update sent to client(s).
> Changes detected. Rebuilding...
√ Changes detected. Rebuilding...
Initial chunk files | Names                               |  Raw size
main.js             | main                                |   4.95 kB | 

Lazy chunk files    | Names                               |  Raw size
chunk-JJWICNKW.js   | simulation-decision-shell-component | 966.71 kB | 
chunk-Y3YHTWDL.js   | frontier-trading-routes             |  29.90 kB | 

Application bundle generation complete. [0.789 seconds] - 2026-09-04T04:10:09.289Z

Component update sent to client(s).
> Changes detected. Rebuilding...
√ Changes detected. Rebuilding...
Initial chunk files | Names                               |  Raw size
main.js             | main                                |   4.95 kB | 

Lazy chunk files    | Names                               |  Raw size
chunk-KAKLINPU.js   | simulation-decision-shell-component | 966.73 kB | 
chunk-SKNNQIV5.js   | frontier-trading-routes             |  29.90 kB | 

Application bundle generation complete. [0.525 seconds] - 2026-09-04T04:10:09.817Z

Component update sent to client(s).
> Changes detected. Rebuilding...
√ Changes detected. Rebuilding...
Initial chunk files | Names                               |  Raw size
main.js             | main                                |   4.95 kB | 

Lazy chunk files    | Names                               |  Raw size
chunk-UBER52DV.js   | simulation-decision-shell-component | 966.75 kB | 
chunk-T5DC7SY5.js   | frontier-trading-routes             |  29.90 kB | 

Application bundle generation complete. [0.849 seconds] - 2026-09-04T04:10:10.670Z

Page reload sent to client(s).
> Changes detected. Rebuilding...
√ Changes detected. Rebuilding...
Initial chunk files | Names                               |  Raw size
main.js             | main                                |   4.95 kB | 

Lazy chunk files    | Names                               |  Raw size
chunk-GJSTSOYY.js   | simulation-decision-shell-component | 966.95 kB | 
chunk-HLIRQBTU.js   | frontier-trading-routes             |  29.90 kB | 

Application bundle generation complete. [1.099 seconds] - 2026-09-04T04:10:11.772Z

Page reload sent to client(s).
> Changes detected. Rebuilding...
√ Changes detected. Rebuilding...
Initial chunk files | Names                               |  Raw size
main.js             | main                                |   4.95 kB | 

Lazy chunk files    | Names                               |  Raw size
chunk-JOS6TS42.js   | simulation-decision-shell-component | 966.96 kB | 
chunk-UEINTQPZ.js   | frontier-trading-routes             |  29.90 kB | 

Application bundle generation complete. [0.934 seconds] - 2026-09-04T04:13:01.649Z

Component update sent to client(s).
> Changes detected. Rebuilding...
√ Changes detected. Rebuilding...
Initial chunk files | Names                               |  Raw size
main.js             | main                                |   4.95 kB | 

Lazy chunk files    | Names                               |  Raw size
chunk-WTGRYQ2U.js   | simulation-decision-shell-component | 966.99 kB | 
chunk-JACHTIJY.js   | frontier-trading-routes             |  29.90 kB | 

Application bundle generation complete. [0.887 seconds] - 2026-09-04T04:13:02.540Z

Component update sent to client(s).
> Changes detected. Rebuilding...
√ Changes detected. Rebuilding...
Initial chunk files | Names                               |  Raw size
main.js             | main                                |   4.95 kB | 

Lazy chunk files    | Names                               |  Raw size
chunk-NKPRQTAW.js   | simulation-decision-shell-component | 966.99 kB | 
chunk-ISFCQ4KR.js   | -                                   |  46.30 kB | 
chunk-S64MUIN6.js   | frontier-trading-routes             |  29.90 kB | 

Application bundle generation complete. [0.920 seconds] - 2026-09-04T04:15:42.934Z

Page reload sent to client(s).
> Changes detected. Rebuilding...
√ Changes detected. Rebuilding...
Initial chunk files | Names                               |  Raw size
main.js             | main                                |   4.95 kB | 

Lazy chunk files    | Names                               |  Raw size
chunk-QHWGQWB5.js   | simulation-decision-shell-component | 966.99 kB | 
chunk-XWXDCUMQ.js   | frontier-trading-routes             |  29.90 kB | 

Application bundle generation complete. [0.976 seconds] - 2026-09-04T04:15:44.542Z

Component update sent to client(s).
> Changes detected. Rebuilding...
√ Changes detected. Rebuilding...
Initial chunk files | Names                               |  Raw size
main.js             | main                                |   4.95 kB | 

Lazy chunk files    | Names                               |  Raw size
chunk-OL2TA7H6.js   | simulation-decision-shell-component | 967.00 kB | 
chunk-CPF3LOGM.js   | frontier-trading-routes             |  29.90 kB | 

Application bundle generation complete. [0.962 seconds] - 2026-09-04T04:15:45.608Z

Component update sent to client(s).
> Changes detected. Rebuilding...
√ Changes detected. Rebuilding...
Initial chunk files | Names                               |  Raw size
main.js             | main                                |   4.95 kB | 

Lazy chunk files    | Names                               |  Raw size
chunk-47ZPFTEF.js   | simulation-decision-shell-component | 966.99 kB | 
chunk-JE3GYF4D.js   | frontier-trading-routes             |  29.90 kB | 

Application bundle generation complete. [1.230 seconds] - 2026-09-04T04:15:46.844Z

Component update sent to client(s).
> Changes detected. Rebuilding...
√ Changes detected. Rebuilding...
Initial chunk files | Names                               |  Raw size
main.js             | main                                |   4.95 kB | 

Lazy chunk files    | Names                               |  Raw size
chunk-ZL7QHE5R.js   | simulation-decision-shell-component | 967.00 kB | 
chunk-LU5J5PHG.js   | frontier-trading-routes             |  29.90 kB | 

Application bundle generation complete. [1.018 seconds] - 2026-09-04T04:15:47.868Z

Component update sent to client(s).
> Changes detected. Rebuilding...
√ Changes detected. Rebuilding...
Initial chunk files | Names                               |  Raw size
main.js             | main                                |   4.95 kB | 

Lazy chunk files    | Names                               |  Raw size
chunk-ZY5JE5OJ.js   | simulation-decision-shell-component | 967.00 kB | 
chunk-QOUUABIR.js   | frontier-trading-routes             |  29.90 kB | 

Application bundle generation complete. [0.520 seconds] - 2026-09-04T04:15:48.392Z

Component update sent to client(s).
> Changes detected. Rebuilding...
√ Changes detected. Rebuilding...
Application bundle generation failed. [3.517 seconds] - 2026-09-04T04:46:12.474Z

> Changes detected. Rebuilding...
√ Changes detected. Rebuilding...
Application bundle generation failed. [0.695 seconds] - 2026-09-04T04:46:13.241Z

> Changes detected. Rebuilding...
√ Changes detected. Rebuilding...
Application bundle generation failed. [0.563 seconds] - 2026-09-04T04:46:39.297Z

> Changes detected. Rebuilding...
√ Changes detected. Rebuilding...
Application bundle generation failed. [0.536 seconds] - 2026-09-04T04:46:39.838Z

> Changes detected. Rebuilding...
√ Changes detected. Rebuilding...
Application bundle generation failed. [0.709 seconds] - 2026-09-04T04:46:43.321Z

> Changes detected. Rebuilding...
√ Changes detected. Rebuilding...
Application bundle generation failed. [0.857 seconds] - 2026-09-04T04:47:08.129Z

> Changes detected. Rebuilding...
√ Changes detected. Rebuilding...
Application bundle generation failed. [0.227 seconds] - 2026-09-04T04:47:15.727Z

> Changes detected. Rebuilding...
√ Changes detected. Rebuilding...
Application bundle generation failed. [1.192 seconds] - 2026-09-04T04:47:16.995Z

> Changes detected. Rebuilding...
√ Changes detected. Rebuilding...
Application bundle generation failed. [2.994 seconds] - 2026-09-04T04:47:48.684Z

> Changes detected. Rebuilding...
√ Changes detected. Rebuilding...
Application bundle generation failed. [1.351 seconds] - 2026-09-04T04:47:50.063Z

> Changes detected. Rebuilding...
√ Changes detected. Rebuilding...
Application bundle generation failed. [1.199 seconds] - 2026-09-04T04:48:19.968Z

> Changes detected. Rebuilding...
√ Changes detected. Rebuilding...
Application bundle generation failed. [0.343 seconds] - 2026-09-04T04:48:20.677Z

> Changes detected. Rebuilding...
√ Changes detected. Rebuilding...
Application bundle generation failed. [0.911 seconds] - 2026-09-04T04:48:31.992Z

> Changes detected. Rebuilding...
√ Changes detected. Rebuilding...
Application bundle generation failed. [1.282 seconds] - 2026-09-04T04:49:01.047Z

> Changes detected. Rebuilding...
√ Changes detected. Rebuilding...
Application bundle generation failed. [1.411 seconds] - 2026-09-04T04:49:02.469Z

> Changes detected. Rebuilding...
√ Changes detected. Rebuilding...
Application bundle generation failed. [0.632 seconds] - 2026-09-04T04:49:03.106Z

> Changes detected. Rebuilding...
√ Changes detected. Rebuilding...
Application bundle generation failed. [0.570 seconds] - 2026-09-04T04:49:03.686Z

> Changes detected. Rebuilding...
√ Changes detected. Rebuilding...
Application bundle generation failed. [0.572 seconds] - 2026-09-04T04:49:18.056Z

> Changes detected. Rebuilding...
√ Changes detected. Rebuilding...
Application bundle generation failed. [1.741 seconds] - 2026-09-04T04:49:28.790Z

> Changes detected. Rebuilding...
√ Changes detected. Rebuilding...
Application bundle generation failed. [0.488 seconds] - 2026-09-04T04:50:00.981Z

> Changes detected. Rebuilding...
√ Changes detected. Rebuilding...
Application bundle generation failed. [0.542 seconds] - 2026-09-04T04:50:35.949Z

> Changes detected. Rebuilding...
√ Changes detected. Rebuilding...
Application bundle generation failed. [0.405 seconds] - 2026-09-04T04:50:36.359Z

> Changes detected. Rebuilding...
√ Changes detected. Rebuilding...
Initial chunk files | Names                               |  Raw size
main.js             | main                                |   5.17 kB | 
chunk-VUJOFXKG.js   | -                                   | 987 bytes | 
styles.css          | styles                              |  96 bytes | 

                    | Initial total                       |   6.25 kB

Lazy chunk files    | Names                               |  Raw size
chunk-BYBOBCJB.js   | simulation-decision-shell-component | 992.23 kB | 
chunk-43LZQPPS.js   | index                               | 950.98 kB | 
chunk-ZDYJJZVE.js   | exhibit-hall-page-component         | 259.38 kB | 
chunk-INBBXT7S.js   | -                                   |  55.30 kB | 
chunk-S6MMQWBN.js   | -                                   |  48.43 kB | 
chunk-TUGBNE4Y.js   | class-exhibit-hall-routes           |  40.03 kB | 
chunk-X4SXMZFY.js   | frontier-trading-routes             |  29.98 kB | 
chunk-MPUGTCII.js   | project-home-component              |  29.87 kB | 

Application bundle generation complete. [0.365 seconds] - 2026-09-04T04:50:36.729Z

Page reload sent to client(s).
> Changes detected. Rebuilding...
√ Changes detected. Rebuilding...
Initial chunk files | Names                       |  Raw size
main.js             | main                        |   5.17 kB | 

Lazy chunk files    | Names                       |  Raw size
chunk-6BNSXDBF.js   | exhibit-hall-page-component | 259.37 kB | 
chunk-CL4GGHV3.js   | class-exhibit-hall-routes   |  40.03 kB | 

Application bundle generation complete. [0.855 seconds] - 2026-09-04T04:50:37.593Z

Component update sent to client(s).
> Changes detected. Rebuilding...
√ Changes detected. Rebuilding...
Initial chunk files | Names                     | Raw size
main.js             | main                      |  5.17 kB | 

Lazy chunk files    | Names                     | Raw size
chunk-CWEOISZU.js   | class-exhibit-hall-routes | 40.03 kB | 

Application bundle generation complete. [0.487 seconds] - 2026-09-04T04:50:38.095Z

Component update sent to client(s).
> Changes detected. Rebuilding...
√ Changes detected. Rebuilding...
Initial chunk files | Names                               |  Raw size
main.js             | main                                |   5.17 kB | 

Lazy chunk files    | Names                               |  Raw size
chunk-5DZVOAIN.js   | simulation-decision-shell-component | 993.07 kB | 
chunk-ZF5BAGC7.js   | frontier-trading-routes             |  29.98 kB | 

Application bundle generation complete. [1.197 seconds] - 2026-09-04T04:51:29.666Z

Page reload sent to client(s).
> Changes detected. Rebuilding...
√ Changes detected. Rebuilding...
Initial chunk files | Names                               |  Raw size
main.js             | main                                |   5.17 kB | 

Lazy chunk files    | Names                               |  Raw size
chunk-6PJ4OW6H.js   | simulation-decision-shell-component | 997.29 kB | 
chunk-3E4NOYX3.js   | frontier-trading-routes             |  29.98 kB | 

Application bundle generation complete. [1.332 seconds] - 2026-09-04T04:51:31.006Z

Component update sent to client(s).
> Changes detected. Rebuilding...
√ Changes detected. Rebuilding...
Initial chunk files | Names                               |  Raw size
main.js             | main                                |   5.17 kB | 

Lazy chunk files    | Names                               |  Raw size
chunk-BGDASYXU.js   | simulation-decision-shell-component | 999.11 kB | 
chunk-CA5DPW4E.js   | frontier-trading-routes             |  30.01 kB | 

Application bundle generation complete. [1.075 seconds] - 2026-09-04T04:51:32.087Z

Page reload sent to client(s).
> Changes detected. Rebuilding...
√ Changes detected. Rebuilding...
Initial chunk files | Names                               |  Raw size
main.js             | main                                |   5.17 kB | 

Lazy chunk files    | Names                               |  Raw size
chunk-FMXP3RFT.js   | simulation-decision-shell-component | 999.12 kB | 
chunk-DL5QDBXZ.js   | frontier-trading-routes             |  30.01 kB | 

Application bundle generation complete. [1.021 seconds] - 2026-09-04T04:51:33.113Z

Page reload sent to client(s).
> Changes detected. Rebuilding...
√ Changes detected. Rebuilding...
Initial chunk files | Names                       |  Raw size
main.js             | main                        |   5.17 kB | 

Lazy chunk files    | Names                       |  Raw size
chunk-FFMAJJZF.js   | exhibit-hall-page-component | 259.37 kB | 
chunk-YF7MAZKR.js   | -                           |  55.38 kB | 
chunk-ML7R4RDR.js   | class-exhibit-hall-routes   |  40.03 kB | 

Application bundle generation complete. [0.430 seconds] - 2026-09-04T04:53:12.731Z

Page reload sent to client(s).
> Changes detected. Rebuilding...
√ Changes detected. Rebuilding...
Initial chunk files | Names                               |  Raw size
main.js             | main                                |   5.17 kB | 
chunk-VUJOFXKG.js   | -                                   | 987 bytes | 
styles.css          | styles                              |  96 bytes | 

                    | Initial total                       |   6.25 kB

Lazy chunk files    | Names                               |  Raw size
chunk-FMXP3RFT.js   | simulation-decision-shell-component | 999.12 kB | 
chunk-43LZQPPS.js   | index                               | 950.98 kB | 
chunk-FFMAJJZF.js   | exhibit-hall-page-component         | 259.37 kB | 
chunk-YF7MAZKR.js   | -                                   |  55.38 kB | 
chunk-S6MMQWBN.js   | -                                   |  48.43 kB | 
chunk-ML7R4RDR.js   | class-exhibit-hall-routes           |  40.03 kB | 
chunk-DL5QDBXZ.js   | frontier-trading-routes             |  30.01 kB | 
chunk-MPUGTCII.js   | project-home-component              |  29.87 kB | 

Application bundle generation complete. [0.533 seconds] - 2026-09-04T04:53:53.289Z

> Changes detected. Rebuilding...
√ Changes detected. Rebuilding...
Initial chunk files | Names                               |  Raw size
main.js             | main                                |   5.17 kB | 
chunk-VUJOFXKG.js   | -                                   | 987 bytes | 
styles.css          | styles                              |  96 bytes | 

                    | Initial total                       |   6.25 kB

Lazy chunk files    | Names                               |  Raw size
chunk-FMXP3RFT.js   | simulation-decision-shell-component | 999.12 kB | 
chunk-43LZQPPS.js   | index                               | 950.98 kB | 
chunk-FFMAJJZF.js   | exhibit-hall-page-component         | 259.37 kB | 
chunk-YF7MAZKR.js   | -                                   |  55.38 kB | 
chunk-S6MMQWBN.js   | -                                   |  48.43 kB | 
chunk-ML7R4RDR.js   | class-exhibit-hall-routes           |  40.03 kB | 
chunk-DL5QDBXZ.js   | frontier-trading-routes             |  30.01 kB | 
chunk-MPUGTCII.js   | project-home-component              |  29.87 kB | 

Application bundle generation complete. [0.485 seconds] - 2026-09-04T04:53:53.811Z

> Changes detected. Rebuilding...
√ Changes detected. Rebuilding...
Initial chunk files | Names                               |  Raw size
main.js             | main                                |   5.17 kB | 

Lazy chunk files    | Names                               |  Raw size
chunk-3BBT4COZ.js   | simulation-decision-shell-component | 999.20 kB | 
chunk-AOR7FGMD.js   | frontier-trading-routes             |  30.01 kB | 

Application bundle generation complete. [1.053 seconds] - 2026-09-04T04:55:23.345Z

Page reload sent to client(s).
> Changes detected. Rebuilding...
√ Changes detected. Rebuilding...
Initial chunk files | Names                       |  Raw size
main.js             | main                        |   5.17 kB | 

Lazy chunk files    | Names                       |  Raw size
chunk-5VKXALG3.js   | exhibit-hall-page-component | 262.48 kB | 
chunk-4ZHAMXTL.js   | -                           |  55.42 kB | 
chunk-5IVIYVYZ.js   | class-exhibit-hall-routes   |  40.19 kB | 

Application bundle generation complete. [1.703 seconds] - 2026-09-04T04:56:58.824Z

Page reload sent to client(s).
> Changes detected. Rebuilding...
√ Changes detected. Rebuilding...
Initial chunk files | Names | Raw size
main.js             | main  |  5.17 kB | 

Lazy chunk files    | Names | Raw size
chunk-GZ4EW42K.js   | index |  1.01 MB | 

Application bundle generation complete. [2.681 seconds] - 2026-09-04T12:26:45.348Z

Page reload sent to client(s).
> Changes detected. Rebuilding...
√ Changes detected. Rebuilding...
Initial chunk files | Names | Raw size
main.js             | main  |  5.17 kB | 

Lazy chunk files    | Names | Raw size
chunk-3ERUZP6A.js   | index |  1.01 MB | 

Application bundle generation complete. [1.615 seconds] - 2026-09-04T12:26:48.837Z

Page reload sent to client(s).
> Changes detected. Rebuilding...
√ Changes detected. Rebuilding...
Initial chunk files | Names | Raw size
main.js             | main  |  5.17 kB | 

Lazy chunk files    | Names | Raw size
chunk-C4A24I7I.js   | index |  1.01 MB | 

Application bundle generation complete. [1.403 seconds] - 2026-09-04T12:26:50.245Z

Page reload sent to client(s).
> Changes detected. Rebuilding...
√ Changes detected. Rebuilding...
Initial chunk files | Names | Raw size
main.js             | main  |  5.17 kB | 

Lazy chunk files    | Names | Raw size
chunk-OVPS72SJ.js   | index |  1.05 MB | 

Application bundle generation complete. [1.463 seconds] - 2026-09-04T12:29:06.079Z

Page reload sent to client(s).
> Changes detected. Rebuilding...
√ Changes detected. Rebuilding...
Initial chunk files | Names | Raw size
main.js             | main  |  5.17 kB | 

Lazy chunk files    | Names | Raw size
chunk-HBZUKUTZ.js   | index |  1.05 MB | 

Application bundle generation complete. [0.997 seconds] - 2026-09-04T12:29:08.325Z

Page reload sent to client(s).
> Changes detected. Rebuilding...
√ Changes detected. Rebuilding...
Initial chunk files | Names | Raw size
main.js             | main  |  5.17 kB | 

Lazy chunk files    | Names | Raw size
chunk-MV25IYHE.js   | index |  1.04 MB | 

Application bundle generation complete. [1.014 seconds] - 2026-09-04T12:29:09.588Z

Page reload sent to client(s).
> Changes detected. Rebuilding...
√ Changes detected. Rebuilding...
Initial chunk files | Names | Raw size
main.js             | main  |  5.17 kB | 

Lazy chunk files    | Names | Raw size
chunk-5VQCW4RV.js   | index |  1.04 MB | 

Application bundle generation complete. [1.051 seconds] - 2026-09-04T12:30:42.711Z

Page reload sent to client(s).
> Changes detected. Rebuilding...
√ Changes detected. Rebuilding...
Initial chunk files | Names | Raw size
main.js             | main  |  5.17 kB | 

Lazy chunk files    | Names | Raw size
chunk-6A7TWAOS.js   | index |  1.04 MB | 

Application bundle generation complete. [0.627 seconds] - 2026-09-04T12:30:44.437Z

Page reload sent to client(s).
> Changes detected. Rebuilding...
√ Changes detected. Rebuilding...
Initial chunk files | Names                                      |  Raw size
main.js             | main                                       |   5.17 kB | 

Lazy chunk files    | Names                                      |  Raw size
chunk-Z22BEQCZ.js   | simulation-decision-shell-component        | 999.24 kB | 
chunk-Y4LTRIRQ.js   | simulation-decision-builder-info-component |  77.84 kB | 
chunk-FG7NZ2LT.js   | -                                          |  38.74 kB | 
chunk-O3BT4EEQ.js   | frontier-trading-routes                    |  38.36 kB | 
chunk-6RPSG5OD.js   | -                                          |  10.41 kB | 

Application bundle generation complete. [2.887 seconds] - 2026-09-04T13:29:35.474Z

Page reload sent to client(s).
> Changes detected. Rebuilding...
√ Changes detected. Rebuilding...
Initial chunk files | Names                  | Raw size
main.js             | main                   |  5.17 kB | 

Lazy chunk files    | Names                  | Raw size
chunk-EDW7WU63.js   | project-home-component | 31.10 kB | 

Application bundle generation complete. [1.572 seconds] - 2026-09-04T13:29:37.063Z

Page reload sent to client(s).
> Changes detected. Rebuilding...
√ Changes detected. Rebuilding...
Initial chunk files | Names                  | Raw size
main.js             | main                   |  5.17 kB | 

Lazy chunk files    | Names                  | Raw size
chunk-EO7FJCC5.js   | project-home-component | 31.96 kB | 

Application bundle generation complete. [0.742 seconds] - 2026-09-04T13:29:37.845Z

Component update sent to client(s).
> Changes detected. Rebuilding...
√ Changes detected. Rebuilding...
Initial chunk files | Names                                      |  Raw size
main.js             | main                                       |   5.17 kB | 
chunk-VUJOFXKG.js   | -                                          | 987 bytes | 
styles.css          | styles                                     |  96 bytes | 

                    | Initial total                              |   6.25 kB

Lazy chunk files    | Names                                      |  Raw size
chunk-6A7TWAOS.js   | index                                      |   1.04 MB | 
chunk-Z22BEQCZ.js   | simulation-decision-shell-component        | 999.24 kB | 
chunk-5VKXALG3.js   | exhibit-hall-page-component                | 262.48 kB | 
chunk-Y4LTRIRQ.js   | simulation-decision-builder-info-component |  77.84 kB | 
chunk-4ZHAMXTL.js   | -                                          |  55.42 kB | 
chunk-5IVIYVYZ.js   | class-exhibit-hall-routes                  |  40.19 kB | 
chunk-FG7NZ2LT.js   | -                                          |  38.74 kB | 
chunk-O3BT4EEQ.js   | frontier-trading-routes                    |  38.36 kB | 
chunk-EO7FJCC5.js   | project-home-component                     |  31.96 kB | 
chunk-6RPSG5OD.js   | -                                          |  10.41 kB | 

Application bundle generation complete. [9.626 seconds] - 2026-09-04T16:47:29.743Z

> Changes detected. Rebuilding...
√ Changes detected. Rebuilding...
Initial chunk files | Names                       |  Raw size
main.js             | main                        |   5.17 kB | 

Lazy chunk files    | Names                       |  Raw size
chunk-4HXIL3DI.js   | exhibit-hall-page-component | 262.48 kB | 
chunk-54HU6ZYO.js   | -                           |  55.57 kB | 
chunk-PC4YPGHK.js   | class-exhibit-hall-routes   |  40.19 kB | 

Application bundle generation complete. [0.908 seconds] - 2026-09-04T16:47:30.776Z

Page reload sent to client(s).
> Changes detected. Rebuilding...
√ Changes detected. Rebuilding...
Initial chunk files | Names                       |  Raw size
main.js             | main                        |   5.17 kB | 

Lazy chunk files    | Names                       |  Raw size
chunk-VCWEDP6Q.js   | exhibit-hall-page-component | 262.48 kB | 
chunk-M6XOS2YO.js   | -                           |  58.97 kB | 
chunk-VLPAHZR6.js   | class-exhibit-hall-routes   |  40.19 kB | 

Application bundle generation complete. [5.784 seconds] - 2026-09-04T16:48:44.981Z

Page reload sent to client(s).
> Changes detected. Rebuilding...
√ Changes detected. Rebuilding...
Initial chunk files | Names                       |  Raw size
main.js             | main                        |   5.17 kB | 

Lazy chunk files    | Names                       |  Raw size
chunk-4U7RFK5H.js   | exhibit-hall-page-component | 266.88 kB | 
chunk-46BPIROY.js   | -                           |  58.99 kB | 
chunk-LZATSLYO.js   | class-exhibit-hall-routes   |  48.63 kB | 

Application bundle generation complete. [3.495 seconds] - 2026-09-04T16:48:48.487Z

Page reload sent to client(s).
> Changes detected. Rebuilding...
√ Changes detected. Rebuilding...
Initial chunk files | Names                       |  Raw size
main.js             | main                        |   5.17 kB | 

Lazy chunk files    | Names                       |  Raw size
chunk-HS4TWXCD.js   | exhibit-hall-page-component | 266.88 kB | 
chunk-JCKEP6CC.js   | -                           |  59.50 kB | 
chunk-KGNZTDV2.js   | class-exhibit-hall-routes   |  48.63 kB | 

Application bundle generation complete. [2.016 seconds] - 2026-09-04T16:49:22.149Z

Page reload sent to client(s).
> Changes detected. Rebuilding...
√ Changes detected. Rebuilding...
Initial chunk files | Names                     | Raw size
main.js             | main                      |  5.17 kB | 

Lazy chunk files    | Names                     | Raw size
chunk-OY6UEC3A.js   | class-exhibit-hall-routes | 49.00 kB | 

Application bundle generation complete. [0.371 seconds] - 2026-09-04T16:49:22.529Z

Page reload sent to client(s).
> Changes detected. Rebuilding...
√ Changes detected. Rebuilding...
Initial chunk files | Names                       |  Raw size
main.js             | main                        |   5.17 kB | 

Lazy chunk files    | Names                       |  Raw size
chunk-K4FEZFMG.js   | exhibit-hall-page-component | 266.88 kB | 
chunk-B2UV43FF.js   | -                           |  59.52 kB | 
chunk-UQAQGVMB.js   | class-exhibit-hall-routes   |  49.00 kB | 

Application bundle generation complete. [1.152 seconds] - 2026-09-04T16:50:16.971Z

Page reload sent to client(s).
> Changes detected. Rebuilding...
√ Changes detected. Rebuilding...
Initial chunk files | Names                       |  Raw size
main.js             | main                        |   5.17 kB | 

Lazy chunk files    | Names                       |  Raw size
chunk-UABYJ6F7.js   | exhibit-hall-page-component | 266.93 kB | 
chunk-7UFPD2LS.js   | -                           |  59.54 kB | 
chunk-DW3QGLYV.js   | class-exhibit-hall-routes   |  49.00 kB | 

Application bundle generation complete. [2.098 seconds] - 2026-09-04T16:50:19.078Z

Page reload sent to client(s).
> Changes detected. Rebuilding...
√ Changes detected. Rebuilding...
Initial chunk files | Names                     | Raw size
main.js             | main                      |  5.17 kB | 

Lazy chunk files    | Names                     | Raw size
chunk-5YWUSER3.js   | class-exhibit-hall-routes | 49.05 kB | 

Application bundle generation complete. [1.652 seconds] - 2026-09-04T16:50:20.741Z

Page reload sent to client(s).
> Changes detected. Rebuilding...
√ Changes detected. Rebuilding...
Initial chunk files | Names                       |  Raw size
main.js             | main                        |   5.17 kB | 

Lazy chunk files    | Names                       |  Raw size
chunk-4KMQO4AZ.js   | exhibit-hall-page-component | 266.94 kB | 
chunk-3MCL2ZU3.js   | class-exhibit-hall-routes   |  49.05 kB | 

Application bundle generation complete. [0.962 seconds] - 2026-09-04T16:50:25.612Z

Component update sent to client(s).
> Changes detected. Rebuilding...
√ Changes detected. Rebuilding...
Initial chunk files | Names                       |  Raw size
main.js             | main                        |   5.17 kB | 

Lazy chunk files    | Names                       |  Raw size
chunk-34GEJQRY.js   | exhibit-hall-page-component | 266.94 kB | 
chunk-VTNZV66L.js   | -                           |  59.54 kB | 
chunk-EEG5PH2G.js   | class-exhibit-hall-routes   |  49.05 kB | 

Application bundle generation complete. [0.891 seconds] - 2026-09-04T16:50:47.954Z

Page reload sent to client(s).
> Changes detected. Rebuilding...
√ Changes detected. Rebuilding...
Initial chunk files | Names                       |  Raw size
main.js             | main                        |   5.17 kB | 

Lazy chunk files    | Names                       |  Raw size
chunk-4K5FJEGT.js   | exhibit-hall-page-component | 266.98 kB | 
chunk-H43A5ABB.js   | class-exhibit-hall-routes   |  49.00 kB | 

Application bundle generation complete. [1.425 seconds] - 2026-09-04T16:50:49.383Z

Component update sent to client(s).
> Changes detected. Rebuilding...
√ Changes detected. Rebuilding...
Initial chunk files | Names                       |  Raw size
main.js             | main                        |   5.17 kB | 

Lazy chunk files    | Names                       |  Raw size
chunk-2PY2PJ33.js   | exhibit-hall-page-component | 266.99 kB | 
chunk-XZAP7UTJ.js   | class-exhibit-hall-routes   |  49.00 kB | 

Application bundle generation complete. [3.793 seconds] - 2026-09-04T16:56:04.485Z

Page reload sent to client(s).
> Changes detected. Rebuilding...
√ Changes detected. Rebuilding...
Initial chunk files | Names                       |  Raw size
main.js             | main                        |   5.17 kB | 

Lazy chunk files    | Names                       |  Raw size
chunk-BPNRS7EY.js   | exhibit-hall-page-component | 267.05 kB | 
chunk-INN7574Z.js   | class-exhibit-hall-routes   |  49.00 kB | 

Application bundle generation complete. [4.253 seconds] - 2026-09-04T16:56:08.755Z

Component update sent to client(s).
> Changes detected. Rebuilding...
√ Changes detected. Rebuilding...
Initial chunk files | Names                                      |  Raw size
main.js             | main                                       |   5.17 kB | 
chunk-VUJOFXKG.js   | -                                          | 987 bytes | 
styles.css          | styles                                     |  96 bytes | 

                    | Initial total                              |   6.25 kB

Lazy chunk files    | Names                                      |  Raw size
chunk-6A7TWAOS.js   | index                                      |   1.04 MB | 
chunk-Z22BEQCZ.js   | simulation-decision-shell-component        | 999.24 kB | 
chunk-BPNRS7EY.js   | exhibit-hall-page-component                | 267.05 kB | 
chunk-Y4LTRIRQ.js   | simulation-decision-builder-info-component |  77.84 kB | 
chunk-VTNZV66L.js   | -                                          |  59.54 kB | 
chunk-INN7574Z.js   | class-exhibit-hall-routes                  |  49.00 kB | 
chunk-FG7NZ2LT.js   | -                                          |  38.74 kB | 
chunk-O3BT4EEQ.js   | frontier-trading-routes                    |  38.36 kB | 
chunk-EO7FJCC5.js   | project-home-component                     |  31.96 kB | 
chunk-6RPSG5OD.js   | -                                          |  10.41 kB | 

Application bundle generation complete. [1.956 seconds] - 2026-09-04T16:59:54.684Z

> Changes detected. Rebuilding...
√ Changes detected. Rebuilding...
Application bundle generation failed. [1.069 seconds] - 2026-09-04T16:59:55.757Z

> Changes detected. Rebuilding...
√ Changes detected. Rebuilding...
Initial chunk files | Names                                      |  Raw size
main.js             | main                                       |   5.17 kB | 
chunk-VUJOFXKG.js   | -                                          | 987 bytes | 
styles.css          | styles                                     |  96 bytes | 

                    | Initial total                              |   6.25 kB

Lazy chunk files    | Names                                      |  Raw size
chunk-6A7TWAOS.js   | index                                      |   1.04 MB | 
chunk-ZGR3UWEX.js   | simulation-decision-shell-component        | 999.77 kB | 
chunk-BPNRS7EY.js   | exhibit-hall-page-component                | 267.05 kB | 
chunk-Y4LTRIRQ.js   | simulation-decision-builder-info-component |  77.84 kB | 
chunk-VTNZV66L.js   | -                                          |  59.54 kB | 
chunk-INN7574Z.js   | class-exhibit-hall-routes                  |  49.00 kB | 
chunk-FG7NZ2LT.js   | -                                          |  38.74 kB | 
chunk-X6L7FWVD.js   | frontier-trading-routes                    |  38.48 kB | 
chunk-EO7FJCC5.js   | project-home-component                     |  31.96 kB | 
chunk-6RPSG5OD.js   | -                                          |  10.41 kB | 

Application bundle generation complete. [0.487 seconds] - 2026-09-04T17:00:03.759Z

Page reload sent to client(s).
> Changes detected. Rebuilding...
√ Changes detected. Rebuilding...
Initial chunk files | Names                               | Raw size
main.js             | main                                |  5.17 kB | 

Lazy chunk files    | Names                               | Raw size
chunk-MAPA6XTX.js   | simulation-decision-shell-component |  1.01 MB | 
chunk-X24M5DRI.js   | frontier-trading-routes             | 38.48 kB | 

Application bundle generation complete. [1.226 seconds] - 2026-09-04T17:00:50.567Z

Component update sent to client(s).
> Changes detected. Rebuilding...
√ Changes detected. Rebuilding...
Initial chunk files | Names                               | Raw size
main.js             | main                                |  5.17 kB | 

Lazy chunk files    | Names                               | Raw size
chunk-ERGBUT5L.js   | simulation-decision-shell-component |  1.00 MB | 
chunk-TQM5MBCI.js   | frontier-trading-routes             | 38.48 kB | 

Application bundle generation complete. [0.943 seconds] - 2026-09-04T17:01:17.228Z

Component update sent to client(s).
> Changes detected. Rebuilding...
√ Changes detected. Rebuilding...
Initial chunk files | Names                               | Raw size
main.js             | main                                |  5.17 kB | 

Lazy chunk files    | Names                               | Raw size
chunk-46THGRBF.js   | simulation-decision-shell-component |  1.01 MB | 
chunk-4DICK2S2.js   | frontier-trading-routes             | 38.48 kB | 

Application bundle generation complete. [2.692 seconds] - 2026-09-04T17:01:35.418Z

Component update sent to client(s).
> Changes detected. Rebuilding...
√ Changes detected. Rebuilding...
Application bundle generation failed. [1.325 seconds] - 2026-09-04T17:03:01.889Z

> Changes detected. Rebuilding...
√ Changes detected. Rebuilding...
Application bundle generation failed. [2.415 seconds] - 2026-09-04T17:03:35.055Z

> Changes detected. Rebuilding...
√ Changes detected. Rebuilding...
Application bundle generation failed. [0.832 seconds] - 2026-09-04T17:03:43.576Z

> Changes detected. Rebuilding...
√ Changes detected. Rebuilding...
Application bundle generation failed. [0.910 seconds] - 2026-09-04T17:03:44.493Z

> Changes detected. Rebuilding...
√ Changes detected. Rebuilding...
Application bundle generation failed. [0.704 seconds] - 2026-09-04T17:03:45.219Z

> Changes detected. Rebuilding...
√ Changes detected. Rebuilding...
Application bundle generation failed. [0.525 seconds] - 2026-09-04T17:03:56.432Z

> Changes detected. Rebuilding...
√ Changes detected. Rebuilding...
Application bundle generation failed. [1.352 seconds] - 2026-09-04T17:04:37.863Z

> Changes detected. Rebuilding...
√ Changes detected. Rebuilding...
Application bundle generation failed. [0.964 seconds] - 2026-09-04T17:04:38.919Z

> Changes detected. Rebuilding...
√ Changes detected. Rebuilding...
Application bundle generation failed. [1.683 seconds] - 2026-09-04T17:04:40.626Z

> Changes detected. Rebuilding...
√ Changes detected. Rebuilding...
Application bundle generation failed. [1.226 seconds] - 2026-09-04T17:04:41.868Z

> Changes detected. Rebuilding...
√ Changes detected. Rebuilding...
Application bundle generation failed. [0.761 seconds] - 2026-09-04T17:04:42.638Z

> Changes detected. Rebuilding...
√ Changes detected. Rebuilding...
Application bundle generation failed. [0.362 seconds] - 2026-09-04T17:04:50.743Z

> Changes detected. Rebuilding...
√ Changes detected. Rebuilding...
Application bundle generation failed. [0.807 seconds] - 2026-09-04T17:04:51.734Z

> Changes detected. Rebuilding...
√ Changes detected. Rebuilding...
Application bundle generation failed. [1.051 seconds] - 2026-09-04T17:05:12.234Z

> Changes detected. Rebuilding...
√ Changes detected. Rebuilding...
Application bundle generation failed. [0.914 seconds] - 2026-09-04T17:05:27.102Z

> Changes detected. Rebuilding...
√ Changes detected. Rebuilding...
Application bundle generation failed. [0.571 seconds] - 2026-09-04T17:05:27.685Z

> Changes detected. Rebuilding...
√ Changes detected. Rebuilding...
Application bundle generation failed. [0.904 seconds] - 2026-09-04T17:05:28.605Z

> Changes detected. Rebuilding...
√ Changes detected. Rebuilding...
Application bundle generation failed. [0.894 seconds] - 2026-09-04T17:05:48.826Z

> Changes detected. Rebuilding...
√ Changes detected. Rebuilding...
Application bundle generation failed. [1.265 seconds] - 2026-09-04T17:06:18.598Z

> Changes detected. Rebuilding...
√ Changes detected. Rebuilding...
Application bundle generation failed. [0.646 seconds] - 2026-09-04T17:06:19.250Z

> Changes detected. Rebuilding...
√ Changes detected. Rebuilding...
Application bundle generation failed. [0.511 seconds] - 2026-09-04T17:06:31.454Z

> Changes detected. Rebuilding...
√ Changes detected. Rebuilding...
Application bundle generation failed. [0.408 seconds] - 2026-09-04T17:06:31.871Z

> Changes detected. Rebuilding...
√ Changes detected. Rebuilding...
Initial chunk files | Names                                      |  Raw size
main.js             | main                                       |   5.17 kB | 
chunk-VUJOFXKG.js   | -                                          | 987 bytes | 
styles.css          | styles                                     |  96 bytes | 

                    | Initial total                              |   6.25 kB

Lazy chunk files    | Names                                      |  Raw size
chunk-6A7TWAOS.js   | index                                      |   1.04 MB | 
chunk-JMDHVKSI.js   | simulation-decision-shell-component        |   1.03 MB | 
chunk-LZTHSMXX.js   | exhibit-hall-page-component                | 271.74 kB | 
chunk-Y4LTRIRQ.js   | simulation-decision-builder-info-component |  77.84 kB | 
chunk-TMP2FQHB.js   | class-exhibit-hall-routes                  |  67.61 kB | 
chunk-MINU4NAQ.js   | -                                          |  65.16 kB | 
chunk-IC2ZTDUA.js   | frontier-trading-routes                    |  39.11 kB | 
chunk-FG7NZ2LT.js   | -                                          |  38.74 kB | 
chunk-EO7FJCC5.js   | project-home-component                     |  31.96 kB | 
chunk-6RPSG5OD.js   | -                                          |  10.41 kB | 

Application bundle generation complete. [1.194 seconds] - 2026-09-04T17:08:54.641Z

Page reload sent to client(s).
> Changes detected. Rebuilding...
√ Changes detected. Rebuilding...
Initial chunk files | Names                                      |  Raw size
main.js             | main                                       |   5.17 kB | 
chunk-VUJOFXKG.js   | -                                          | 987 bytes | 
styles.css          | styles                                     |  96 bytes | 

                    | Initial total                              |   6.25 kB

Lazy chunk files    | Names                                      |  Raw size
chunk-6A7TWAOS.js   | index                                      |   1.04 MB | 
chunk-JMDHVKSI.js   | simulation-decision-shell-component        |   1.03 MB | 
chunk-LZTHSMXX.js   | exhibit-hall-page-component                | 271.74 kB | 
chunk-Y4LTRIRQ.js   | simulation-decision-builder-info-component |  77.84 kB | 
chunk-TMP2FQHB.js   | class-exhibit-hall-routes                  |  67.61 kB | 
chunk-MINU4NAQ.js   | -                                          |  65.16 kB | 
chunk-IC2ZTDUA.js   | frontier-trading-routes                    |  39.11 kB | 
chunk-FG7NZ2LT.js   | -                                          |  38.74 kB | 
chunk-EO7FJCC5.js   | project-home-component                     |  31.96 kB | 
chunk-6RPSG5OD.js   | -                                          |  10.41 kB | 

Application bundle generation complete. [0.747 seconds] - 2026-09-04T17:08:55.401Z

> Changes detected. Rebuilding...
√ Changes detected. Rebuilding...
Initial chunk files | Names | Raw size
main.js             | main  |  5.18 kB | 

Application bundle generation complete. [0.693 seconds] - 2026-09-04T17:09:55.391Z

Page reload sent to client(s).
> Changes detected. Rebuilding...
√ Changes detected. Rebuilding...
Initial chunk files | Names                  | Raw size
main.js             | main                   |  5.18 kB | 

Lazy chunk files    | Names                  | Raw size
chunk-YM24M3J3.js   | project-home-component | 32.01 kB | 

Application bundle generation complete. [0.867 seconds] - 2026-09-04T17:09:56.266Z

Page reload sent to client(s).
> Changes detected. Rebuilding...
√ Changes detected. Rebuilding...
Initial chunk files | Names                       |  Raw size
main.js             | main                        |   5.18 kB | 

Lazy chunk files    | Names                       |  Raw size
chunk-IEAZSXJ5.js   | exhibit-hall-page-component | 271.88 kB | 
chunk-7FJ27HYD.js   | class-exhibit-hall-routes   |  67.61 kB | 

Application bundle generation complete. [2.240 seconds] - 2026-09-04T17:09:58.523Z

Page reload sent to client(s).
> Changes detected. Rebuilding...
√ Changes detected. Rebuilding...
Initial chunk files | Names                       |  Raw size
main.js             | main                        |   5.18 kB | 

Lazy chunk files    | Names                       |  Raw size
chunk-P6MKRNMN.js   | exhibit-hall-page-component | 272.56 kB | 
chunk-AOVSL3XB.js   | class-exhibit-hall-routes   |  67.61 kB | 

Application bundle generation complete. [1.317 seconds] - 2026-09-04T17:09:59.844Z

Component update sent to client(s).
> Changes detected. Rebuilding...
√ Changes detected. Rebuilding...
Initial chunk files | Names                       |  Raw size
main.js             | main                        |   5.18 kB | 

Lazy chunk files    | Names                       |  Raw size
chunk-ALJEVB65.js   | exhibit-hall-page-component | 273.46 kB | 
chunk-QGP6KVC4.js   | class-exhibit-hall-routes   |  67.61 kB | 

Application bundle generation complete. [2.041 seconds] - 2026-09-04T17:10:01.893Z

Component update sent to client(s).
> Changes detected. Rebuilding...
√ Changes detected. Rebuilding...
Initial chunk files | Names                       |  Raw size
main.js             | main                        |   5.18 kB | 

Lazy chunk files    | Names                       |  Raw size
chunk-DCN7S4FX.js   | exhibit-hall-page-component | 273.46 kB | 
chunk-BBR23U5G.js   | class-exhibit-hall-routes   |  67.61 kB | 
chunk-OHDGSWS3.js   | -                           |  65.19 kB | 

Application bundle generation complete. [0.595 seconds] - 2026-09-04T17:10:15.893Z

Page reload sent to client(s).
> Changes detected. Rebuilding...
√ Changes detected. Rebuilding...
Initial chunk files | Names                       |  Raw size
main.js             | main                        |   5.18 kB | 

Lazy chunk files    | Names                       |  Raw size
chunk-O3NGGPPL.js   | exhibit-hall-page-component | 274.28 kB | 
chunk-PGBJUQLR.js   | class-exhibit-hall-routes   |  67.61 kB | 

Application bundle generation complete. [0.926 seconds] - 2026-09-04T17:10:38.064Z

Component update sent to client(s).
> Changes detected. Rebuilding...
√ Changes detected. Rebuilding...
Initial chunk files | Names                       |  Raw size
main.js             | main                        |   5.18 kB | 

Lazy chunk files    | Names                       |  Raw size
chunk-2UWX2W6E.js   | exhibit-hall-page-component | 274.70 kB | 
chunk-RE5X7YUQ.js   | class-exhibit-hall-routes   |  67.61 kB | 

Application bundle generation complete. [0.758 seconds] - 2026-09-04T17:10:38.829Z

Component update sent to client(s).
> Changes detected. Rebuilding...
√ Changes detected. Rebuilding...
Initial chunk files | Names                       |  Raw size
main.js             | main                        |   5.18 kB | 

Lazy chunk files    | Names                       |  Raw size
chunk-PMIYJWM3.js   | exhibit-hall-page-component | 274.70 kB | 
chunk-2WB5X3DU.js   | class-exhibit-hall-routes   |  67.61 kB | 

Application bundle generation complete. [0.726 seconds] - 2026-09-04T17:10:51.382Z

Component update sent to client(s).
> Changes detected. Rebuilding...
√ Changes detected. Rebuilding...
Initial chunk files | Names                     | Raw size
main.js             | main                      |  5.18 kB | 

Lazy chunk files    | Names                     | Raw size
chunk-M7YDN3F7.js   | class-exhibit-hall-routes | 67.63 kB | 

Application bundle generation complete. [1.000 seconds] - 2026-09-04T17:11:06.161Z

Page reload sent to client(s).
> Changes detected. Rebuilding...
√ Changes detected. Rebuilding...
Initial chunk files | Names                     | Raw size
main.js             | main                      |  5.18 kB | 

Lazy chunk files    | Names                     | Raw size
chunk-YGCS5BBW.js   | class-exhibit-hall-routes | 67.63 kB | 

Application bundle generation complete. [1.773 seconds] - 2026-09-04T17:11:07.942Z

Page reload sent to client(s).
> Changes detected. Rebuilding...
√ Changes detected. Rebuilding...
Initial chunk files | Names                       |  Raw size
main.js             | main                        |   5.18 kB | 

Lazy chunk files    | Names                       |  Raw size
chunk-B7THGQPI.js   | exhibit-hall-page-component | 274.70 kB | 
chunk-BWXB5IT7.js   | class-exhibit-hall-routes   |  67.63 kB | 
chunk-SV3FAEDN.js   | -                           |  65.19 kB | 

Application bundle generation complete. [0.880 seconds] - 2026-09-04T17:11:27.092Z

Page reload sent to client(s).
> Changes detected. Rebuilding...
√ Changes detected. Rebuilding...
Initial chunk files | Names                     | Raw size
main.js             | main                      |  5.18 kB | 

Lazy chunk files    | Names                     | Raw size
chunk-VL4MCQPV.js   | class-exhibit-hall-routes | 67.68 kB | 

Application bundle generation complete. [0.926 seconds] - 2026-09-04T17:11:28.271Z

Component update sent to client(s).
> Changes detected. Rebuilding...
√ Changes detected. Rebuilding...
Initial chunk files | Names                     | Raw size
main.js             | main                      |  5.18 kB | 

Lazy chunk files    | Names                     | Raw size
chunk-VPN4GSRS.js   | class-exhibit-hall-routes | 67.97 kB | 

Application bundle generation complete. [0.541 seconds] - 2026-09-04T17:11:28.816Z

Page reload sent to client(s).
> Changes detected. Rebuilding...
√ Changes detected. Rebuilding...
Initial chunk files | Names                       |  Raw size
main.js             | main                        |   5.18 kB | 

Lazy chunk files    | Names                       |  Raw size
chunk-KCSATUYX.js   | exhibit-hall-page-component | 274.70 kB | 
chunk-TDINJIVM.js   | class-exhibit-hall-routes   |  67.97 kB | 
chunk-IDOZQ55D.js   | -                           |  65.24 kB | 

Application bundle generation complete. [1.882 seconds] - 2026-09-04T17:15:09.126Z

Page reload sent to client(s).
> Changes detected. Rebuilding...
√ Changes detected. Rebuilding...
Initial chunk files | Names                       |  Raw size
main.js             | main                        |   5.18 kB | 

Lazy chunk files    | Names                       |  Raw size
chunk-TVAFDLAL.js   | exhibit-hall-page-component | 274.70 kB | 
chunk-LCAZJQSJ.js   | class-exhibit-hall-routes   |  67.97 kB | 

Application bundle generation complete. [3.304 seconds] - 2026-09-04T17:15:12.439Z

Page reload sent to client(s).
> Changes detected. Rebuilding...
√ Changes detected. Rebuilding...
Initial chunk files | Names                   | Raw size
main.js             | main                    |  5.18 kB | 

Lazy chunk files    | Names                   | Raw size
chunk-7QV5QPFQ.js   | frontier-trading-routes | 39.46 kB | 

Application bundle generation complete. [1.503 seconds] - 2026-09-04T17:24:42.831Z

Page reload sent to client(s).
> Changes detected. Rebuilding...
√ Changes detected. Rebuilding...
Initial chunk files | Names                                      |  Raw size
main.js             | main                                       |   5.18 kB | 
chunk-VUJOFXKG.js   | -                                          | 987 bytes | 
styles.css          | styles                                     |  96 bytes | 

                    | Initial total                              |   6.26 kB

Lazy chunk files    | Names                                      |  Raw size
chunk-6A7TWAOS.js   | index                                      |   1.04 MB | 
chunk-JMDHVKSI.js   | simulation-decision-shell-component        |   1.03 MB | 
chunk-TVAFDLAL.js   | exhibit-hall-page-component                | 274.70 kB | 
chunk-Y4LTRIRQ.js   | simulation-decision-builder-info-component |  77.84 kB | 
chunk-LCAZJQSJ.js   | class-exhibit-hall-routes                  |  67.97 kB | 
chunk-IDOZQ55D.js   | -                                          |  65.24 kB | 
chunk-7QV5QPFQ.js   | frontier-trading-routes                    |  39.46 kB | 
chunk-FG7NZ2LT.js   | -                                          |  38.74 kB | 
chunk-YM24M3J3.js   | project-home-component                     |  32.01 kB | 
chunk-6RPSG5OD.js   | -                                          |  10.41 kB | 

Application bundle generation complete. [6.245 seconds] - 2026-09-04T17:41:56.351Z

Page reload sent to client(s).
> Changes detected. Rebuilding...
√ Changes detected. Rebuilding...
Initial chunk files | Names                       |  Raw size
main.js             | main                        |   5.18 kB | 

Lazy chunk files    | Names                       |  Raw size
chunk-E5F7RQUM.js   | exhibit-hall-page-component | 274.70 kB | 
chunk-6OT4HVIL.js   | class-exhibit-hall-routes   |  67.97 kB | 
chunk-BGY2SS32.js   | -                           |  65.96 kB | 

Application bundle generation complete. [2.620 seconds] - 2026-09-04T17:41:59.007Z

Page reload sent to client(s).
> Changes detected. Rebuilding...
√ Changes detected. Rebuilding...
Initial chunk files | Names                     | Raw size
main.js             | main                      |  5.18 kB | 

Lazy chunk files    | Names                     | Raw size
chunk-CHXL53AF.js   | class-exhibit-hall-routes | 68.98 kB | 

Application bundle generation complete. [0.589 seconds] - 2026-09-04T17:42:09.468Z

Page reload sent to client(s).
> Changes detected. Rebuilding...
√ Changes detected. Rebuilding...
Initial chunk files | Names                       |  Raw size
main.js             | main                        |   5.18 kB | 

Lazy chunk files    | Names                       |  Raw size
chunk-TI5AT2RH.js   | exhibit-hall-page-component | 280.65 kB | 
chunk-EUPXDABS.js   | class-exhibit-hall-routes   |  68.98 kB | 

Application bundle generation complete. [0.771 seconds] - 2026-09-04T17:42:41.745Z

Component update sent to client(s).
> Changes detected. Rebuilding...
√ Changes detected. Rebuilding...
Initial chunk files | Names                       |  Raw size
main.js             | main                        |   5.18 kB | 

Lazy chunk files    | Names                       |  Raw size
chunk-3UBNYTZD.js   | exhibit-hall-page-component | 282.13 kB | 
chunk-GFFAC4P4.js   | class-exhibit-hall-routes   |  68.98 kB | 

Application bundle generation complete. [1.551 seconds] - 2026-09-04T17:42:43.300Z

Component update sent to client(s).
> Changes detected. Rebuilding...
√ Changes detected. Rebuilding...
Initial chunk files | Names                       |  Raw size
main.js             | main                        |   5.18 kB | 

Lazy chunk files    | Names                       |  Raw size
chunk-RWK4GRAR.js   | exhibit-hall-page-component | 287.40 kB | 
chunk-TY3H4GBP.js   | class-exhibit-hall-routes   |  68.98 kB | 

Application bundle generation complete. [0.916 seconds] - 2026-09-04T17:43:09.769Z

Component update sent to client(s).
> Changes detected. Rebuilding...
√ Changes detected. Rebuilding...
Initial chunk files | Names                       |  Raw size
main.js             | main                        |   5.18 kB | 

Lazy chunk files    | Names                       |  Raw size
chunk-XEHPD4N6.js   | exhibit-hall-page-component | 287.40 kB | 
chunk-6K6PTEN3.js   | class-exhibit-hall-routes   |  68.98 kB | 
chunk-X2MV6VJR.js   | -                           |  65.96 kB | 

Application bundle generation complete. [0.684 seconds] - 2026-09-04T17:43:59.742Z

Page reload sent to client(s).
> Changes detected. Rebuilding...
√ Changes detected. Rebuilding...
Initial chunk files | Names                       |  Raw size
main.js             | main                        |   5.18 kB | 

Lazy chunk files    | Names                       |  Raw size
chunk-JD2PYS2H.js   | exhibit-hall-page-component | 287.40 kB | 
chunk-G5CC5PZT.js   | class-exhibit-hall-routes   |  68.98 kB | 
chunk-AVOKBZ7I.js   | -                           |  66.43 kB | 

Application bundle generation complete. [2.479 seconds] - 2026-09-04T17:46:11.842Z

Page reload sent to client(s).
> Changes detected. Rebuilding...
√ Changes detected. Rebuilding...
Initial chunk files | Names                       |  Raw size
main.js             | main                        |   5.18 kB | 

Lazy chunk files    | Names                       |  Raw size
chunk-ZXVWIAKV.js   | exhibit-hall-page-component | 289.53 kB | 
chunk-DKQNYW6N.js   | class-exhibit-hall-routes   |  68.98 kB | 

Application bundle generation complete. [2.231 seconds] - 2026-09-04T17:46:14.103Z

Component update sent to client(s).
> Changes detected. Rebuilding...
√ Changes detected. Rebuilding...
Initial chunk files | Names                       |  Raw size
main.js             | main                        |   5.18 kB | 

Lazy chunk files    | Names                       |  Raw size
chunk-45IC5ZLC.js   | exhibit-hall-page-component | 289.53 kB | 
chunk-UJFH5NKR.js   | class-exhibit-hall-routes   |  68.98 kB | 
chunk-JHNQIBUR.js   | -                           |  66.49 kB | 

Application bundle generation complete. [1.433 seconds] - 2026-09-04T17:46:19.295Z

Page reload sent to client(s).
> Changes detected. Rebuilding...
√ Changes detected. Rebuilding...
Initial chunk files | Names                       |  Raw size
main.js             | main                        |   5.18 kB | 

Lazy chunk files    | Names                       |  Raw size
chunk-KBX4QPWI.js   | exhibit-hall-page-component | 289.53 kB | 
chunk-P4I3DV64.js   | class-exhibit-hall-routes   |  68.98 kB | 
chunk-SFWYJH3Z.js   | -                           |  66.49 kB | 

Application bundle generation complete. [1.128 seconds] - 2026-09-04T17:46:25.519Z

Page reload sent to client(s).
> Changes detected. Rebuilding...
√ Changes detected. Rebuilding...
Initial chunk files | Names                                      |  Raw size
main.js             | main                                       |   5.18 kB | 
chunk-VUJOFXKG.js   | -                                          | 987 bytes | 
styles.css          | styles                                     |  96 bytes | 

                    | Initial total                              |   6.26 kB

Lazy chunk files    | Names                                      |  Raw size
chunk-6A7TWAOS.js   | index                                      |   1.04 MB | 
chunk-JMDHVKSI.js   | simulation-decision-shell-component        |   1.03 MB | 
chunk-KBX4QPWI.js   | exhibit-hall-page-component                | 289.53 kB | 
chunk-Y4LTRIRQ.js   | simulation-decision-builder-info-component |  77.84 kB | 
chunk-P4I3DV64.js   | class-exhibit-hall-routes                  |  68.98 kB | 
chunk-SFWYJH3Z.js   | -                                          |  66.49 kB | 
chunk-7QV5QPFQ.js   | frontier-trading-routes                    |  39.46 kB | 
chunk-FG7NZ2LT.js   | -                                          |  38.74 kB | 
chunk-YM24M3J3.js   | project-home-component                     |  32.01 kB | 
chunk-6RPSG5OD.js   | -                                          |  10.41 kB | 

Application bundle generation complete. [3.636 seconds] - 2026-09-04T17:46:40.158Z

> Changes detected. Rebuilding...
√ Changes detected. Rebuilding...
Initial chunk files | Names                               | Raw size
main.js             | main                                |  5.18 kB | 

Lazy chunk files    | Names                               | Raw size
chunk-EWNTWNLI.js   | simulation-decision-shell-component |  1.03 MB | 
chunk-Z4667CRI.js   | frontier-trading-routes             | 39.80 kB | 

Application bundle generation complete. [2.051 seconds] - 2026-09-04T17:46:42.215Z

Page reload sent to client(s).
> Changes detected. Rebuilding...
√ Changes detected. Rebuilding...
Initial chunk files | Names                               | Raw size
main.js             | main                                |  5.18 kB | 

Lazy chunk files    | Names                               | Raw size
chunk-FTXZLGFR.js   | simulation-decision-shell-component |  1.01 MB | 
chunk-OY7WYQW3.js   | frontier-trading-routes             | 39.80 kB | 

Application bundle generation complete. [1.112 seconds] - 2026-09-04T17:47:02.165Z

Component update sent to client(s).
> Changes detected. Rebuilding...
√ Changes detected. Rebuilding...
Initial chunk files | Names                               | Raw size
main.js             | main                                |  5.18 kB | 

Lazy chunk files    | Names                               | Raw size
chunk-Y4SEB3JN.js   | simulation-decision-shell-component |  1.01 MB | 
chunk-YQMTREOI.js   | frontier-trading-routes             | 39.80 kB | 

Application bundle generation complete. [4.742 seconds] - 2026-09-04T17:48:01.021Z

Component update sent to client(s).
> Changes detected. Rebuilding...
√ Changes detected. Rebuilding...
Initial chunk files | Names                               | Raw size
main.js             | main                                |  5.18 kB | 

Lazy chunk files    | Names                               | Raw size
chunk-K3LAPIAD.js   | simulation-decision-shell-component |  1.03 MB | 
chunk-6T7JY6TG.js   | frontier-trading-routes             | 39.80 kB | 

Application bundle generation complete. [2.661 seconds] - 2026-09-04T17:49:34.560Z

Component update sent to client(s).
> Changes detected. Rebuilding...
√ Changes detected. Rebuilding...
Initial chunk files | Names                               | Raw size
main.js             | main                                |  5.18 kB | 

Lazy chunk files    | Names                               | Raw size
chunk-4PLJ66VQ.js   | simulation-decision-shell-component |  1.03 MB | 
chunk-EMARBBW4.js   | frontier-trading-routes             | 39.80 kB | 

Application bundle generation complete. [0.966 seconds] - 2026-09-04T17:49:45.282Z

Component update sent to client(s).
> Changes detected. Rebuilding...
√ Changes detected. Rebuilding...
Initial chunk files | Names                               | Raw size
main.js             | main                                |  5.18 kB | 

Lazy chunk files    | Names                               | Raw size
chunk-DNRDX2IN.js   | simulation-decision-shell-component |  1.03 MB | 
chunk-KCQEVQOR.js   | frontier-trading-routes             | 39.80 kB | 

Application bundle generation complete. [3.483 seconds] - 2026-09-04T17:50:30.277Z

Component update sent to client(s).
> Changes detected. Rebuilding...
√ Changes detected. Rebuilding...
Initial chunk files | Names                   | Raw size
main.js             | main                    |  5.18 kB | 

Lazy chunk files    | Names                   | Raw size
chunk-HO4BXWPU.js   | frontier-trading-routes | 39.80 kB | 

Application bundle generation complete. [3.898 seconds] - 2026-09-04T17:50:51.280Z

Page reload sent to client(s).
> Changes detected. Rebuilding...
√ Changes detected. Rebuilding...
Initial chunk files | Names                   | Raw size
main.js             | main                    |  5.18 kB | 

Lazy chunk files    | Names                   | Raw size
chunk-HCKVLDAN.js   | frontier-trading-routes | 40.86 kB | 

Application bundle generation complete. [1.083 seconds] - 2026-09-04T17:50:52.732Z

Page reload sent to client(s).
> Changes detected. Rebuilding...
√ Changes detected. Rebuilding...
Initial chunk files | Names                   | Raw size
main.js             | main                    |  5.18 kB | 

Lazy chunk files    | Names                   | Raw size
chunk-J3AA7J43.js   | frontier-trading-routes | 41.09 kB | 

Application bundle generation complete. [0.603 seconds] - 2026-09-04T17:51:20.725Z

Page reload sent to client(s).
> Changes detected. Rebuilding...
√ Changes detected. Rebuilding...
Initial chunk files | Names                   | Raw size
main.js             | main                    |  5.18 kB | 

Lazy chunk files    | Names                   | Raw size
chunk-5LONUIDQ.js   | frontier-trading-routes | 41.09 kB | 

Application bundle generation complete. [0.429 seconds] - 2026-09-04T17:51:35.639Z

Page reload sent to client(s).
> Changes detected. Rebuilding...
√ Changes detected. Rebuilding...
Initial chunk files | Names                               | Raw size
main.js             | main                                |  5.18 kB | 

Lazy chunk files    | Names                               | Raw size
chunk-XOXPSS4D.js   | simulation-decision-shell-component |  1.02 MB | 
chunk-Y7TQX2XR.js   | frontier-trading-routes             | 41.09 kB | 

Application bundle generation complete. [1.240 seconds] - 2026-09-04T17:52:19.413Z

Component update sent to client(s).
> Changes detected. Rebuilding...
√ Changes detected. Rebuilding...
Initial chunk files | Names                               | Raw size
main.js             | main                                |  5.18 kB | 

Lazy chunk files    | Names                               | Raw size
chunk-WVBPWQSU.js   | simulation-decision-shell-component |  1.00 MB | 
chunk-U3QAEIAW.js   | frontier-trading-routes             | 41.09 kB | 

Application bundle generation complete. [2.000 seconds] - 2026-09-04T17:53:12.651Z

Component update sent to client(s).
> Changes detected. Rebuilding...
√ Changes detected. Rebuilding...
Initial chunk files | Names                               | Raw size
main.js             | main                                |  5.18 kB | 

Lazy chunk files    | Names                               | Raw size
chunk-XW3QHCS5.js   | simulation-decision-shell-component |  1.00 MB | 
chunk-X5AUQ5XP.js   | frontier-trading-routes             | 41.09 kB | 

Application bundle generation complete. [2.265 seconds] - 2026-09-04T17:53:27.047Z

Component update sent to client(s).
> Changes detected. Rebuilding...
√ Changes detected. Rebuilding...
Initial chunk files | Names                       |  Raw size
main.js             | main                        |   5.18 kB | 

Lazy chunk files    | Names                       |  Raw size
chunk-OQBWAZFD.js   | exhibit-hall-page-component | 294.87 kB | 
chunk-CP3OWBWA.js   | class-exhibit-hall-routes   |  68.98 kB | 

Application bundle generation complete. [1.345 seconds] - 2026-09-04T17:55:16.528Z

Page reload sent to client(s).
> Changes detected. Rebuilding...
√ Changes detected. Rebuilding...
Initial chunk files | Names                                      |  Raw size
main.js             | main                                       |   5.18 kB | 
chunk-YUW54YJN.js   | -                                          |   1.46 kB | 

Lazy chunk files    | Names                                      |  Raw size
chunk-M6UVRJX4.js   | index                                      |   1.04 MB | 
chunk-UOR6MDY5.js   | simulation-decision-shell-component        |   1.00 MB | 
chunk-VTGCJHDY.js   | exhibit-hall-page-component                | 149.97 kB | 
chunk-R4GSKRTH.js   | simulation-decision-builder-info-component |  77.84 kB | 
chunk-TOU2BAST.js   | class-exhibit-hall-routes                  |  68.98 kB | 
chunk-C3MNFMZI.js   | -                                          |  66.49 kB | 
chunk-ZT4YHOWX.js   | frontier-trading-routes                    |  41.09 kB | 
chunk-CETQBELW.js   | -                                          |  38.74 kB | 
chunk-LBUZEZPF.js   | project-home-component                     |  32.01 kB | 
chunk-TJYUI3UW.js   | -                                          |  10.41 kB | 

Application bundle generation complete. [0.695 seconds] - 2026-09-04T17:58:32.320Z

Page reload sent to client(s).
> Changes detected. Rebuilding...
√ Changes detected. Rebuilding...
Initial chunk files | Names                                      |  Raw size
main.js             | main                                       |   5.18 kB | 
chunk-YUW54YJN.js   | -                                          |   1.46 kB | 
styles.css          | styles                                     |  96 bytes | 

                    | Initial total                              |   6.74 kB

Lazy chunk files    | Names                                      |  Raw size
chunk-M6UVRJX4.js   | index                                      |   1.04 MB | 
chunk-UOR6MDY5.js   | simulation-decision-shell-component        |   1.00 MB | 
chunk-VTGCJHDY.js   | exhibit-hall-page-component                | 149.97 kB | 
chunk-R4GSKRTH.js   | simulation-decision-builder-info-component |  77.84 kB | 
chunk-TOU2BAST.js   | class-exhibit-hall-routes                  |  68.98 kB | 
chunk-C3MNFMZI.js   | -                                          |  66.49 kB | 
chunk-ZT4YHOWX.js   | frontier-trading-routes                    |  41.09 kB | 
chunk-CETQBELW.js   | -                                          |  38.74 kB | 
chunk-LBUZEZPF.js   | project-home-component                     |  32.01 kB | 
chunk-TJYUI3UW.js   | -                                          |  10.41 kB | 

Application bundle generation complete. [0.086 seconds] - 2026-09-04T17:59:55.982Z

> Changes detected. Rebuilding...
√ Changes detected. Rebuilding...
Initial chunk files | Names                       |  Raw size
main.js             | main                        |   5.18 kB | 

Lazy chunk files    | Names                       |  Raw size
chunk-QEQAJK7A.js   | exhibit-hall-page-component | 247.07 kB | 
chunk-HDHGUOFH.js   | class-exhibit-hall-routes   |  68.98 kB | 

Application bundle generation complete. [0.704 seconds] - 2026-09-04T18:00:02.051Z

Page reload sent to client(s).
> Changes detected. Rebuilding...
√ Changes detected. Rebuilding...
Initial chunk files | Names                                      |  Raw size
main.js             | main                                       |   5.18 kB | 
chunk-VUJOFXKG.js   | -                                          | 987 bytes | 

Lazy chunk files    | Names                                      |  Raw size
chunk-6A7TWAOS.js   | index                                      |   1.04 MB | 
chunk-XW3QHCS5.js   | simulation-decision-shell-component        |   1.00 MB | 
chunk-SCFROZVO.js   | exhibit-hall-page-component                | 366.96 kB | 
chunk-Y4LTRIRQ.js   | simulation-decision-builder-info-component |  77.84 kB | 
chunk-Z7QTMC6D.js   | class-exhibit-hall-routes                  |  68.98 kB | 
chunk-SFWYJH3Z.js   | -                                          |  66.49 kB | 
chunk-X5AUQ5XP.js   | frontier-trading-routes                    |  41.09 kB | 
chunk-FG7NZ2LT.js   | -                                          |  38.74 kB | 
chunk-YM24M3J3.js   | project-home-component                     |  32.01 kB | 
chunk-6RPSG5OD.js   | -                                          |  10.41 kB | 

Application bundle generation complete. [1.190 seconds] - 2026-09-04T18:03:03.793Z

Component update sent to client(s).
> Changes detected. Rebuilding...
√ Changes detected. Rebuilding...
Initial chunk files | Names                       |  Raw size
main.js             | main                        |   5.18 kB | 

Lazy chunk files    | Names                       |  Raw size
chunk-QVJSTTWJ.js   | exhibit-hall-page-component | 367.24 kB | 
chunk-G3Q45AEQ.js   | class-exhibit-hall-routes   |  68.98 kB | 

Application bundle generation complete. [0.916 seconds] - 2026-09-04T18:03:12.424Z

Component update sent to client(s).
> Changes detected. Rebuilding...
√ Changes detected. Rebuilding...
Initial chunk files | Names                       |  Raw size
main.js             | main                        |   5.18 kB | 

Lazy chunk files    | Names                       |  Raw size
chunk-AZTI5BSE.js   | exhibit-hall-page-component | 367.86 kB | 
chunk-OZY2SQFQ.js   | class-exhibit-hall-routes   |  68.98 kB | 

Application bundle generation complete. [1.952 seconds] - 2026-09-04T18:05:02.342Z

Component update sent to client(s).
> Changes detected. Rebuilding...
√ Changes detected. Rebuilding...
Initial chunk files | Names                       |  Raw size
main.js             | main                        |   5.18 kB | 

Lazy chunk files    | Names                       |  Raw size
chunk-TDD4GKIU.js   | exhibit-hall-page-component | 367.85 kB | 
chunk-6N2BEP7F.js   | class-exhibit-hall-routes   |  68.98 kB | 

Application bundle generation complete. [2.638 seconds] - 2026-09-04T18:07:10.095Z

Component update sent to client(s).
> Changes detected. Rebuilding...
√ Changes detected. Rebuilding...
Initial chunk files | Names                                      |  Raw size
main.js             | main                                       |   5.18 kB | 
chunk-VUJOFXKG.js   | -                                          | 987 bytes | 
styles.css          | styles                                     |  96 bytes | 

                    | Initial total                              |   6.26 kB

Lazy chunk files    | Names                                      |  Raw size
chunk-6A7TWAOS.js   | index                                      |   1.04 MB | 
chunk-XW3QHCS5.js   | simulation-decision-shell-component        |   1.00 MB | 
chunk-TDD4GKIU.js   | exhibit-hall-page-component                | 367.85 kB | 
chunk-Y4LTRIRQ.js   | simulation-decision-builder-info-component |  77.84 kB | 
chunk-6N2BEP7F.js   | class-exhibit-hall-routes                  |  68.98 kB | 
chunk-SFWYJH3Z.js   | -                                          |  66.49 kB | 
chunk-X5AUQ5XP.js   | frontier-trading-routes                    |  41.09 kB | 
chunk-FG7NZ2LT.js   | -                                          |  38.74 kB | 
chunk-YM24M3J3.js   | project-home-component                     |  32.01 kB | 
chunk-6RPSG5OD.js   | -                                          |  10.41 kB | 

Application bundle generation complete. [4.617 seconds] - 2026-09-04T18:17:38.498Z

Page reload sent to client(s).
> Changes detected. Rebuilding...
√ Changes detected. Rebuilding...
Initial chunk files | Names                               | Raw size
main.js             | main                                |  5.18 kB | 

Lazy chunk files    | Names                               | Raw size
chunk-67UYOERJ.js   | simulation-decision-shell-component |  1.00 MB | 
chunk-ZZYPI6JT.js   | frontier-trading-routes             | 41.16 kB | 

Application bundle generation complete. [2.378 seconds] - 2026-09-04T18:17:40.894Z

Page reload sent to client(s).
> Changes detected. Rebuilding...
√ Changes detected. Rebuilding...
Initial chunk files | Names                               | Raw size
main.js             | main                                |  5.18 kB | 

Lazy chunk files    | Names                               | Raw size
chunk-OJGBPFZZ.js   | simulation-decision-shell-component |  1.00 MB | 
chunk-YSQACMMR.js   | frontier-trading-routes             | 41.16 kB | 

Application bundle generation complete. [0.968 seconds] - 2026-09-04T18:17:51.424Z

Component update sent to client(s).
> Changes detected. Rebuilding...
√ Changes detected. Rebuilding...
Initial chunk files | Names                               | Raw size
main.js             | main                                |  5.18 kB | 

Lazy chunk files    | Names                               | Raw size
chunk-43UEVRUS.js   | simulation-decision-shell-component |  1.01 MB | 
chunk-Y4HW45Q5.js   | frontier-trading-routes             | 41.16 kB | 

Application bundle generation complete. [1.337 seconds] - 2026-09-04T18:18:16.857Z

Component update sent to client(s).
> Changes detected. Rebuilding...
√ Changes detected. Rebuilding...
Initial chunk files | Names                               | Raw size
main.js             | main                                |  5.18 kB | 

Lazy chunk files    | Names                               | Raw size
chunk-5H3APOMU.js   | simulation-decision-shell-component |  1.01 MB | 
chunk-ONMJKOGK.js   | frontier-trading-routes             | 41.16 kB | 

Application bundle generation complete. [1.082 seconds] - 2026-09-04T18:18:22.343Z

Component update sent to client(s).
> Changes detected. Rebuilding...
√ Changes detected. Rebuilding...
Initial chunk files | Names                   | Raw size
main.js             | main                    |  5.18 kB | 

Lazy chunk files    | Names                   | Raw size
chunk-VJ637PXO.js   | frontier-trading-routes | 42.38 kB | 

Application bundle generation complete. [0.512 seconds] - 2026-09-04T18:18:37.103Z

Page reload sent to client(s).
> Changes detected. Rebuilding...
√ Changes detected. Rebuilding...
Initial chunk files | Names                                      |  Raw size
main.js             | main                                       |   5.18 kB | 
chunk-VUJOFXKG.js   | -                                          | 987 bytes | 
styles.css          | styles                                     |  96 bytes | 

                    | Initial total                              |   6.26 kB

Lazy chunk files    | Names                                      |  Raw size
chunk-6A7TWAOS.js   | index                                      |   1.04 MB | 
chunk-5H3APOMU.js   | simulation-decision-shell-component        |   1.01 MB | 
chunk-TDD4GKIU.js   | exhibit-hall-page-component                | 367.85 kB | 
chunk-Y4LTRIRQ.js   | simulation-decision-builder-info-component |  77.84 kB | 
chunk-6N2BEP7F.js   | class-exhibit-hall-routes                  |  68.98 kB | 
chunk-SFWYJH3Z.js   | -                                          |  66.49 kB | 
chunk-VJ637PXO.js   | frontier-trading-routes                    |  42.38 kB | 
chunk-FG7NZ2LT.js   | -                                          |  38.74 kB | 
chunk-YM24M3J3.js   | project-home-component                     |  32.01 kB | 
chunk-6RPSG5OD.js   | -                                          |  10.41 kB | 

Application bundle generation complete. [0.076 seconds] - 2026-09-04T18:19:26.836Z

Page reload sent to client(s).
> Changes detected. Rebuilding...
√ Changes detected. Rebuilding...
Initial chunk files | Names                                      |  Raw size
main.js             | main                                       |   5.18 kB | 
chunk-VUJOFXKG.js   | -                                          | 987 bytes | 
styles.css          | styles                                     |  96 bytes | 

                    | Initial total                              |   6.26 kB

Lazy chunk files    | Names                                      |  Raw size
chunk-6A7TWAOS.js   | index                                      |   1.04 MB | 
chunk-5H3APOMU.js   | simulation-decision-shell-component        |   1.01 MB | 
chunk-TDD4GKIU.js   | exhibit-hall-page-component                | 367.85 kB | 
chunk-Y4LTRIRQ.js   | simulation-decision-builder-info-component |  77.84 kB | 
chunk-6N2BEP7F.js   | class-exhibit-hall-routes                  |  68.98 kB | 
chunk-SFWYJH3Z.js   | -                                          |  66.49 kB | 
chunk-VJ637PXO.js   | frontier-trading-routes                    |  42.38 kB | 
chunk-FG7NZ2LT.js   | -                                          |  38.74 kB | 
chunk-YM24M3J3.js   | project-home-component                     |  32.01 kB | 
chunk-6RPSG5OD.js   | -                                          |  10.41 kB | 

Application bundle generation complete. [0.308 seconds] - 2026-09-04T18:19:28.190Z

Page reload sent to client(s).
> Changes detected. Rebuilding...
√ Changes detected. Rebuilding...
Initial chunk files | Names                               | Raw size
main.js             | main                                |  5.18 kB | 

Lazy chunk files    | Names                               | Raw size
chunk-DNJOFIVZ.js   | simulation-decision-shell-component |  1.01 MB | 
chunk-4W4RSERC.js   | frontier-trading-routes             | 42.38 kB | 

Application bundle generation complete. [1.000 seconds] - 2026-09-04T18:19:48.921Z

Page reload sent to client(s).
> Changes detected. Rebuilding...
√ Changes detected. Rebuilding...
Initial chunk files | Names                                      |  Raw size
main.js             | main                                       |   5.18 kB | 
chunk-VUJOFXKG.js   | -                                          | 987 bytes | 
styles.css          | styles                                     |  96 bytes | 

                    | Initial total                              |   6.26 kB

Lazy chunk files    | Names                                      |  Raw size
chunk-6A7TWAOS.js   | index                                      |   1.04 MB | 
chunk-DNJOFIVZ.js   | simulation-decision-shell-component        |   1.01 MB | 
chunk-TDD4GKIU.js   | exhibit-hall-page-component                | 367.85 kB | 
chunk-Y4LTRIRQ.js   | simulation-decision-builder-info-component |  77.84 kB | 
chunk-6N2BEP7F.js   | class-exhibit-hall-routes                  |  68.98 kB | 
chunk-SFWYJH3Z.js   | -                                          |  66.49 kB | 
chunk-4W4RSERC.js   | frontier-trading-routes                    |  42.38 kB | 
chunk-FG7NZ2LT.js   | -                                          |  38.74 kB | 
chunk-YM24M3J3.js   | project-home-component                     |  32.01 kB | 
chunk-6RPSG5OD.js   | -                                          |  10.41 kB | 

Application bundle generation complete. [4.579 seconds] - 2026-09-04T18:25:39.865Z

Page reload sent to client(s).
> Changes detected. Rebuilding...
√ Changes detected. Rebuilding...
Initial chunk files | Names                               | Raw size
main.js             | main                                |  5.18 kB | 

Lazy chunk files    | Names                               | Raw size
chunk-TMPYZQ3B.js   | simulation-decision-shell-component |  1.01 MB | 
chunk-A677RXTV.js   | frontier-trading-routes             | 42.85 kB | 

Application bundle generation complete. [2.064 seconds] - 2026-09-04T18:25:41.940Z

Page reload sent to client(s).
> Changes detected. Rebuilding...
√ Changes detected. Rebuilding...
Initial chunk files | Names                               | Raw size
main.js             | main                                |  5.18 kB | 

Lazy chunk files    | Names                               | Raw size
chunk-7TAT4BK5.js   | simulation-decision-shell-component |  1.01 MB | 
chunk-O3NW67ZJ.js   | frontier-trading-routes             | 42.85 kB | 

Application bundle generation complete. [1.030 seconds] - 2026-09-04T18:26:05.490Z

Component update sent to client(s).
> Changes detected. Rebuilding...
√ Changes detected. Rebuilding...
Initial chunk files | Names                               | Raw size
main.js             | main                                |  5.18 kB | 

Lazy chunk files    | Names                               | Raw size
chunk-XA6424FK.js   | simulation-decision-shell-component |  1.01 MB | 
chunk-UQO7JJF3.js   | frontier-trading-routes             | 42.85 kB | 

Application bundle generation complete. [1.043 seconds] - 2026-09-04T18:26:32.262Z

Component update sent to client(s).
> Changes detected. Rebuilding...
√ Changes detected. Rebuilding...
Initial chunk files | Names                   | Raw size
main.js             | main                    |  5.18 kB | 

Lazy chunk files    | Names                   | Raw size
chunk-NYOVZT7B.js   | frontier-trading-routes | 43.83 kB | 

Application bundle generation complete. [0.949 seconds] - 2026-09-04T18:27:04.177Z

Page reload sent to client(s).
> Changes detected. Rebuilding...
√ Changes detected. Rebuilding...
Initial chunk files | Names                               | Raw size
main.js             | main                                |  5.18 kB | 

Lazy chunk files    | Names                               | Raw size
chunk-A4Z5VGOJ.js   | simulation-decision-shell-component |  1.01 MB | 
chunk-TS6MLXJ5.js   | frontier-trading-routes             | 43.83 kB | 

Application bundle generation complete. [0.937 seconds] - 2026-09-04T18:27:22.165Z

Component update sent to client(s).
> Changes detected. Rebuilding...
√ Changes detected. Rebuilding...
Application bundle generation failed. [1.580 seconds] - 2026-09-04T18:27:48.501Z

> Changes detected. Rebuilding...
√ Changes detected. Rebuilding...
Application bundle generation failed. [0.597 seconds] - 2026-09-04T18:28:20.996Z

> Changes detected. Rebuilding...
√ Changes detected. Rebuilding...
Initial chunk files | Names                                      |  Raw size
main.js             | main                                       |   5.18 kB | 
chunk-VUJOFXKG.js   | -                                          | 987 bytes | 
styles.css          | styles                                     |  96 bytes | 

                    | Initial total                              |   6.26 kB

Lazy chunk files    | Names                                      |  Raw size
chunk-6A7TWAOS.js   | index                                      |   1.04 MB | 
chunk-A4Z5VGOJ.js   | simulation-decision-shell-component        |   1.01 MB | 
chunk-RDKMRRRM.js   | exhibit-hall-page-component                | 385.84 kB | 
chunk-Y4LTRIRQ.js   | simulation-decision-builder-info-component |  77.84 kB | 
chunk-4IZCD5UQ.js   | class-exhibit-hall-routes                  |  68.98 kB | 
chunk-SFWYJH3Z.js   | -                                          |  66.49 kB | 
chunk-TS6MLXJ5.js   | frontier-trading-routes                    |  43.83 kB | 
chunk-FG7NZ2LT.js   | -                                          |  38.74 kB | 
chunk-YM24M3J3.js   | project-home-component                     |  32.01 kB | 
chunk-6RPSG5OD.js   | -                                          |  10.41 kB | 

Application bundle generation complete. [2.044 seconds] - 2026-09-04T18:29:10.515Z

Page reload sent to client(s).
> Changes detected. Rebuilding...
√ Changes detected. Rebuilding...
Initial chunk files | Names                       |  Raw size
main.js             | main                        |   5.18 kB | 

Lazy chunk files    | Names                       |  Raw size
chunk-7I45NUFQ.js   | exhibit-hall-page-component | 386.74 kB | 
chunk-MCMJEB4S.js   | class-exhibit-hall-routes   |  68.98 kB | 

Application bundle generation complete. [0.807 seconds] - 2026-09-04T18:29:20.069Z

Component update sent to client(s).
> Changes detected. Rebuilding...
√ Changes detected. Rebuilding...
Initial chunk files | Names                       |  Raw size
main.js             | main                        |   5.18 kB | 

Lazy chunk files    | Names                       |  Raw size
chunk-DQVJSBGI.js   | exhibit-hall-page-component | 387.49 kB | 
chunk-WJPCPP6D.js   | class-exhibit-hall-routes   |  68.98 kB | 

Application bundle generation complete. [1.193 seconds] - 2026-09-04T18:29:53.007Z

Component update sent to client(s).
> Changes detected. Rebuilding...
√ Changes detected. Rebuilding...
Initial chunk files | Names                       |  Raw size
main.js             | main                        |   5.18 kB | 

Lazy chunk files    | Names                       |  Raw size
chunk-WZLKTFH5.js   | exhibit-hall-page-component | 399.25 kB | 
chunk-FQUMZZDG.js   | class-exhibit-hall-routes   |  68.98 kB | 

Application bundle generation complete. [1.712 seconds] - 2026-09-04T18:31:11.773Z

Component update sent to client(s).
> Changes detected. Rebuilding...
√ Changes detected. Rebuilding...
Initial chunk files | Names                       |  Raw size
main.js             | main                        |   5.18 kB | 

Lazy chunk files    | Names                       |  Raw size
chunk-C7M4GQXV.js   | exhibit-hall-page-component | 399.73 kB | 
chunk-HSD5N7IX.js   | class-exhibit-hall-routes   |  68.98 kB | 

Application bundle generation complete. [1.152 seconds] - 2026-09-04T18:31:20.776Z

Component update sent to client(s).
> Changes detected. Rebuilding...
√ Changes detected. Rebuilding...

No output file changes.

Application bundle generation complete. [1.007 seconds] - 2026-09-04T18:31:31.924Z

Component update sent to client(s).
> Changes detected. Rebuilding...
√ Changes detected. Rebuilding...
Initial chunk files | Names                       |  Raw size
main.js             | main                        |   5.18 kB | 

Lazy chunk files    | Names                       |  Raw size
chunk-TWO4LPII.js   | exhibit-hall-page-component | 391.62 kB | 
chunk-HBIMRYKC.js   | class-exhibit-hall-routes   |  68.98 kB | 

Application bundle generation complete. [5.345 seconds] - 2026-09-04T18:34:29.895Z

Component update sent to client(s).
> Changes detected. Rebuilding...
√ Changes detected. Rebuilding...
Initial chunk files | Names                       |  Raw size
main.js             | main                        |   5.18 kB | 

Lazy chunk files    | Names                       |  Raw size
chunk-CJNGXDXG.js   | exhibit-hall-page-component | 386.73 kB | 
chunk-EFLKJ3KI.js   | class-exhibit-hall-routes   |  68.98 kB | 

Application bundle generation complete. [2.904 seconds] - 2026-09-04T18:34:55.980Z

Component update sent to client(s).
> Changes detected. Rebuilding...
√ Changes detected. Rebuilding...
Initial chunk files | Names                       |  Raw size
main.js             | main                        |   5.18 kB | 

Lazy chunk files    | Names                       |  Raw size
chunk-S6LVFPEC.js   | exhibit-hall-page-component | 386.66 kB | 
chunk-SRTKLYUU.js   | class-exhibit-hall-routes   |  68.98 kB | 

Application bundle generation complete. [4.636 seconds] - 2026-09-04T18:35:03.088Z

Component update sent to client(s).
> Changes detected. Rebuilding...
√ Changes detected. Rebuilding...
Application bundle generation failed. [1.595 seconds] - 2026-09-04T18:35:12.994Z

> Changes detected. Rebuilding...
√ Changes detected. Rebuilding...
Application bundle generation failed. [1.203 seconds] - 2026-09-04T18:35:55.345Z

> Changes detected. Rebuilding...
√ Changes detected. Rebuilding...
Application bundle generation failed. [1.040 seconds] - 2026-09-04T18:36:25.098Z

> Changes detected. Rebuilding...
√ Changes detected. Rebuilding...
Application bundle generation failed. [1.069 seconds] - 2026-09-04T18:37:26.234Z

> Changes detected. Rebuilding...
√ Changes detected. Rebuilding...
Application bundle generation failed. [2.282 seconds] - 2026-09-04T18:37:41.932Z

> Changes detected. Rebuilding...
√ Changes detected. Rebuilding...
Initial chunk files | Names                                      |  Raw size
main.js             | main                                       |   5.18 kB | 
chunk-GOMI4DH3.js   | -                                          |   1.42 kB | 
styles.css          | styles                                     |  96 bytes | 

                    | Initial total                              |   6.70 kB

Lazy chunk files    | Names                                      |  Raw size
chunk-3IBIV43O.js   | index                                      |   1.13 MB | 
chunk-NDTLXNO2.js   | simulation-decision-shell-component        |   1.02 MB | 
chunk-WL4HB42M.js   | exhibit-hall-page-component                | 386.62 kB | 
chunk-CHIZA3HQ.js   | simulation-decision-builder-info-component |  77.84 kB | 
chunk-TV62LAWH.js   | class-exhibit-hall-routes                  |  68.98 kB | 
chunk-PGDWNRHR.js   | -                                          |  66.49 kB | 
chunk-XUFEND3B.js   | frontier-trading-routes                    |  43.83 kB | 
chunk-43N54PES.js   | -                                          |  38.74 kB | 
chunk-Q42WNGUL.js   | project-home-component                     |  32.01 kB | 
chunk-DGU4ARBD.js   | -                                          |  10.41 kB | 

Application bundle generation complete. [1.998 seconds] - 2026-09-04T18:38:30.528Z

Page reload sent to client(s).
> Changes detected. Rebuilding...
√ Changes detected. Rebuilding...
Initial chunk files | Names | Raw size
main.js             | main  |  5.18 kB | 

Lazy chunk files    | Names | Raw size
chunk-5QZJT5ND.js   | index |  1.13 MB | 

Application bundle generation complete. [2.468 seconds] - 2026-09-04T18:38:33.018Z

Page reload sent to client(s).
> Changes detected. Rebuilding...
√ Changes detected. Rebuilding...
Initial chunk files | Names                               | Raw size
main.js             | main                                |  5.18 kB | 

Lazy chunk files    | Names                               | Raw size
chunk-QWT5HWND.js   | simulation-decision-shell-component |  1.02 MB | 
chunk-G2LVA3AT.js   | frontier-trading-routes             | 43.83 kB | 

Application bundle generation complete. [2.393 seconds] - 2026-09-04T18:38:47.128Z

Component update sent to client(s).
> Changes detected. Rebuilding...
√ Changes detected. Rebuilding...
Initial chunk files | Names                               | Raw size
main.js             | main                                |  5.18 kB | 

Lazy chunk files    | Names                               | Raw size
chunk-JIWKES2U.js   | simulation-decision-shell-component |  1.03 MB | 
chunk-XAJSNMAG.js   | frontier-trading-routes             | 43.83 kB | 

Application bundle generation complete. [1.573 seconds] - 2026-09-04T18:38:58.346Z

Component update sent to client(s).
> Changes detected. Rebuilding...
√ Changes detected. Rebuilding...
Initial chunk files | Names                               | Raw size
main.js             | main                                |  5.18 kB | 

Lazy chunk files    | Names                               | Raw size
chunk-ONKAD4E4.js   | simulation-decision-shell-component |  1.03 MB | 
chunk-ZTL2CSVG.js   | frontier-trading-routes             | 43.83 kB | 

Application bundle generation complete. [0.753 seconds] - 2026-09-04T18:39:38.057Z

Component update sent to client(s).
> Changes detected. Rebuilding...
√ Changes detected. Rebuilding...
Initial chunk files | Names                               | Raw size
main.js             | main                                |  5.18 kB | 

Lazy chunk files    | Names                               | Raw size
chunk-76P36IEZ.js   | simulation-decision-shell-component |  1.03 MB | 
chunk-C7SJ4J2E.js   | frontier-trading-routes             | 43.83 kB | 

Application bundle generation complete. [1.366 seconds] - 2026-09-04T18:40:04.719Z

Component update sent to client(s).
> Changes detected. Rebuilding...
√ Changes detected. Rebuilding...
Initial chunk files | Names                   | Raw size
main.js             | main                    |  5.18 kB | 

Lazy chunk files    | Names                   | Raw size
chunk-PVA74PQR.js   | frontier-trading-routes | 43.83 kB | 

Application bundle generation complete. [1.018 seconds] - 2026-09-04T18:40:35.057Z

Page reload sent to client(s).
> Changes detected. Rebuilding...
√ Changes detected. Rebuilding...
Initial chunk files | Names                   | Raw size
main.js             | main                    |  5.18 kB | 

Lazy chunk files    | Names                   | Raw size
chunk-TIYIHOID.js   | frontier-trading-routes | 44.83 kB | 

Application bundle generation complete. [1.239 seconds] - 2026-09-04T18:40:36.309Z

Page reload sent to client(s).
> Changes detected. Rebuilding...
√ Changes detected. Rebuilding...
Initial chunk files | Names                               | Raw size
main.js             | main                                |  5.18 kB | 

Lazy chunk files    | Names                               | Raw size
chunk-PVNRYGDZ.js   | simulation-decision-shell-component |  1.03 MB | 
chunk-ZV7FM6AR.js   | frontier-trading-routes             | 44.83 kB | 

Application bundle generation complete. [1.719 seconds] - 2026-09-04T18:41:03.767Z

Component update sent to client(s).
> Changes detected. Rebuilding...
√ Changes detected. Rebuilding...
Initial chunk files | Names                               | Raw size
main.js             | main                                |  5.18 kB | 

Lazy chunk files    | Names                               | Raw size
chunk-46FQFY7C.js   | simulation-decision-shell-component |  1.03 MB | 
chunk-7KFISPBH.js   | frontier-trading-routes             | 44.83 kB | 

Application bundle generation complete. [0.812 seconds] - 2026-09-04T18:41:04.584Z

Component update sent to client(s).
> Changes detected. Rebuilding...
√ Changes detected. Rebuilding...
Initial chunk files | Names                               | Raw size
main.js             | main                                |  5.18 kB | 

Lazy chunk files    | Names                               | Raw size
chunk-4YJ6NYU2.js   | simulation-decision-shell-component |  1.03 MB | 
chunk-QTJ3H676.js   | frontier-trading-routes             | 44.83 kB | 

Application bundle generation complete. [1.607 seconds] - 2026-09-04T18:42:15.391Z

Component update sent to client(s).
> Changes detected. Rebuilding...
√ Changes detected. Rebuilding...
Initial chunk files | Names  |  Raw size
styles.css          | styles | 350 bytes | 

Application bundle generation complete. [0.108 seconds] - 2026-09-04T18:48:49.565Z

Stylesheet update sent to client(s).
> Changes detected. Rebuilding...
√ Changes detected. Rebuilding...
Initial chunk files | Names                       |  Raw size
main.js             | main                        |   5.39 kB | 

Lazy chunk files    | Names                       |  Raw size
chunk-AMOYGNG6.js   | history-live-page-component | 307.52 kB | 
chunk-J74OBKNT.js   | -                           |  23.78 kB | 
chunk-4U6SE4TV.js   | history-live-routes         |  15.49 kB | 

Application bundle generation complete. [4.453 seconds] - 2026-09-04T18:53:52.892Z

Page reload sent to client(s).
> Changes detected. Rebuilding...
√ Changes detected. Rebuilding...
Initial chunk files | Names                  | Raw size
main.js             | main                   |  5.39 kB | 

Lazy chunk files    | Names                  | Raw size
chunk-NE4N2YPL.js   | project-home-component | 34.54 kB | 

Application bundle generation complete. [1.517 seconds] - 2026-09-04T18:53:54.475Z

Page reload sent to client(s).
> Changes detected. Rebuilding...
√ Changes detected. Rebuilding...
Application bundle generation failed. [3.497 seconds] - 2026-09-04T19:51:24.484Z

> Changes detected. Rebuilding...
√ Changes detected. Rebuilding...
Application bundle generation failed. [0.582 seconds] - 2026-09-04T19:51:25.072Z

> Changes detected. Rebuilding...
√ Changes detected. Rebuilding...
Application bundle generation failed. [1.946 seconds] - 2026-09-04T19:56:37.725Z

> Changes detected. Rebuilding...
√ Changes detected. Rebuilding...
Initial chunk files | Names                                      |  Raw size
main.js             | main                                       |   5.39 kB | 
chunk-GOMI4DH3.js   | -                                          |   1.42 kB | 
styles.css          | styles                                     | 350 bytes | 

                    | Initial total                              |   7.16 kB

Lazy chunk files    | Names                                      |  Raw size
chunk-PAHCCOXH.js   | simulation-decision-shell-component        |   1.14 MB | 
chunk-5QZJT5ND.js   | index                                      |   1.13 MB | 
chunk-WL4HB42M.js   | exhibit-hall-page-component                | 386.62 kB | 
chunk-AMOYGNG6.js   | history-live-page-component                | 307.52 kB | 
chunk-CHIZA3HQ.js   | simulation-decision-builder-info-component |  77.84 kB | 
chunk-TV62LAWH.js   | class-exhibit-hall-routes                  |  68.98 kB | 
chunk-PGDWNRHR.js   | -                                          |  66.49 kB | 
chunk-AD3UQWKR.js   | frontier-trading-routes                    |  45.27 kB | 
chunk-43N54PES.js   | -                                          |  38.74 kB | 
chunk-NE4N2YPL.js   | project-home-component                     |  34.54 kB | 
chunk-J74OBKNT.js   | -                                          |  23.78 kB | 
chunk-4U6SE4TV.js   | history-live-routes                        |  15.49 kB | 
chunk-64XVQFUZ.js   | -                                          |  10.46 kB | 

Application bundle generation complete. [1.719 seconds] - 2026-09-04T19:56:39.466Z

Page reload sent to client(s).
> Changes detected. Rebuilding...
√ Changes detected. Rebuilding...
Initial chunk files | Names                               | Raw size
main.js             | main                                |  5.39 kB | 

Lazy chunk files    | Names                               | Raw size
chunk-YSEX7AGM.js   | simulation-decision-shell-component |  1.14 MB | 
chunk-3VNUJXVU.js   | frontier-trading-routes             | 45.27 kB | 

Application bundle generation complete. [1.968 seconds] - 2026-09-04T19:56:41.446Z

Component update sent to client(s).
> Changes detected. Rebuilding...
√ Changes detected. Rebuilding...
Initial chunk files | Names                               | Raw size
main.js             | main                                |  5.39 kB | 

Lazy chunk files    | Names                               | Raw size
chunk-IKTYZ5FA.js   | simulation-decision-shell-component |  1.14 MB | 
chunk-JL3VL7GS.js   | frontier-trading-routes             | 45.27 kB | 

Application bundle generation complete. [0.863 seconds] - 2026-09-04T19:56:42.314Z

Component update sent to client(s).
> Changes detected. Rebuilding...
√ Changes detected. Rebuilding...
Initial chunk files | Names                               | Raw size
main.js             | main                                |  5.39 kB | 

Lazy chunk files    | Names                               | Raw size
chunk-U72WSU7Y.js   | simulation-decision-shell-component |  1.14 MB | 
chunk-ZDI7WFPK.js   | frontier-trading-routes             | 45.27 kB | 

Application bundle generation complete. [1.592 seconds] - 2026-09-04T19:57:34.247Z

Page reload sent to client(s).
> Changes detected. Rebuilding...
√ Changes detected. Rebuilding...
Initial chunk files | Names                               | Raw size
main.js             | main                                |  5.39 kB | 

Lazy chunk files    | Names                               | Raw size
chunk-SWPGL3ZB.js   | simulation-decision-shell-component |  1.14 MB | 
chunk-AMXYDT7N.js   | frontier-trading-routes             | 45.27 kB | 

Application bundle generation complete. [1.271 seconds] - 2026-09-04T19:57:35.538Z

Component update sent to client(s).
> Changes detected. Rebuilding...
√ Changes detected. Rebuilding...
Initial chunk files | Names                   | Raw size
main.js             | main                    |  5.39 kB | 

Lazy chunk files    | Names                   | Raw size
chunk-Z23ZPGIH.js   | frontier-trading-routes | 46.81 kB | 

Application bundle generation complete. [0.890 seconds] - 2026-09-04T19:57:36.442Z

Page reload sent to client(s).
> Changes detected. Rebuilding...
√ Changes detected. Rebuilding...
Initial chunk files | Names                               | Raw size
main.js             | main                                |  5.39 kB | 

Lazy chunk files    | Names                               | Raw size
chunk-C7Z7VFC2.js   | simulation-decision-shell-component |  1.14 MB | 
chunk-SBI4IJ7I.js   | frontier-trading-routes             | 46.81 kB | 

Application bundle generation complete. [1.649 seconds] - 2026-09-04T19:58:03.750Z

Page reload sent to client(s).
> Changes detected. Rebuilding...
√ Changes detected. Rebuilding...
Initial chunk files | Names                               | Raw size
main.js             | main                                |  5.39 kB | 

Lazy chunk files    | Names                               | Raw size
chunk-I626I53H.js   | simulation-decision-shell-component |  1.14 MB | 
chunk-RGRIN7KT.js   | frontier-trading-routes             | 46.81 kB | 

Application bundle generation complete. [2.763 seconds] - 2026-09-04T19:59:27.772Z

Component update sent to client(s).
> Changes detected. Rebuilding...
√ Changes detected. Rebuilding...
Initial chunk files | Names                       |  Raw size
main.js             | main                        |   5.39 kB | 

Lazy chunk files    | Names                       |  Raw size
chunk-E5IQQKXK.js   | history-live-page-component | 308.55 kB | 
chunk-U6AT3WXW.js   | history-live-routes         |  15.49 kB | 

Application bundle generation complete. [3.044 seconds] - 2026-09-04T20:09:31.467Z

Page reload sent to client(s).
> Changes detected. Rebuilding...
√ Changes detected. Rebuilding...
Initial chunk files | Names                       |  Raw size
main.js             | main                        |   5.39 kB | 

Lazy chunk files    | Names                       |  Raw size
chunk-SA2ORFNQ.js   | history-live-page-component | 316.85 kB | 
chunk-JGDEPMLR.js   | history-live-routes         |  15.49 kB | 

Application bundle generation complete. [3.309 seconds] - 2026-09-04T20:09:34.825Z

Component update sent to client(s).
> Changes detected. Rebuilding...
√ Changes detected. Rebuilding...
Initial chunk files | Names                       |  Raw size
main.js             | main                        |   5.39 kB | 

Lazy chunk files    | Names                       |  Raw size
chunk-KMNDOPTS.js   | history-live-page-component | 317.33 kB | 
chunk-CNMYEO76.js   | history-live-routes         |  15.49 kB | 

Application bundle generation complete. [1.676 seconds] - 2026-09-04T20:10:15.472Z

Page reload sent to client(s).
> Changes detected. Rebuilding...
√ Changes detected. Rebuilding...
Initial chunk files | Names                                      |  Raw size
main.js             | main                                       |   5.39 kB | 
chunk-GOMI4DH3.js   | -                                          |   1.42 kB | 
styles.css          | styles                                     | 350 bytes | 

                    | Initial total                              |   7.16 kB

Lazy chunk files    | Names                                      |  Raw size
chunk-I626I53H.js   | simulation-decision-shell-component        |   1.14 MB | 
chunk-5QZJT5ND.js   | index                                      |   1.13 MB | 
chunk-WL4HB42M.js   | exhibit-hall-page-component                | 386.62 kB | 
chunk-KMNDOPTS.js   | history-live-page-component                | 317.33 kB | 
chunk-CHIZA3HQ.js   | simulation-decision-builder-info-component |  77.84 kB | 
chunk-TV62LAWH.js   | class-exhibit-hall-routes                  |  68.98 kB | 
chunk-PGDWNRHR.js   | -                                          |  66.49 kB | 
chunk-RGRIN7KT.js   | frontier-trading-routes                    |  46.81 kB | 
chunk-43N54PES.js   | -                                          |  38.74 kB | 
chunk-NE4N2YPL.js   | project-home-component                     |  34.54 kB | 
chunk-J74OBKNT.js   | -                                          |  23.78 kB | 
chunk-CNMYEO76.js   | history-live-routes                        |  15.49 kB | 
chunk-64XVQFUZ.js   | -                                          |  10.46 kB | 

Application bundle generation complete. [0.090 seconds] - 2026-09-04T20:10:22.802Z

Page reload sent to client(s).
> Changes detected. Rebuilding...
√ Changes detected. Rebuilding...
Application bundle generation failed. [1.236 seconds] - 2026-09-04T20:11:23.211Z

> Changes detected. Rebuilding...
√ Changes detected. Rebuilding...
Initial chunk files | Names                                      |  Raw size
main.js             | main                                       |   5.39 kB | 
chunk-GOMI4DH3.js   | -                                          |   1.42 kB | 
styles.css          | styles                                     | 350 bytes | 

                    | Initial total                              |   7.16 kB

Lazy chunk files    | Names                                      |  Raw size
chunk-5QZJT5ND.js   | index                                      |   1.13 MB | 
chunk-IHAKY6MV.js   | simulation-decision-shell-component        |   1.13 MB | 
chunk-WL4HB42M.js   | exhibit-hall-page-component                | 386.62 kB | 
chunk-KMNDOPTS.js   | history-live-page-component                | 317.33 kB | 
chunk-CHIZA3HQ.js   | simulation-decision-builder-info-component |  77.84 kB | 
chunk-TV62LAWH.js   | class-exhibit-hall-routes                  |  68.98 kB | 
chunk-PGDWNRHR.js   | -                                          |  66.49 kB | 
chunk-VBXDSQBA.js   | frontier-trading-routes                    |  46.81 kB | 
chunk-43N54PES.js   | -                                          |  38.74 kB | 
chunk-NE4N2YPL.js   | project-home-component                     |  34.54 kB | 
chunk-J74OBKNT.js   | -                                          |  23.78 kB | 
chunk-CNMYEO76.js   | history-live-routes                        |  15.49 kB | 
chunk-64XVQFUZ.js   | -                                          |  10.46 kB | 

Application bundle generation complete. [0.842 seconds] - 2026-09-04T20:11:24.878Z

Page reload sent to client(s).
> Changes detected. Rebuilding...
√ Changes detected. Rebuilding...
Initial chunk files | Names                               | Raw size
main.js             | main                                |  5.39 kB | 

Lazy chunk files    | Names                               | Raw size
chunk-DKMMVD7T.js   | simulation-decision-shell-component |  1.13 MB | 
chunk-3JLPDQFO.js   | frontier-trading-routes             | 46.81 kB | 

Application bundle generation complete. [1.121 seconds] - 2026-09-04T20:11:28.963Z

Component update sent to client(s).
> Changes detected. Rebuilding...
√ Changes detected. Rebuilding...
Initial chunk files | Names                               | Raw size
main.js             | main                                |  5.39 kB | 

Lazy chunk files    | Names                               | Raw size
chunk-QK4ZJ3YH.js   | simulation-decision-shell-component |  1.13 MB | 
chunk-LQ5S7NI7.js   | frontier-trading-routes             | 46.81 kB | 

Application bundle generation complete. [1.934 seconds] - 2026-09-04T20:12:01.221Z

Component update sent to client(s).
> Changes detected. Rebuilding...
√ Changes detected. Rebuilding...
Initial chunk files | Names                               | Raw size
main.js             | main                                |  5.39 kB | 

Lazy chunk files    | Names                               | Raw size
chunk-VAG6N2Y5.js   | simulation-decision-shell-component |  1.13 MB | 
chunk-5RAVR2DT.js   | frontier-trading-routes             | 46.81 kB | 

Application bundle generation complete. [3.107 seconds] - 2026-09-04T20:12:04.337Z

Component update sent to client(s).
> Changes detected. Rebuilding...
√ Changes detected. Rebuilding...
Initial chunk files | Names                               | Raw size
main.js             | main                                |  5.39 kB | 

Lazy chunk files    | Names                               | Raw size
chunk-T4YJIZTL.js   | simulation-decision-shell-component |  1.13 MB | 
chunk-FFAAWNJD.js   | frontier-trading-routes             | 46.81 kB | 

Application bundle generation complete. [2.306 seconds] - 2026-09-04T20:12:06.660Z

Page reload sent to client(s).
> Changes detected. Rebuilding...
√ Changes detected. Rebuilding...
Initial chunk files | Names                               | Raw size
main.js             | main                                |  5.39 kB | 

Lazy chunk files    | Names                               | Raw size
chunk-DT2AQX7U.js   | simulation-decision-shell-component |  1.13 MB | 
chunk-22IZQ4S3.js   | frontier-trading-routes             | 46.81 kB | 

Application bundle generation complete. [1.937 seconds] - 2026-09-04T20:12:36.378Z

Component update sent to client(s).
> Changes detected. Rebuilding...
√ Changes detected. Rebuilding...
Initial chunk files | Names                               | Raw size
main.js             | main                                |  5.39 kB | 

Lazy chunk files    | Names                               | Raw size
chunk-LRPPRBMT.js   | simulation-decision-shell-component |  1.13 MB | 
chunk-K7YJBW2I.js   | frontier-trading-routes             | 46.81 kB | 

Application bundle generation complete. [1.163 seconds] - 2026-09-04T20:13:11.280Z

Component update sent to client(s).
> Changes detected. Rebuilding...
√ Changes detected. Rebuilding...
Initial chunk files | Names                               | Raw size
main.js             | main                                |  5.39 kB | 

Lazy chunk files    | Names                               | Raw size
chunk-RYXCZU2T.js   | simulation-decision-shell-component |  1.13 MB | 
chunk-OV4W6DY5.js   | frontier-trading-routes             | 46.81 kB | 

Application bundle generation complete. [1.343 seconds] - 2026-09-04T20:13:27.033Z

Page reload sent to client(s).
> Changes detected. Rebuilding...
√ Changes detected. Rebuilding...
Initial chunk files | Names                               | Raw size
main.js             | main                                |  5.39 kB | 

Lazy chunk files    | Names                               | Raw size
chunk-YKNLQF7D.js   | simulation-decision-shell-component |  1.13 MB | 
chunk-K367LSZQ.js   | frontier-trading-routes             | 46.81 kB | 

Application bundle generation complete. [1.818 seconds] - 2026-09-04T20:13:28.854Z

Page reload sent to client(s).
> Changes detected. Rebuilding...
√ Changes detected. Rebuilding...
Initial chunk files | Names                   | Raw size
main.js             | main                    |  5.39 kB | 

Lazy chunk files    | Names                   | Raw size
chunk-XLVDLFVK.js   | frontier-trading-routes | 46.81 kB | 

Application bundle generation complete. [1.045 seconds] - 2026-09-04T20:14:23.314Z

Page reload sent to client(s).
> Changes detected. Rebuilding...
√ Changes detected. Rebuilding...
Initial chunk files | Names                   | Raw size
main.js             | main                    |  5.39 kB | 

Lazy chunk files    | Names                   | Raw size
chunk-5G3V6P4K.js   | frontier-trading-routes | 47.72 kB | 

Application bundle generation complete. [1.321 seconds] - 2026-09-04T20:14:24.645Z

Page reload sent to client(s).
> Changes detected. Rebuilding...
√ Changes detected. Rebuilding...
Initial chunk files | Names                               | Raw size
main.js             | main                                |  5.39 kB | 

Lazy chunk files    | Names                               | Raw size
chunk-XIP2EF4F.js   | simulation-decision-shell-component |  1.13 MB | 
chunk-LIGRLS45.js   | frontier-trading-routes             | 47.72 kB | 

Application bundle generation complete. [2.129 seconds] - 2026-09-04T20:15:05.636Z

Component update sent to client(s).
> Changes detected. Rebuilding...
√ Changes detected. Rebuilding...
Initial chunk files | Names                               | Raw size
main.js             | main                                |  5.39 kB | 

Lazy chunk files    | Names                               | Raw size
chunk-R5CD45HI.js   | simulation-decision-shell-component |  1.13 MB | 
chunk-BWSXOGX3.js   | frontier-trading-routes             | 47.72 kB | 

Application bundle generation complete. [1.583 seconds] - 2026-09-04T20:15:07.231Z

Component update sent to client(s).
> Changes detected. Rebuilding...
√ Changes detected. Rebuilding...
Initial chunk files | Names                               | Raw size
main.js             | main                                |  5.39 kB | 

Lazy chunk files    | Names                               | Raw size
chunk-ALY6IJ7O.js   | simulation-decision-shell-component |  1.13 MB | 
chunk-WELUQIWF.js   | frontier-trading-routes             | 47.72 kB | 

Application bundle generation complete. [1.054 seconds] - 2026-09-04T20:15:08.291Z

Component update sent to client(s).
> Changes detected. Rebuilding...
√ Changes detected. Rebuilding...
Initial chunk files | Names                   | Raw size
main.js             | main                    |  5.39 kB | 

Lazy chunk files    | Names                   | Raw size
chunk-MTMKLJYW.js   | frontier-trading-routes | 48.01 kB | 

Application bundle generation complete. [0.830 seconds] - 2026-09-04T20:15:46.026Z

Page reload sent to client(s).
> Changes detected. Rebuilding...
√ Changes detected. Rebuilding...
Initial chunk files | Names                               | Raw size
main.js             | main                                |  5.39 kB | 

Lazy chunk files    | Names                               | Raw size
chunk-OOPWNZU5.js   | simulation-decision-shell-component |  1.13 MB | 
chunk-TUS5LO2O.js   | frontier-trading-routes             | 48.01 kB | 

Application bundle generation complete. [2.487 seconds] - 2026-09-04T20:15:48.934Z

Component update sent to client(s).
> Changes detected. Rebuilding...
√ Changes detected. Rebuilding...
Application bundle generation failed. [1.551 seconds] - 2026-09-04T20:22:46.444Z

> Changes detected. Rebuilding...
√ Changes detected. Rebuilding...
Initial chunk files | Names                                      |  Raw size
main.js             | main                                       |   5.39 kB | 
chunk-GOMI4DH3.js   | -                                          |   1.42 kB | 
styles.css          | styles                                     | 350 bytes | 

                    | Initial total                              |   7.16 kB

Lazy chunk files    | Names                                      |  Raw size
chunk-5QZJT5ND.js   | index                                      |   1.13 MB | 
chunk-OOPWNZU5.js   | simulation-decision-shell-component        |   1.13 MB | 
chunk-WL4HB42M.js   | exhibit-hall-page-component                | 386.62 kB | 
chunk-W572VMUM.js   | history-live-page-component                | 317.33 kB | 
chunk-CHIZA3HQ.js   | simulation-decision-builder-info-component |  77.84 kB | 
chunk-TV62LAWH.js   | class-exhibit-hall-routes                  |  68.98 kB | 
chunk-PGDWNRHR.js   | -                                          |  66.49 kB | 
chunk-TUS5LO2O.js   | frontier-trading-routes                    |  48.01 kB | 
chunk-43N54PES.js   | -                                          |  38.74 kB | 
chunk-NE4N2YPL.js   | project-home-component                     |  34.54 kB | 
chunk-HSCUDHFN.js   | -                                          |  24.02 kB | 
chunk-B5NNQVFX.js   | history-live-routes                        |  19.34 kB | 
chunk-64XVQFUZ.js   | -                                          |  10.46 kB | 

Application bundle generation complete. [4.239 seconds] - 2026-09-04T20:22:50.695Z

Page reload sent to client(s).
> Changes detected. Rebuilding...
√ Changes detected. Rebuilding...
Initial chunk files | Names                       |  Raw size
main.js             | main                        |   5.39 kB | 

Lazy chunk files    | Names                       |  Raw size
chunk-3JL32BMU.js   | history-live-page-component | 317.79 kB | 
chunk-VTXLQJYX.js   | history-live-routes         |  19.34 kB | 

Application bundle generation complete. [1.715 seconds] - 2026-09-04T20:23:21.966Z

Component update sent to client(s).
> Changes detected. Rebuilding...
√ Changes detected. Rebuilding...
Initial chunk files | Names                       |  Raw size
main.js             | main                        |   5.39 kB | 

Lazy chunk files    | Names                       |  Raw size
chunk-MLVLRKA3.js   | history-live-page-component | 319.42 kB | 
chunk-ML2ESMWI.js   | history-live-routes         |  19.34 kB | 

Application bundle generation complete. [2.065 seconds] - 2026-09-04T20:23:24.046Z

Page reload sent to client(s).
> Changes detected. Rebuilding...
√ Changes detected. Rebuilding...
Initial chunk files | Names                       |  Raw size
main.js             | main                        |   5.39 kB | 

Lazy chunk files    | Names                       |  Raw size
chunk-4PHD4OZG.js   | history-live-page-component | 318.82 kB | 
chunk-UW2JQJGU.js   | history-live-routes         |  19.34 kB | 

Application bundle generation complete. [0.979 seconds] - 2026-09-04T20:24:20.076Z

Component update sent to client(s).
> Changes detected. Rebuilding...
√ Changes detected. Rebuilding...
Initial chunk files | Names                       |  Raw size
main.js             | main                        |   5.39 kB | 

Lazy chunk files    | Names                       |  Raw size
chunk-BVVN2RJM.js   | history-live-page-component | 316.58 kB | 
chunk-DNT7NAQC.js   | history-live-routes         |  19.34 kB | 

Application bundle generation complete. [1.184 seconds] - 2026-09-04T20:24:21.267Z

Component update sent to client(s).
> Changes detected. Rebuilding...
√ Changes detected. Rebuilding...
Initial chunk files | Names                       |  Raw size
main.js             | main                        |   5.39 kB | 

Lazy chunk files    | Names                       |  Raw size
chunk-RL4GXCR6.js   | history-live-page-component | 316.58 kB | 
chunk-2FAYXG55.js   | -                           |  24.02 kB | 
chunk-VP2KPNPA.js   | history-live-routes         |  19.34 kB | 

Application bundle generation complete. [1.468 seconds] - 2026-09-04T20:25:27.994Z

Page reload sent to client(s).
> Changes detected. Rebuilding...
√ Changes detected. Rebuilding...
Initial chunk files | Names                       |  Raw size
main.js             | main                        |   5.39 kB | 

Lazy chunk files    | Names                       |  Raw size
chunk-KMS3F42E.js   | history-live-page-component | 316.58 kB | 
chunk-CZZSMLVS.js   | -                           |  25.77 kB | 
chunk-56OIGCYK.js   | history-live-routes         |  19.34 kB | 

Application bundle generation complete. [2.079 seconds] - 2026-09-04T20:25:30.082Z

Page reload sent to client(s).
> Changes detected. Rebuilding...
√ Changes detected. Rebuilding...
Initial chunk files | Names | Raw size
main.js             | main  |  5.39 kB | 

Lazy chunk files    | Names | Raw size
chunk-HVYH3AMK.js   | index |  1.13 MB | 

Application bundle generation complete. [1.011 seconds] - 2026-09-04T20:33:01.099Z

Component update sent to client(s).
> Changes detected. Rebuilding...
√ Changes detected. Rebuilding...
Initial chunk files | Names | Raw size
main.js             | main  |  5.39 kB | 

Lazy chunk files    | Names | Raw size
chunk-P3FNFNQI.js   | index |  1.13 MB | 

Application bundle generation complete. [0.852 seconds] - 2026-09-04T20:33:26.972Z

Component update sent to client(s).
> Changes detected. Rebuilding...
√ Changes detected. Rebuilding...
Initial chunk files | Names | Raw size
main.js             | main  |  5.39 kB | 

Lazy chunk files    | Names | Raw size
chunk-DQ7JQ2VC.js   | index |  1.13 MB | 

Application bundle generation complete. [0.597 seconds] - 2026-09-04T20:33:40.521Z

Component update sent to client(s).
> Changes detected. Rebuilding...
√ Changes detected. Rebuilding...
Initial chunk files | Names | Raw size
main.js             | main  |  5.39 kB | 

Lazy chunk files    | Names | Raw size
chunk-K623L54I.js   | index |  1.13 MB | 

Application bundle generation complete. [0.738 seconds] - 2026-09-04T20:33:59.648Z

Component update sent to client(s).
> Changes detected. Rebuilding...
√ Changes detected. Rebuilding...
Initial chunk files | Names | Raw size
main.js             | main  |  5.39 kB | 

Lazy chunk files    | Names | Raw size
chunk-MQYNP7BM.js   | index |  1.12 MB | 

Application bundle generation complete. [0.656 seconds] - 2026-09-04T20:34:06.786Z

Component update sent to client(s).
> Changes detected. Rebuilding...
√ Changes detected. Rebuilding...
Initial chunk files | Names | Raw size
main.js             | main  |  5.39 kB | 

Lazy chunk files    | Names | Raw size
chunk-5UTYWF23.js   | index |  1.12 MB | 

Application bundle generation complete. [0.986 seconds] - 2026-09-04T20:34:28.906Z

Component update sent to client(s).
> Changes detected. Rebuilding...
√ Changes detected. Rebuilding...
Initial chunk files | Names | Raw size
main.js             | main  |  5.39 kB | 

Lazy chunk files    | Names | Raw size
chunk-4IUL2K6N.js   | index |  1.12 MB | 

Application bundle generation complete. [1.292 seconds] - 2026-09-04T20:34:48.076Z

Page reload sent to client(s).
> Changes detected. Rebuilding...
√ Changes detected. Rebuilding...
Initial chunk files | Names | Raw size
main.js             | main  |  5.39 kB | 

Lazy chunk files    | Names | Raw size
chunk-NBH3IA35.js   | index |  1.12 MB | 

Application bundle generation complete. [0.672 seconds] - 2026-09-04T20:35:11.012Z

Component update sent to client(s).
> Changes detected. Rebuilding...
√ Changes detected. Rebuilding...
Initial chunk files | Names | Raw size
main.js             | main  |  5.39 kB | 

Lazy chunk files    | Names | Raw size
chunk-FN7IVDIW.js   | index |  1.12 MB | 

Application bundle generation complete. [1.352 seconds] - 2026-09-04T20:35:47.212Z

Component update sent to client(s).
> Changes detected. Rebuilding...
√ Changes detected. Rebuilding...
Initial chunk files | Names | Raw size
main.js             | main  |  5.39 kB | 

Lazy chunk files    | Names | Raw size
chunk-STRXSHS6.js   | index |  1.12 MB | 

Application bundle generation complete. [1.861 seconds] - 2026-09-04T20:37:22.511Z

Page reload sent to client(s).
> Changes detected. Rebuilding...
√ Changes detected. Rebuilding...
Initial chunk files | Names                               | Raw size
main.js             | main                                |  5.39 kB | 

Lazy chunk files    | Names                               | Raw size
chunk-TG57YKM5.js   | simulation-decision-shell-component |  1.11 MB | 
chunk-VUFXOTST.js   | frontier-trading-routes             | 48.01 kB | 

Application bundle generation complete. [0.871 seconds] - 2026-09-04T20:38:43.339Z

Component update sent to client(s).
> Changes detected. Rebuilding...
√ Changes detected. Rebuilding...
Initial chunk files | Names                               | Raw size
main.js             | main                                |  5.39 kB | 

Lazy chunk files    | Names                               | Raw size
chunk-V2RE7X7E.js   | simulation-decision-shell-component |  1.13 MB | 
chunk-KOYA4TIF.js   | frontier-trading-routes             | 48.01 kB | 

Application bundle generation complete. [1.213 seconds] - 2026-09-04T20:40:31.864Z

Component update sent to client(s).
> Changes detected. Rebuilding...
√ Changes detected. Rebuilding...
Initial chunk files | Names                               | Raw size
main.js             | main                                |  5.39 kB | 

Lazy chunk files    | Names                               | Raw size
chunk-CS3T4ARG.js   | simulation-decision-shell-component |  1.13 MB | 
chunk-5RCEBP4N.js   | frontier-trading-routes             | 48.01 kB | 

Application bundle generation complete. [1.226 seconds] - 2026-09-04T20:41:12.174Z

Component update sent to client(s).
> Changes detected. Rebuilding...
√ Changes detected. Rebuilding...
Initial chunk files | Names                               | Raw size
main.js             | main                                |  5.39 kB | 

Lazy chunk files    | Names                               | Raw size
chunk-6I3RRMP6.js   | simulation-decision-shell-component |  1.13 MB | 
chunk-V3XOI36S.js   | frontier-trading-routes             | 48.01 kB | 

Application bundle generation complete. [1.327 seconds] - 2026-09-04T20:41:20.697Z

Component update sent to client(s).
> Changes detected. Rebuilding...
√ Changes detected. Rebuilding...
Initial chunk files | Names                               | Raw size
main.js             | main                                |  5.39 kB | 

Lazy chunk files    | Names                               | Raw size
chunk-X2R27R7V.js   | simulation-decision-shell-component |  1.13 MB | 
chunk-WWTCWMIX.js   | frontier-trading-routes             | 48.01 kB | 

Application bundle generation complete. [1.360 seconds] - 2026-09-04T20:41:32.593Z

Component update sent to client(s).
> Changes detected. Rebuilding...
√ Changes detected. Rebuilding...
Initial chunk files | Names                               | Raw size
main.js             | main                                |  5.39 kB | 

Lazy chunk files    | Names                               | Raw size
chunk-3FTDMNLB.js   | simulation-decision-shell-component |  1.13 MB | 
chunk-ZMEJSYK7.js   | frontier-trading-routes             | 48.01 kB | 

Application bundle generation complete. [1.114 seconds] - 2026-09-04T20:41:38.087Z

Component update sent to client(s).
> Changes detected. Rebuilding...
√ Changes detected. Rebuilding...
Initial chunk files | Names                               | Raw size
main.js             | main                                |  5.39 kB | 

Lazy chunk files    | Names                               | Raw size
chunk-LPMMGSFM.js   | simulation-decision-shell-component |  1.12 MB | 
chunk-ZYIAJ2BC.js   | frontier-trading-routes             | 48.01 kB | 

Application bundle generation complete. [0.979 seconds] - 2026-09-04T20:41:47.311Z

Component update sent to client(s).
> Changes detected. Rebuilding...
√ Changes detected. Rebuilding...
Initial chunk files | Names                               | Raw size
main.js             | main                                |  5.39 kB | 

Lazy chunk files    | Names                               | Raw size
chunk-F2QPUEQN.js   | simulation-decision-shell-component |  1.12 MB | 
chunk-AW3CRARI.js   | frontier-trading-routes             | 48.01 kB | 

Application bundle generation complete. [1.032 seconds] - 2026-09-04T20:42:14.775Z

Component update sent to client(s).
> Changes detected. Rebuilding...
√ Changes detected. Rebuilding...
Initial chunk files | Names                               | Raw size
main.js             | main                                |  5.39 kB | 

Lazy chunk files    | Names                               | Raw size
chunk-XJZMALM2.js   | simulation-decision-shell-component |  1.11 MB | 
chunk-KWHHQNYF.js   | frontier-trading-routes             | 48.01 kB | 

Application bundle generation complete. [1.136 seconds] - 2026-09-04T20:42:53.401Z

Component update sent to client(s).
> Changes detected. Rebuilding...
√ Changes detected. Rebuilding...
Initial chunk files | Names                               | Raw size
main.js             | main                                |  5.39 kB | 

Lazy chunk files    | Names                               | Raw size
chunk-YTPVQQ3T.js   | simulation-decision-shell-component |  1.10 MB | 
chunk-NOI5KMNZ.js   | frontier-trading-routes             | 48.01 kB | 

Application bundle generation complete. [1.069 seconds] - 2026-09-04T20:43:06.265Z

Component update sent to client(s).
> Changes detected. Rebuilding...
√ Changes detected. Rebuilding...
Initial chunk files | Names | Raw size
main.js             | main  |  5.39 kB | 

Lazy chunk files    | Names | Raw size
chunk-X4UNZYXX.js   | index |  1.13 MB | 

Application bundle generation complete. [1.219 seconds] - 2026-09-04T20:43:30.453Z

Component update sent to client(s).
> Changes detected. Rebuilding...
√ Changes detected. Rebuilding...
Initial chunk files | Names | Raw size
main.js             | main  |  5.39 kB | 

Lazy chunk files    | Names | Raw size
chunk-FSMB2N6O.js   | index |  1.13 MB | 

Application bundle generation complete. [1.187 seconds] - 2026-09-04T20:43:41.134Z

Component update sent to client(s).
> Changes detected. Rebuilding...
√ Changes detected. Rebuilding...
Initial chunk files | Names | Raw size
main.js             | main  |  5.39 kB | 

Lazy chunk files    | Names | Raw size
chunk-QVDNOLFM.js   | index |  1.13 MB | 

Application bundle generation complete. [1.204 seconds] - 2026-09-04T20:44:04.283Z

Component update sent to client(s).
> Changes detected. Rebuilding...
√ Changes detected. Rebuilding...
Initial chunk files | Names                               | Raw size
main.js             | main                                |  5.39 kB | 

Lazy chunk files    | Names                               | Raw size
chunk-SAQ2H7FT.js   | simulation-decision-shell-component |  1.10 MB | 
chunk-EMFMTTMY.js   | frontier-trading-routes             | 48.01 kB | 

Application bundle generation complete. [2.717 seconds] - 2026-09-04T20:44:10.837Z

Component update sent to client(s).
> Changes detected. Rebuilding...
√ Changes detected. Rebuilding...
Initial chunk files | Names                               | Raw size
main.js             | main                                |  5.39 kB | 

Lazy chunk files    | Names                               | Raw size
chunk-T3MAXVTU.js   | simulation-decision-shell-component |  1.10 MB | 
chunk-PIVBPT3J.js   | frontier-trading-routes             | 48.01 kB | 

Application bundle generation complete. [1.980 seconds] - 2026-09-04T20:44:12.950Z

Component update sent to client(s).
> Changes detected. Rebuilding...
√ Changes detected. Rebuilding...
Initial chunk files | Names                   | Raw size
main.js             | main                    |  5.39 kB | 

Lazy chunk files    | Names                   | Raw size
chunk-BXUBXKHI.js   | frontier-trading-routes | 48.69 kB | 

Application bundle generation complete. [1.397 seconds] - 2026-09-04T20:44:14.355Z

Page reload sent to client(s).
> Changes detected. Rebuilding...
√ Changes detected. Rebuilding...
Initial chunk files | Names                               | Raw size
main.js             | main                                |  5.39 kB | 

Lazy chunk files    | Names                               | Raw size
chunk-2VDUAZLB.js   | index                               |  1.13 MB | 
chunk-BTQ44D35.js   | simulation-decision-shell-component |  1.10 MB | 
chunk-VPDXX3UP.js   | frontier-trading-routes             | 48.69 kB | 

Application bundle generation complete. [2.154 seconds] - 2026-09-04T20:44:28.717Z

Component update sent to client(s).
> Changes detected. Rebuilding...
√ Changes detected. Rebuilding...
Initial chunk files | Names                               | Raw size
main.js             | main                                |  5.39 kB | 

Lazy chunk files    | Names                               | Raw size
chunk-WXSHRXAE.js   | simulation-decision-shell-component |  1.10 MB | 
chunk-3SYIKXV3.js   | frontier-trading-routes             | 48.69 kB | 

Application bundle generation complete. [0.529 seconds] - 2026-09-04T20:44:29.250Z

Component update sent to client(s).
> Changes detected. Rebuilding...
√ Changes detected. Rebuilding...
Initial chunk files | Names | Raw size
main.js             | main  |  5.39 kB | 

Lazy chunk files    | Names | Raw size
chunk-NHAYFDE4.js   | index |  1.13 MB | 

Application bundle generation complete. [0.977 seconds] - 2026-09-04T20:45:01.487Z

Component update sent to client(s).
> Changes detected. Rebuilding...
√ Changes detected. Rebuilding...
Initial chunk files | Names                        | Raw size
main.js             | main                         |  5.61 kB | 

Lazy chunk files    | Names                        | Raw size
chunk-XKP3CVRL.js   | debate-studio-page-component | 50.68 kB | 
chunk-PEJKAAQO.js   | -                            | 23.15 kB | 
chunk-JA6WWLDT.js   | debate-studio-routes         | 14.09 kB | 

Application bundle generation complete. [2.019 seconds] - 2026-09-04T20:45:16.515Z

Page reload sent to client(s).
> Changes detected. Rebuilding...
√ Changes detected. Rebuilding...
Initial chunk files | Names                  | Raw size
main.js             | main                   |  5.61 kB | 

Lazy chunk files    | Names                  | Raw size
chunk-BLNUNUUD.js   | index                  |  1.13 MB | 
chunk-SOLSYTW6.js   | project-home-component | 37.16 kB | 

Application bundle generation complete. [2.200 seconds] - 2026-09-04T20:45:18.749Z

Page reload sent to client(s).
> Changes detected. Rebuilding...
√ Changes detected. Rebuilding...
Initial chunk files | Names | Raw size
main.js             | main  |  5.61 kB | 

Lazy chunk files    | Names | Raw size
chunk-E6VPCQVO.js   | index |  1.13 MB | 

Application bundle generation complete. [1.649 seconds] - 2026-09-04T20:45:24.567Z

Component update sent to client(s).
> Changes detected. Rebuilding...
√ Changes detected. Rebuilding...
Initial chunk files | Names | Raw size
main.js             | main  |  5.61 kB | 

Lazy chunk files    | Names | Raw size
chunk-P5QROJGI.js   | index |  1.13 MB | 

Application bundle generation complete. [1.457 seconds] - 2026-09-04T20:46:52.746Z

Component update sent to client(s).
> Changes detected. Rebuilding...
√ Changes detected. Rebuilding...
Initial chunk files | Names | Raw size
main.js             | main  |  5.61 kB | 

Lazy chunk files    | Names | Raw size
chunk-4DYGE2M4.js   | index |  1.13 MB | 

Application bundle generation complete. [2.380 seconds] - 2026-09-04T20:47:47.335Z

Component update sent to client(s).
> Changes detected. Rebuilding...
√ Changes detected. Rebuilding...
Initial chunk files | Names | Raw size
main.js             | main  |  5.61 kB | 

Lazy chunk files    | Names | Raw size
chunk-S24FI3T4.js   | index |  1.13 MB | 

Application bundle generation complete. [4.049 seconds] - 2026-09-04T20:48:20.654Z

Page reload sent to client(s).
> Changes detected. Rebuilding...
√ Changes detected. Rebuilding...
Application bundle generation failed. [1.234 seconds] - 2026-09-04T20:48:45.119Z

> Changes detected. Rebuilding...
√ Changes detected. Rebuilding...
Application bundle generation failed. [0.611 seconds] - 2026-09-04T20:48:45.738Z

> Changes detected. Rebuilding...
√ Changes detected. Rebuilding...
Application bundle generation failed. [1.425 seconds] - 2026-09-04T20:48:56.598Z

> Changes detected. Rebuilding...
√ Changes detected. Rebuilding...
Application bundle generation failed. [1.163 seconds] - 2026-09-04T20:49:03.313Z

> Changes detected. Rebuilding...
√ Changes detected. Rebuilding...
Application bundle generation failed. [1.368 seconds] - 2026-09-04T20:49:05.838Z

> Changes detected. Rebuilding...
√ Changes detected. Rebuilding...
Application bundle generation failed. [2.857 seconds] - 2026-09-04T20:49:09.030Z

> Changes detected. Rebuilding...
√ Changes detected. Rebuilding...
Application bundle generation failed. [5.664 seconds] - 2026-09-04T20:54:37.425Z

> Changes detected. Rebuilding...
√ Changes detected. Rebuilding...
Application bundle generation failed. [0.796 seconds] - 2026-09-04T20:54:38.239Z

> Changes detected. Rebuilding...
√ Changes detected. Rebuilding...
Application bundle generation failed. [2.174 seconds] - 2026-09-04T20:55:15.943Z

> Changes detected. Rebuilding...
√ Changes detected. Rebuilding...
Application bundle generation failed. [1.102 seconds] - 2026-09-04T20:55:49.569Z

> Changes detected. Rebuilding...
√ Changes detected. Rebuilding...
Application bundle generation failed. [1.277 seconds] - 2026-09-04T20:55:50.864Z

> Changes detected. Rebuilding...
√ Changes detected. Rebuilding...
Initial chunk files | Names                                      |  Raw size
main.js             | main                                       |   5.61 kB | 
chunk-GOMI4DH3.js   | -                                          |   1.42 kB | 
styles.css          | styles                                     | 350 bytes | 

                    | Initial total                              |   7.38 kB

Lazy chunk files    | Names                                      |  Raw size
chunk-555RUXP7.js   | index                                      |   1.13 MB | 
chunk-L6L4IFEN.js   | simulation-decision-shell-component        |   1.10 MB | 
chunk-WL4HB42M.js   | exhibit-hall-page-component                | 386.62 kB | 
chunk-KMS3F42E.js   | history-live-page-component                | 316.58 kB | 
chunk-3UCY35HZ.js   | debate-studio-page-component               | 240.98 kB | 
chunk-CFD24K6Q.js   | simulation-decision-builder-info-component |  77.84 kB | 
chunk-TV62LAWH.js   | class-exhibit-hall-routes                  |  68.98 kB | 
chunk-PGDWNRHR.js   | -                                          |  66.49 kB | 
chunk-BWO6JJDK.js   | frontier-trading-routes                    |  48.88 kB | 
chunk-RGD4EGKF.js   | -                                          |  40.08 kB | 
chunk-SOLSYTW6.js   | project-home-component                     |  37.16 kB | 
chunk-CZZSMLVS.js   | -                                          |  25.77 kB | 
chunk-PEJKAAQO.js   | -                                          |  23.15 kB | 
chunk-56OIGCYK.js   | history-live-routes                        |  19.34 kB | 
chunk-4QTTTROZ.js   | debate-studio-routes                       |  14.09 kB | 
...and 1 more lazy chunks files. Use "--verbose" to show all the files.

Application bundle generation complete. [1.413 seconds] - 2026-09-04T20:55:52.295Z

Page reload sent to client(s).
> Changes detected. Rebuilding...
√ Changes detected. Rebuilding...
Initial chunk files | Names                               | Raw size
main.js             | main                                |  5.61 kB | 

Lazy chunk files    | Names                               | Raw size
chunk-A6HH5ZK4.js   | simulation-decision-shell-component |  1.11 MB | 
chunk-W6HBWABL.js   | frontier-trading-routes             | 48.88 kB | 

Application bundle generation complete. [2.387 seconds] - 2026-09-04T20:56:10.767Z

Component update sent to client(s).
> Changes detected. Rebuilding...
√ Changes detected. Rebuilding...
Initial chunk files | Names                               | Raw size
main.js             | main                                |  5.61 kB | 

Lazy chunk files    | Names                               | Raw size
chunk-FK2SSC42.js   | simulation-decision-shell-component |  1.11 MB | 
chunk-GMPNMDH4.js   | frontier-trading-routes             | 48.88 kB | 

Application bundle generation complete. [2.333 seconds] - 2026-09-04T20:56:41.152Z

Component update sent to client(s).
> Changes detected. Rebuilding...
√ Changes detected. Rebuilding...
Initial chunk files | Names                               | Raw size
main.js             | main                                |  5.61 kB | 

Lazy chunk files    | Names                               | Raw size
chunk-USOVZRDW.js   | simulation-decision-shell-component |  1.11 MB | 
chunk-VRKDK6T7.js   | frontier-trading-routes             | 48.88 kB | 

Application bundle generation complete. [2.204 seconds] - 2026-09-04T20:56:48.533Z

Component update sent to client(s).
> Changes detected. Rebuilding...
√ Changes detected. Rebuilding...
Initial chunk files | Names                        |  Raw size
main.js             | main                         |   5.61 kB | 

Lazy chunk files    | Names                        |  Raw size
chunk-YJKY4AX4.js   | debate-studio-page-component | 240.97 kB | 
chunk-5RBIZGDW.js   | debate-studio-routes         |  14.09 kB | 

Application bundle generation complete. [1.735 seconds] - 2026-09-04T20:56:58.925Z

Component update sent to client(s).
> Changes detected. Rebuilding...
√ Changes detected. Rebuilding...
Initial chunk files | Names                               | Raw size
main.js             | main                                |  5.61 kB | 

Lazy chunk files    | Names                               | Raw size
chunk-6BHS4K3C.js   | simulation-decision-shell-component |  1.11 MB | 
chunk-KE6IJ3PX.js   | frontier-trading-routes             | 48.88 kB | 

Application bundle generation complete. [2.186 seconds] - 2026-09-04T20:57:12.336Z

Component update sent to client(s).
> Changes detected. Rebuilding...
√ Changes detected. Rebuilding...
Initial chunk files | Names                        |  Raw size
main.js             | main                         |   5.61 kB | 

Lazy chunk files    | Names                        |  Raw size
chunk-HILNL43N.js   | debate-studio-page-component | 236.22 kB | 
chunk-OLLRF2QB.js   | debate-studio-routes         |  14.09 kB | 

Application bundle generation complete. [6.197 seconds] - 2026-09-04T20:59:51.739Z

Component update sent to client(s).
> Changes detected. Rebuilding...
√ Changes detected. Rebuilding...
Initial chunk files | Names                        |  Raw size
main.js             | main                         |   5.61 kB | 
styles.css          | styles                       |   5.07 kB | 

Lazy chunk files    | Names                        |  Raw size
chunk-P3GIQ2L5.js   | debate-studio-page-component | 230.82 kB | 
chunk-235VMZH6.js   | debate-studio-routes         |  14.09 kB | 

Application bundle generation complete. [1.212 seconds] - 2026-09-04T20:59:52.962Z

Page reload sent to client(s).
> Changes detected. Rebuilding...
√ Changes detected. Rebuilding...
Initial chunk files | Names                                      | Raw size
main.js             | main                                       |  5.61 kB | 

Lazy chunk files    | Names                                      | Raw size
chunk-OIQJPUR6.js   | simulation-decision-shell-component        |  1.11 MB | 
chunk-3Q2AQLXA.js   | simulation-decision-builder-info-component | 77.84 kB | 
chunk-423D3OTH.js   | frontier-trading-routes                    | 48.88 kB | 
chunk-GCLBOJQY.js   | -                                          | 40.33 kB | 
chunk-PTP752IU.js   | -                                          | 10.46 kB | 

Application bundle generation complete. [1.355 seconds] - 2026-09-04T21:01:00.340Z

Page reload sent to client(s).
> Changes detected. Rebuilding...
√ Changes detected. Rebuilding...
Initial chunk files | Names                               | Raw size
main.js             | main                                |  5.61 kB | 

Lazy chunk files    | Names                               | Raw size
chunk-QFGQ32CW.js   | simulation-decision-shell-component |  1.11 MB | 
chunk-UNS3T6L4.js   | frontier-trading-routes             | 48.88 kB | 

Application bundle generation complete. [2.782 seconds] - 2026-09-04T21:01:03.128Z

Page reload sent to client(s).
> Changes detected. Rebuilding...
√ Changes detected. Rebuilding...
Initial chunk files | Names                               | Raw size
main.js             | main                                |  5.61 kB | 

Lazy chunk files    | Names                               | Raw size
chunk-JLGBK3ST.js   | simulation-decision-shell-component |  1.11 MB | 
chunk-INTTWGHI.js   | frontier-trading-routes             | 48.88 kB | 

Application bundle generation complete. [2.874 seconds] - 2026-09-04T21:01:06.012Z

Component update sent to client(s).
> Changes detected. Rebuilding...
√ Changes detected. Rebuilding...
Initial chunk files | Names                   | Raw size
main.js             | main                    |  5.61 kB | 

Lazy chunk files    | Names                   | Raw size
chunk-5RNQL6FS.js   | frontier-trading-routes | 48.88 kB | 

Application bundle generation complete. [1.511 seconds] - 2026-09-04T21:01:07.530Z

Page reload sent to client(s).
> Changes detected. Rebuilding...
√ Changes detected. Rebuilding...
Initial chunk files | Names                   | Raw size
main.js             | main                    |  5.61 kB | 

Lazy chunk files    | Names                   | Raw size
chunk-UDD75JUP.js   | frontier-trading-routes | 49.83 kB | 

Application bundle generation complete. [1.110 seconds] - 2026-09-04T21:01:08.645Z

Page reload sent to client(s).
> Changes detected. Rebuilding...
√ Changes detected. Rebuilding...
Initial chunk files | Names | Raw size
main.js             | main  |  5.61 kB | 

Lazy chunk files    | Names | Raw size
chunk-JTO4DRT5.js   | index |  1.14 MB | 

Application bundle generation complete. [1.614 seconds] - 2026-09-04T21:01:20.127Z

Page reload sent to client(s).
> Changes detected. Rebuilding...
√ Changes detected. Rebuilding...
Initial chunk files | Names | Raw size
main.js             | main  |  5.61 kB | 

Lazy chunk files    | Names | Raw size
chunk-J2PDHAT7.js   | index |  1.15 MB | 

Application bundle generation complete. [1.794 seconds] - 2026-09-04T21:01:35.817Z

Component update sent to client(s).
> Changes detected. Rebuilding...
√ Changes detected. Rebuilding...
Initial chunk files | Names                        |  Raw size
main.js             | main                         |   5.61 kB | 

Lazy chunk files    | Names                        |  Raw size
chunk-PPVERQUH.js   | debate-studio-page-component | 229.70 kB | 
chunk-QYCLSMXE.js   | debate-studio-routes         |  14.09 kB | 

Application bundle generation complete. [1.535 seconds] - 2026-09-04T21:01:37.359Z

Page reload sent to client(s).
> Changes detected. Rebuilding...
√ Changes detected. Rebuilding...
Initial chunk files | Names | Raw size
main.js             | main  |  5.61 kB | 

Lazy chunk files    | Names | Raw size
chunk-EQITOA6H.js   | index |  1.15 MB | 

Application bundle generation complete. [6.555 seconds] - 2026-09-04T21:02:05.258Z

Component update sent to client(s).
> Changes detected. Rebuilding...
√ Changes detected. Rebuilding...
Initial chunk files | Names | Raw size
main.js             | main  |  5.61 kB | 

Lazy chunk files    | Names | Raw size
chunk-372MXT2V.js   | index |  1.15 MB | 

Application bundle generation complete. [5.636 seconds] - 2026-09-04T21:02:28.540Z

Component update sent to client(s).
> Changes detected. Rebuilding...
√ Changes detected. Rebuilding...
Initial chunk files | Names | Raw size
main.js             | main  |  5.61 kB | 

Lazy chunk files    | Names | Raw size
chunk-KWAK6M6X.js   | index |  1.15 MB | 

Application bundle generation complete. [2.652 seconds] - 2026-09-04T21:02:32.747Z

Page reload sent to client(s).
> Changes detected. Rebuilding...
√ Changes detected. Rebuilding...
Initial chunk files | Names                                      |  Raw size
main.js             | main                                       |   5.61 kB | 
styles.css          | styles                                     |   5.07 kB | 
chunk-GOMI4DH3.js   | -                                          |   1.42 kB | 

                    | Initial total                              |  12.10 kB

Lazy chunk files    | Names                                      |  Raw size
chunk-KWAK6M6X.js   | index                                      |   1.15 MB | 
chunk-JLGBK3ST.js   | simulation-decision-shell-component        |   1.11 MB | 
chunk-WL4HB42M.js   | exhibit-hall-page-component                | 386.62 kB | 
chunk-KMS3F42E.js   | history-live-page-component                | 316.58 kB | 
chunk-PPVERQUH.js   | debate-studio-page-component               | 229.70 kB | 
chunk-3Q2AQLXA.js   | simulation-decision-builder-info-component |  77.84 kB | 
chunk-TV62LAWH.js   | class-exhibit-hall-routes                  |  68.98 kB | 
chunk-PGDWNRHR.js   | -                                          |  66.49 kB | 
chunk-UDD75JUP.js   | frontier-trading-routes                    |  49.83 kB | 
chunk-GCLBOJQY.js   | -                                          |  40.33 kB | 
chunk-SOLSYTW6.js   | project-home-component                     |  37.16 kB | 
chunk-CZZSMLVS.js   | -                                          |  25.77 kB | 
chunk-PEJKAAQO.js   | -                                          |  23.15 kB | 
chunk-56OIGCYK.js   | history-live-routes                        |  19.34 kB | 
chunk-QYCLSMXE.js   | debate-studio-routes                       |  14.09 kB | 
...and 1 more lazy chunks files. Use "--verbose" to show all the files.

Application bundle generation complete. [2.234 seconds] - 2026-09-04T21:02:34.989Z

> Changes detected. Rebuilding...
√ Changes detected. Rebuilding...
Initial chunk files | Names                        |  Raw size
main.js             | main                         |   5.61 kB | 

Lazy chunk files    | Names                        |  Raw size
chunk-PR4XJJ6A.js   | debate-studio-page-component | 229.63 kB | 
chunk-2FZ5GUQW.js   | debate-studio-routes         |  14.09 kB | 

Application bundle generation complete. [2.146 seconds] - 2026-09-04T21:03:21.032Z

Component update sent to client(s).
> Changes detected. Rebuilding...
√ Changes detected. Rebuilding...
Initial chunk files | Names  | Raw size
styles.css          | styles |  4.98 kB | 

Application bundle generation complete. [0.111 seconds] - 2026-09-04T21:03:21.149Z

Stylesheet update sent to client(s).
> Changes detected. Rebuilding...
√ Changes detected. Rebuilding...
Initial chunk files | Names                        |  Raw size
main.js             | main                         |   5.61 kB | 

Lazy chunk files    | Names                        |  Raw size
chunk-JXRKTGUP.js   | debate-studio-page-component | 229.63 kB | 
chunk-YHANYBO4.js   | -                            |  23.40 kB | 
chunk-AS76UKDE.js   | debate-studio-routes         |  14.09 kB | 

Application bundle generation complete. [2.008 seconds] - 2026-09-04T21:03:45.094Z

Page reload sent to client(s).
> Changes detected. Rebuilding...
√ Changes detected. Rebuilding...
Initial chunk files | Names                        |  Raw size
main.js             | main                         |   5.61 kB | 

Lazy chunk files    | Names                        |  Raw size
chunk-GF7RF76H.js   | debate-studio-page-component | 229.43 kB | 
chunk-XZ6HQUQD.js   | debate-studio-routes         |  14.09 kB | 

Application bundle generation complete. [1.734 seconds] - 2026-09-04T21:04:08.753Z

Component update sent to client(s).
> Changes detected. Rebuilding...
√ Changes detected. Rebuilding...
Initial chunk files | Names                               | Raw size
main.js             | main                                |  5.61 kB | 

Lazy chunk files    | Names                               | Raw size
chunk-O4PA7CPX.js   | simulation-decision-shell-component |  1.11 MB | 
chunk-VRSV6TRS.js   | frontier-trading-routes             | 49.83 kB | 

Application bundle generation complete. [5.139 seconds] - 2026-09-04T21:05:18.921Z

Page reload sent to client(s).
> Changes detected. Rebuilding...
√ Changes detected. Rebuilding...
Initial chunk files | Names                               | Raw size
main.js             | main                                |  5.61 kB | 

Lazy chunk files    | Names                               | Raw size
chunk-UH77TJOZ.js   | simulation-decision-shell-component |  1.11 MB | 
chunk-NZEERLRZ.js   | frontier-trading-routes             | 49.83 kB | 

Application bundle generation complete. [4.103 seconds] - 2026-09-04T21:05:23.038Z

Page reload sent to client(s).
> Changes detected. Rebuilding...
√ Changes detected. Rebuilding...
Initial chunk files | Names                                      | Raw size
main.js             | main                                       |  5.61 kB | 

Lazy chunk files    | Names                                      | Raw size
chunk-267FRNWB.js   | simulation-decision-shell-component        |  1.11 MB | 
chunk-C6NC4XJM.js   | simulation-decision-builder-info-component | 77.84 kB | 
chunk-7EQ27ZGR.js   | frontier-trading-routes                    | 49.83 kB | 
chunk-XL3IZLWN.js   | -                                          | 40.33 kB | 
chunk-IOISHVV4.js   | -                                          | 10.46 kB | 

Application bundle generation complete. [3.617 seconds] - 2026-09-04T21:05:54.801Z

Page reload sent to client(s).
> Changes detected. Rebuilding...
√ Changes detected. Rebuilding...
Initial chunk files | Names                                      |  Raw size
main.js             | main                                       |   5.61 kB | 
styles.css          | styles                                     |   4.98 kB | 
chunk-GOMI4DH3.js   | -                                          |   1.42 kB | 

                    | Initial total                              |  12.01 kB

Lazy chunk files    | Names                                      |  Raw size
chunk-KWAK6M6X.js   | index                                      |   1.15 MB | 
chunk-267FRNWB.js   | simulation-decision-shell-component        |   1.11 MB | 
chunk-WL4HB42M.js   | exhibit-hall-page-component                | 386.62 kB | 
chunk-KMS3F42E.js   | history-live-page-component                | 316.58 kB | 
chunk-GF7RF76H.js   | debate-studio-page-component               | 229.43 kB | 
chunk-C6NC4XJM.js   | simulation-decision-builder-info-component |  77.84 kB | 
chunk-TV62LAWH.js   | class-exhibit-hall-routes                  |  68.98 kB | 
chunk-PGDWNRHR.js   | -                                          |  66.49 kB | 
chunk-7EQ27ZGR.js   | frontier-trading-routes                    |  49.83 kB | 
chunk-XL3IZLWN.js   | -                                          |  40.33 kB | 
chunk-SOLSYTW6.js   | project-home-component                     |  37.16 kB | 
chunk-CZZSMLVS.js   | -                                          |  25.77 kB | 
chunk-YHANYBO4.js   | -                                          |  23.40 kB | 
chunk-56OIGCYK.js   | history-live-routes                        |  19.34 kB | 
chunk-XZ6HQUQD.js   | debate-studio-routes                       |  14.09 kB | 
...and 1 more lazy chunks files. Use "--verbose" to show all the files.

Application bundle generation complete. [1.352 seconds] - 2026-09-04T21:05:56.158Z

Component update sent to client(s).
> Changes detected. Rebuilding...
√ Changes detected. Rebuilding...
Initial chunk files | Names                                      |  Raw size
main.js             | main                                       |   5.61 kB | 
styles.css          | styles                                     |   4.98 kB | 
chunk-GOMI4DH3.js   | -                                          |   1.42 kB | 

                    | Initial total                              |  12.01 kB

Lazy chunk files    | Names                                      |  Raw size
chunk-KWAK6M6X.js   | index                                      |   1.15 MB | 
chunk-267FRNWB.js   | simulation-decision-shell-component        |   1.11 MB | 
chunk-WL4HB42M.js   | exhibit-hall-page-component                | 386.62 kB | 
chunk-KMS3F42E.js   | history-live-page-component                | 316.58 kB | 
chunk-GF7RF76H.js   | debate-studio-page-component               | 229.43 kB | 
chunk-C6NC4XJM.js   | simulation-decision-builder-info-component |  77.84 kB | 
chunk-TV62LAWH.js   | class-exhibit-hall-routes                  |  68.98 kB | 
chunk-PGDWNRHR.js   | -                                          |  66.49 kB | 
chunk-7EQ27ZGR.js   | frontier-trading-routes                    |  49.83 kB | 
chunk-XL3IZLWN.js   | -                                          |  40.33 kB | 
chunk-SOLSYTW6.js   | project-home-component                     |  37.16 kB | 
chunk-CZZSMLVS.js   | -                                          |  25.77 kB | 
chunk-YHANYBO4.js   | -                                          |  23.40 kB | 
chunk-56OIGCYK.js   | history-live-routes                        |  19.34 kB | 
chunk-XZ6HQUQD.js   | debate-studio-routes                       |  14.09 kB | 
...and 1 more lazy chunks files. Use "--verbose" to show all the files.

Application bundle generation complete. [2.219 seconds] - 2026-09-04T21:08:02.978Z

> Changes detected. Rebuilding...
√ Changes detected. Rebuilding...
Initial chunk files | Names                                      |  Raw size
main.js             | main                                       |   5.61 kB | 
styles.css          | styles                                     |   4.98 kB | 
chunk-GOMI4DH3.js   | -                                          |   1.42 kB | 

                    | Initial total                              |  12.01 kB

Lazy chunk files    | Names                                      |  Raw size
chunk-KWAK6M6X.js   | index                                      |   1.15 MB | 
chunk-267FRNWB.js   | simulation-decision-shell-component        |   1.11 MB | 
chunk-WL4HB42M.js   | exhibit-hall-page-component                | 386.62 kB | 
chunk-KMS3F42E.js   | history-live-page-component                | 316.58 kB | 
chunk-GF7RF76H.js   | debate-studio-page-component               | 229.43 kB | 
chunk-C6NC4XJM.js   | simulation-decision-builder-info-component |  77.84 kB | 
chunk-TV62LAWH.js   | class-exhibit-hall-routes                  |  68.98 kB | 
chunk-PGDWNRHR.js   | -                                          |  66.49 kB | 
chunk-7EQ27ZGR.js   | frontier-trading-routes                    |  49.83 kB | 
chunk-XL3IZLWN.js   | -                                          |  40.33 kB | 
chunk-SOLSYTW6.js   | project-home-component                     |  37.16 kB | 
chunk-CZZSMLVS.js   | -                                          |  25.77 kB | 
chunk-YHANYBO4.js   | -                                          |  23.40 kB | 
chunk-56OIGCYK.js   | history-live-routes                        |  19.34 kB | 
chunk-XZ6HQUQD.js   | debate-studio-routes                       |  14.09 kB | 
...and 1 more lazy chunks files. Use "--verbose" to show all the files.

Application bundle generation complete. [1.176 seconds] - 2026-09-04T21:08:04.160Z

> Changes detected. Rebuilding...
√ Changes detected. Rebuilding...
Initial chunk files | Names                   | Raw size
main.js             | main                    |  5.61 kB | 

Lazy chunk files    | Names                   | Raw size
chunk-GXL3EWDL.js   | frontier-trading-routes | 49.83 kB | 

Application bundle generation complete. [1.148 seconds] - 2026-09-04T21:08:05.848Z

Page reload sent to client(s).
> Changes detected. Rebuilding...
√ Changes detected. Rebuilding...
Initial chunk files | Names                                      | Raw size
main.js             | main                                       |  5.61 kB | 

Lazy chunk files    | Names                                      | Raw size
chunk-MZDYNK4D.js   | simulation-decision-builder-info-component | 78.49 kB | 
chunk-HLTCMFVH.js   | frontier-trading-routes                    | 49.83 kB | 

Application bundle generation complete. [1.637 seconds] - 2026-09-04T21:08:07.489Z

Page reload sent to client(s).
> Changes detected. Rebuilding...
√ Changes detected. Rebuilding...
Initial chunk files | Names                   | Raw size
main.js             | main                    |  5.61 kB | 

Lazy chunk files    | Names                   | Raw size
chunk-FN2YVXVI.js   | frontier-trading-routes | 49.94 kB | 

Application bundle generation complete. [0.861 seconds] - 2026-09-04T21:08:08.355Z

Page reload sent to client(s).
> Changes detected. Rebuilding...
√ Changes detected. Rebuilding...
Initial chunk files | Names                                      | Raw size
main.js             | main                                       |  5.61 kB | 

Lazy chunk files    | Names                                      | Raw size
chunk-ZGFXYMEP.js   | simulation-decision-builder-info-component | 78.56 kB | 
chunk-FKZNWHTC.js   | frontier-trading-routes                    | 49.94 kB | 

Application bundle generation complete. [1.069 seconds] - 2026-09-04T21:08:24.339Z

Page reload sent to client(s).
> Changes detected. Rebuilding...
√ Changes detected. Rebuilding...
Initial chunk files | Names                                      |  Raw size
main.js             | main                                       |   5.61 kB | 
styles.css          | styles                                     |   4.98 kB | 
chunk-GOMI4DH3.js   | -                                          |   1.42 kB | 

                    | Initial total                              |  12.01 kB

Lazy chunk files    | Names                                      |  Raw size
chunk-KWAK6M6X.js   | index                                      |   1.15 MB | 
chunk-267FRNWB.js   | simulation-decision-shell-component        |   1.11 MB | 
chunk-WL4HB42M.js   | exhibit-hall-page-component                | 386.62 kB | 
chunk-KMS3F42E.js   | history-live-page-component                | 316.58 kB | 
chunk-GF7RF76H.js   | debate-studio-page-component               | 229.43 kB | 
chunk-ZGFXYMEP.js   | simulation-decision-builder-info-component |  78.56 kB | 
chunk-TV62LAWH.js   | class-exhibit-hall-routes                  |  68.98 kB | 
chunk-PGDWNRHR.js   | -                                          |  66.49 kB | 
chunk-FKZNWHTC.js   | frontier-trading-routes                    |  49.94 kB | 
chunk-XL3IZLWN.js   | -                                          |  40.33 kB | 
chunk-SOLSYTW6.js   | project-home-component                     |  37.16 kB | 
chunk-CZZSMLVS.js   | -                                          |  25.77 kB | 
chunk-YHANYBO4.js   | -                                          |  23.40 kB | 
chunk-56OIGCYK.js   | history-live-routes                        |  19.34 kB | 
chunk-XZ6HQUQD.js   | debate-studio-routes                       |  14.09 kB | 
...and 1 more lazy chunks files. Use "--verbose" to show all the files.

Application bundle generation complete. [6.735 seconds] - 2026-09-04T21:26:15.511Z

Page reload sent to client(s).
> Changes detected. Rebuilding...
√ Changes detected. Rebuilding...
Application bundle generation failed. [2.666 seconds] - 2026-09-04T21:26:18.762Z

> Changes detected. Rebuilding...
√ Changes detected. Rebuilding...
Application bundle generation failed. [5.256 seconds] - 2026-09-04T21:26:24.892Z

> Changes detected. Rebuilding...
√ Changes detected. Rebuilding...
Initial chunk files | Names                                      |  Raw size
main.js             | main                                       |   5.61 kB | 
styles.css          | styles                                     |   4.98 kB | 
chunk-GOMI4DH3.js   | -                                          |   1.42 kB | 

                    | Initial total                              |  12.01 kB

Lazy chunk files    | Names                                      |  Raw size
chunk-KWAK6M6X.js   | index                                      |   1.15 MB | 
chunk-S7XAWOIR.js   | simulation-decision-shell-component        |   1.12 MB | 
chunk-WL4HB42M.js   | exhibit-hall-page-component                | 386.62 kB | 
chunk-KMS3F42E.js   | history-live-page-component                | 316.58 kB | 
chunk-GF7RF76H.js   | debate-studio-page-component               | 229.43 kB | 
chunk-ZGFXYMEP.js   | simulation-decision-builder-info-component |  78.56 kB | 
chunk-TV62LAWH.js   | class-exhibit-hall-routes                  |  68.98 kB | 
chunk-PGDWNRHR.js   | -                                          |  66.49 kB | 
chunk-LXVNWXLN.js   | frontier-trading-routes                    |  49.94 kB | 
chunk-XL3IZLWN.js   | -                                          |  40.33 kB | 
chunk-SOLSYTW6.js   | project-home-component                     |  37.16 kB | 
chunk-CZZSMLVS.js   | -                                          |  25.77 kB | 
chunk-YHANYBO4.js   | -                                          |  23.40 kB | 
chunk-56OIGCYK.js   | history-live-routes                        |  19.34 kB | 
chunk-XZ6HQUQD.js   | debate-studio-routes                       |  14.09 kB | 
...and 1 more lazy chunks files. Use "--verbose" to show all the files.

Application bundle generation complete. [3.863 seconds] - 2026-09-04T21:26:45.693Z

Page reload sent to client(s).
> Changes detected. Rebuilding...
√ Changes detected. Rebuilding...
Initial chunk files | Names                   | Raw size
main.js             | main                    |  5.61 kB | 

Lazy chunk files    | Names                   | Raw size
chunk-HJW2GDIF.js   | frontier-trading-routes | 50.18 kB | 

Application bundle generation complete. [1.679 seconds] - 2026-09-04T21:26:47.471Z

Page reload sent to client(s).
> Changes detected. Rebuilding...
√ Changes detected. Rebuilding...
Application bundle generation failed. [4.094 seconds] - 2026-09-04T21:27:43.474Z

> Changes detected. Rebuilding...
√ Changes detected. Rebuilding...
Application bundle generation failed. [2.316 seconds] - 2026-09-04T21:27:45.802Z

> Changes detected. Rebuilding...
√ Changes detected. Rebuilding...
Initial chunk files | Names                                      |  Raw size
main.js             | main                                       |   5.61 kB | 
styles.css          | styles                                     |   4.98 kB | 
chunk-GOMI4DH3.js   | -                                          |   1.42 kB | 

                    | Initial total                              |  12.01 kB

Lazy chunk files    | Names                                      |  Raw size
chunk-KWAK6M6X.js   | index                                      |   1.15 MB | 
chunk-TBW5QMFH.js   | simulation-decision-shell-component        |   1.12 MB | 
chunk-WL4HB42M.js   | exhibit-hall-page-component                | 386.62 kB | 
chunk-KMS3F42E.js   | history-live-page-component                | 316.58 kB | 
chunk-GF7RF76H.js   | debate-studio-page-component               | 229.43 kB | 
chunk-ZGFXYMEP.js   | simulation-decision-builder-info-component |  78.56 kB | 
chunk-TV62LAWH.js   | class-exhibit-hall-routes                  |  68.98 kB | 
chunk-PGDWNRHR.js   | -                                          |  66.49 kB | 
chunk-34KMVMH5.js   | frontier-trading-routes                    |  50.18 kB | 
chunk-XL3IZLWN.js   | -                                          |  40.33 kB | 
chunk-SOLSYTW6.js   | project-home-component                     |  37.16 kB | 
chunk-CZZSMLVS.js   | -                                          |  25.77 kB | 
chunk-YHANYBO4.js   | -                                          |  23.40 kB | 
chunk-56OIGCYK.js   | history-live-routes                        |  19.34 kB | 
chunk-XZ6HQUQD.js   | debate-studio-routes                       |  14.09 kB | 
...and 1 more lazy chunks files. Use "--verbose" to show all the files.

Application bundle generation complete. [2.861 seconds] - 2026-09-04T21:27:48.690Z

Page reload sent to client(s).
> Changes detected. Rebuilding...
√ Changes detected. Rebuilding...
Initial chunk files | Names                                      |  Raw size
main.js             | main                                       |   5.61 kB | 
styles.css          | styles                                     |   4.98 kB | 
chunk-GOMI4DH3.js   | -                                          |   1.42 kB | 

                    | Initial total                              |  12.01 kB

Lazy chunk files    | Names                                      |  Raw size
chunk-KWAK6M6X.js   | index                                      |   1.15 MB | 
chunk-TBW5QMFH.js   | simulation-decision-shell-component        |   1.12 MB | 
chunk-WL4HB42M.js   | exhibit-hall-page-component                | 386.62 kB | 
chunk-KMS3F42E.js   | history-live-page-component                | 316.58 kB | 
chunk-GF7RF76H.js   | debate-studio-page-component               | 229.43 kB | 
chunk-ZGFXYMEP.js   | simulation-decision-builder-info-component |  78.56 kB | 
chunk-TV62LAWH.js   | class-exhibit-hall-routes                  |  68.98 kB | 
chunk-PGDWNRHR.js   | -                                          |  66.49 kB | 
chunk-34KMVMH5.js   | frontier-trading-routes                    |  50.18 kB | 
chunk-XL3IZLWN.js   | -                                          |  40.33 kB | 
chunk-SOLSYTW6.js   | project-home-component                     |  37.16 kB | 
chunk-CZZSMLVS.js   | -                                          |  25.77 kB | 
chunk-YHANYBO4.js   | -                                          |  23.40 kB | 
chunk-56OIGCYK.js   | history-live-routes                        |  19.34 kB | 
chunk-XZ6HQUQD.js   | debate-studio-routes                       |  14.09 kB | 
...and 1 more lazy chunks files. Use "--verbose" to show all the files.

Application bundle generation complete. [1.088 seconds] - 2026-09-04T21:27:49.807Z

Component update sent to client(s).
> Changes detected. Rebuilding...
√ Changes detected. Rebuilding...
Initial chunk files | Names                               | Raw size
main.js             | main                                |  5.61 kB | 

Lazy chunk files    | Names                               | Raw size
chunk-NFE7CFD6.js   | simulation-decision-shell-component |  1.12 MB | 
chunk-ELDB7LKS.js   | frontier-trading-routes             | 50.18 kB | 

Application bundle generation complete. [3.265 seconds] - 2026-09-04T21:29:21.113Z

Component update sent to client(s).
> Changes detected. Rebuilding...
√ Changes detected. Rebuilding...
Initial chunk files | Names                               | Raw size
main.js             | main                                |  5.61 kB | 

Lazy chunk files    | Names                               | Raw size
chunk-WKJIQJHW.js   | simulation-decision-shell-component |  1.12 MB | 
chunk-VGFO5OGJ.js   | frontier-trading-routes             | 50.18 kB | 

Application bundle generation complete. [1.227 seconds] - 2026-09-04T21:29:22.347Z

Component update sent to client(s).
> Changes detected. Rebuilding...
√ Changes detected. Rebuilding...
Initial chunk files | Names                   | Raw size
main.js             | main                    |  5.61 kB | 

Lazy chunk files    | Names                   | Raw size
chunk-HQ2K32QX.js   | frontier-trading-routes | 50.18 kB | 

Application bundle generation complete. [2.359 seconds] - 2026-09-04T21:30:05.583Z

Page reload sent to client(s).
> Changes detected. Rebuilding...
√ Changes detected. Rebuilding...
Initial chunk files | Names                   | Raw size
main.js             | main                    |  5.61 kB | 

Lazy chunk files    | Names                   | Raw size
chunk-34PQTLAA.js   | frontier-trading-routes | 51.64 kB | 

Application bundle generation complete. [2.161 seconds] - 2026-09-04T21:30:07.775Z

Page reload sent to client(s).
> Changes detected. Rebuilding...
√ Changes detected. Rebuilding...
Initial chunk files | Names                               | Raw size
main.js             | main                                |  5.61 kB | 

Lazy chunk files    | Names                               | Raw size
chunk-V4VZF3FM.js   | simulation-decision-shell-component |  1.12 MB | 
chunk-5CTIIVBQ.js   | frontier-trading-routes             | 51.64 kB | 

Application bundle generation complete. [2.567 seconds] - 2026-09-04T21:30:27.945Z

Page reload sent to client(s).
> Changes detected. Rebuilding...
√ Changes detected. Rebuilding...
Initial chunk files | Names                               | Raw size
main.js             | main                                |  5.61 kB | 

Lazy chunk files    | Names                               | Raw size
chunk-R2R3M4PH.js   | simulation-decision-shell-component |  1.12 MB | 
chunk-BDJYOI4S.js   | frontier-trading-routes             | 51.68 kB | 

Application bundle generation complete. [1.626 seconds] - 2026-09-04T21:30:29.729Z

Page reload sent to client(s).
> Changes detected. Rebuilding...
√ Changes detected. Rebuilding...
Initial chunk files | Names                | Raw size
main.js             | main                 |  5.61 kB | 

Lazy chunk files    | Names                | Raw size
chunk-K6JJAKRP.js   | debate-studio-routes | 14.07 kB | 

Application bundle generation complete. [1.943 seconds] - 2026-09-04T21:31:57.102Z

Page reload sent to client(s).
> Changes detected. Rebuilding...
√ Changes detected. Rebuilding...
Initial chunk files | Names                        |  Raw size
main.js             | main                         |   5.61 kB | 

Lazy chunk files    | Names                        |  Raw size
chunk-NMKTEVVO.js   | debate-studio-page-component | 230.82 kB | 
chunk-J53KNK2T.js   | debate-studio-routes         |  14.07 kB | 

Application bundle generation complete. [2.172 seconds] - 2026-09-04T21:31:59.287Z

Component update sent to client(s).
> Changes detected. Rebuilding...
√ Changes detected. Rebuilding...
Application bundle generation failed. [1.193 seconds] - 2026-09-04T21:36:11.581Z

> Changes detected. Rebuilding...
√ Changes detected. Rebuilding...
Application bundle generation failed. [0.005 seconds] - 2026-09-04T21:37:06.257Z

> Changes detected. Rebuilding...
√ Changes detected. Rebuilding...
Application bundle generation failed. [1.937 seconds] - 2026-09-04T21:37:21.895Z

> Changes detected. Rebuilding...
√ Changes detected. Rebuilding...
Application bundle generation failed. [0.003 seconds] - 2026-09-04T21:39:00.797Z

> Changes detected. Rebuilding...
√ Changes detected. Rebuilding...
Application bundle generation failed. [0.970 seconds] - 2026-09-04T21:39:09.821Z

> Changes detected. Rebuilding...
√ Changes detected. Rebuilding...
Application bundle generation failed. [0.002 seconds] - 2026-09-04T21:39:44.255Z

> Changes detected. Rebuilding...
√ Changes detected. Rebuilding...
Application bundle generation failed. [7.832 seconds] - 2026-09-04T21:40:33.543Z

> Changes detected. Rebuilding...
√ Changes detected. Rebuilding...
Application bundle generation failed. [0.770 seconds] - 2026-09-04T21:40:36.709Z

> Changes detected. Rebuilding...
√ Changes detected. Rebuilding...
Application bundle generation failed. [0.004 seconds] - 2026-09-04T21:41:53.906Z

> Changes detected. Rebuilding...
√ Changes detected. Rebuilding...
Application bundle generation failed. [1.952 seconds] - 2026-09-04T21:42:27.750Z

> Changes detected. Rebuilding...
√ Changes detected. Rebuilding...
Application bundle generation failed. [0.556 seconds] - 2026-09-04T21:42:28.311Z

> Changes detected. Rebuilding...
√ Changes detected. Rebuilding...
Application bundle generation failed. [0.343 seconds] - 2026-09-04T21:42:48.665Z

> Changes detected. Rebuilding...
√ Changes detected. Rebuilding...
Application bundle generation failed. [1.426 seconds] - 2026-09-04T21:43:02.261Z

> Changes detected. Rebuilding...
√ Changes detected. Rebuilding...
Application bundle generation failed. [0.002 seconds] - 2026-09-04T21:46:10.682Z

> Changes detected. Rebuilding...
√ Changes detected. Rebuilding...
Application bundle generation failed. [1.950 seconds] - 2026-09-04T21:46:23.455Z

> Changes detected. Rebuilding...
√ Changes detected. Rebuilding...
Application bundle generation failed. [0.415 seconds] - 2026-09-04T21:46:31.529Z

> Changes detected. Rebuilding...
√ Changes detected. Rebuilding...
Application bundle generation failed. [0.741 seconds] - 2026-09-04T21:47:16.729Z

> Changes detected. Rebuilding...
√ Changes detected. Rebuilding...
Application bundle generation failed. [1.005 seconds] - 2026-09-04T21:47:24.887Z

> Changes detected. Rebuilding...
√ Changes detected. Rebuilding...
Application bundle generation failed. [0.863 seconds] - 2026-09-04T21:47:25.771Z

> Changes detected. Rebuilding...
√ Changes detected. Rebuilding...
Application bundle generation failed. [0.709 seconds] - 2026-09-04T21:47:28.746Z

> Changes detected. Rebuilding...
√ Changes detected. Rebuilding...
Application bundle generation failed. [0.005 seconds] - 2026-09-04T21:48:48.605Z

> Changes detected. Rebuilding...
√ Changes detected. Rebuilding...
Application bundle generation failed. [1.473 seconds] - 2026-09-04T21:48:59.533Z

> Changes detected. Rebuilding...
√ Changes detected. Rebuilding...
Application bundle generation failed. [0.005 seconds] - 2026-09-04T21:49:15.284Z

> Changes detected. Rebuilding...
√ Changes detected. Rebuilding...
Application bundle generation failed. [0.001 seconds] - 2026-09-04T21:49:21.444Z

> Changes detected. Rebuilding...
√ Changes detected. Rebuilding...
Application bundle generation failed. [0.003 seconds] - 2026-09-04T21:50:52.728Z

> Changes detected. Rebuilding...
√ Changes detected. Rebuilding...
Application bundle generation failed. [0.008 seconds] - 2026-09-04T21:50:58.041Z

> Changes detected. Rebuilding...
√ Changes detected. Rebuilding...
Application bundle generation failed. [2.608 seconds] - 2026-09-04T21:51:04.399Z

> Changes detected. Rebuilding...
√ Changes detected. Rebuilding...
Application bundle generation failed. [0.005 seconds] - 2026-09-04T21:52:59.369Z

> Changes detected. Rebuilding...
√ Changes detected. Rebuilding...
Application bundle generation failed. [1.563 seconds] - 2026-09-04T21:53:10.437Z

> Changes detected. Rebuilding...
√ Changes detected. Rebuilding...
Application bundle generation failed. [0.004 seconds] - 2026-09-04T21:53:18.823Z

> Changes detected. Rebuilding...
√ Changes detected. Rebuilding...
Application bundle generation failed. [0.002 seconds] - 2026-09-04T21:53:21.969Z

> Changes detected. Rebuilding...
√ Changes detected. Rebuilding...
Application bundle generation failed. [0.003 seconds] - 2026-09-04T21:54:18.959Z

> Changes detected. Rebuilding...
√ Changes detected. Rebuilding...
Application bundle generation failed. [1.024 seconds] - 2026-09-04T21:54:23.599Z

> Changes detected. Rebuilding...
√ Changes detected. Rebuilding...
Application bundle generation failed. [0.004 seconds] - 2026-09-04T21:55:49.250Z

> Changes detected. Rebuilding...
√ Changes detected. Rebuilding...
Initial chunk files | Names                                      |  Raw size
chunk-FQ32VQ7X.js   | -                                          |   6.68 kB | 
styles.css          | styles                                     |   4.98 kB | 
main.js             | main                                       |   3.91 kB | 
chunk-GOMI4DH3.js   | -                                          |   1.42 kB | 

                    | Initial total                              |  17.00 kB

Lazy chunk files    | Names                                      |  Raw size
chunk-KWAK6M6X.js   | index                                      |   1.15 MB | 
chunk-R2R3M4PH.js   | simulation-decision-shell-component        |   1.12 MB | 
chunk-WL4HB42M.js   | exhibit-hall-page-component                | 386.62 kB | 
chunk-KMS3F42E.js   | history-live-page-component                | 316.58 kB | 
chunk-SY2NOLUV.js   | debate-studio-page-component               | 271.10 kB | 
chunk-ZGFXYMEP.js   | simulation-decision-builder-info-component |  78.56 kB | 
chunk-TV62LAWH.js   | class-exhibit-hall-routes                  |  68.98 kB | 
chunk-PGDWNRHR.js   | -                                          |  66.49 kB | 
chunk-IGLSBB36.js   | -                                          |  55.71 kB | 
chunk-BDJYOI4S.js   | frontier-trading-routes                    |  51.68 kB | 
chunk-XL3IZLWN.js   | -                                          |  40.33 kB | 
chunk-SOLSYTW6.js   | project-home-component                     |  37.16 kB | 
chunk-CZZSMLVS.js   | -                                          |  25.77 kB | 
chunk-56OIGCYK.js   | history-live-routes                        |  19.34 kB | 
chunk-S4M5ALTI.js   | debate-studio-routes                       |  15.00 kB | 
...and 1 more lazy chunks files. Use "--verbose" to show all the files.

Application bundle generation complete. [1.559 seconds] - 2026-09-04T21:56:23.188Z

Page reload sent to client(s).
3:56:24 PM [vite] (client) [optimizer] bundling dependencies...
3:56:31 PM [vite] (client) dependencies optimized: firebase/auth, firebase/database, firebase/storage
3:56:31 PM [vite] (client) optimized dependencies changed. reloading
> Changes detected. Rebuilding...
√ Changes detected. Rebuilding...
Application bundle generation failed. [3.014 seconds] - 2026-09-04T21:56:58.869Z

> Changes detected. Rebuilding...
√ Changes detected. Rebuilding...
Initial chunk files | Names                                      |  Raw size
styles.css          | styles                                     |   4.98 kB | 
main.js             | main                                       |   3.91 kB | 
chunk-ILI7WEXY.js   | -                                          |   1.94 kB | 
chunk-GOMI4DH3.js   | -                                          |   1.42 kB | 

                    | Initial total                              |  12.26 kB

Lazy chunk files    | Names                                      |  Raw size
chunk-KWAK6M6X.js   | index                                      |   1.15 MB | 
chunk-R2R3M4PH.js   | simulation-decision-shell-component        |   1.12 MB | 
chunk-WL4HB42M.js   | exhibit-hall-page-component                | 386.62 kB | 
chunk-KMS3F42E.js   | history-live-page-component                | 316.58 kB | 
chunk-SY2NOLUV.js   | debate-studio-page-component               | 271.10 kB | 
chunk-ZGFXYMEP.js   | simulation-decision-builder-info-component |  78.56 kB | 
chunk-TV62LAWH.js   | class-exhibit-hall-routes                  |  68.98 kB | 
chunk-PGDWNRHR.js   | -                                          |  66.49 kB | 
chunk-IGLSBB36.js   | -                                          |  55.71 kB | 
chunk-BDJYOI4S.js   | frontier-trading-routes                    |  51.68 kB | 
chunk-XL3IZLWN.js   | -                                          |  40.33 kB | 
chunk-SOLSYTW6.js   | project-home-component                     |  37.16 kB | 
chunk-CZZSMLVS.js   | -                                          |  25.77 kB | 
chunk-4GHNBMX6.js   | debate-studio-routes                       |  19.58 kB | 
chunk-56OIGCYK.js   | history-live-routes                        |  19.34 kB | 
...and 1 more lazy chunks files. Use "--verbose" to show all the files.

Application bundle generation complete. [1.490 seconds] - 2026-09-04T21:57:00.374Z

Page reload sent to client(s).
> Changes detected. Rebuilding...
√ Changes detected. Rebuilding...
Initial chunk files | Names  | Raw size
styles.css          | styles |  2.32 kB | 

Application bundle generation complete. [0.275 seconds] - 2026-09-04T21:57:57.358Z

Stylesheet update sent to client(s).
> Changes detected. Rebuilding...
√ Changes detected. Rebuilding...
Initial chunk files | Names                        |  Raw size
main.js             | main                         |   3.91 kB | 

Lazy chunk files    | Names                        |  Raw size
chunk-KT7Q2PR6.js   | debate-studio-page-component | 267.54 kB | 
chunk-MRVN4ZFB.js   | debate-studio-routes         |  19.58 kB | 

Application bundle generation complete. [3.482 seconds] - 2026-09-04T21:58:00.854Z

Component update sent to client(s).
> Changes detected. Rebuilding...
√ Changes detected. Rebuilding...
Initial chunk files | Names                        |  Raw size
main.js             | main                         |   3.91 kB | 

Lazy chunk files    | Names                        |  Raw size
chunk-PLSFUL4H.js   | debate-studio-page-component | 267.56 kB | 
chunk-WIGNE6GP.js   | debate-studio-routes         |  19.58 kB | 

Application bundle generation complete. [2.532 seconds] - 2026-09-04T22:01:43.784Z

Component update sent to client(s).
> Changes detected. Rebuilding...
√ Changes detected. Rebuilding...
Initial chunk files | Names                        |  Raw size
main.js             | main                         |   3.91 kB | 

Lazy chunk files    | Names                        |  Raw size
chunk-BFWVTD5X.js   | debate-studio-page-component | 267.47 kB | 
chunk-LG4ROBZG.js   | debate-studio-routes         |  19.58 kB | 

Application bundle generation complete. [4.705 seconds] - 2026-09-04T22:01:48.507Z

Component update sent to client(s).
> Changes detected. Rebuilding...
√ Changes detected. Rebuilding...
Initial chunk files | Names                        |  Raw size
main.js             | main                         |   3.91 kB | 

Lazy chunk files    | Names                        |  Raw size
chunk-N5Q2DHMH.js   | debate-studio-page-component | 267.45 kB | 
chunk-HE74Q45J.js   | debate-studio-routes         |  19.58 kB | 

Application bundle generation complete. [2.697 seconds] - 2026-09-04T22:11:59.070Z

Component update sent to client(s).
> Changes detected. Rebuilding...
√ Changes detected. Rebuilding...
Initial chunk files | Names                        |  Raw size
main.js             | main                         |   3.91 kB | 

Lazy chunk files    | Names                        |  Raw size
chunk-43CDA3NH.js   | debate-studio-page-component | 274.29 kB | 
chunk-X75OSLM4.js   | -                            |  56.05 kB | 
chunk-LBRDDBXZ.js   | debate-studio-routes         |  19.63 kB | 

Application bundle generation complete. [2.897 seconds] - 2026-09-04T22:12:42.292Z

Page reload sent to client(s).
> Changes detected. Rebuilding...
√ Changes detected. Rebuilding...
Initial chunk files | Names                        |  Raw size
main.js             | main                         |   3.91 kB | 

Lazy chunk files    | Names                        |  Raw size
chunk-AXZX6P43.js   | debate-studio-page-component | 274.29 kB | 
chunk-MMEXHAKP.js   | -                            |  56.13 kB | 
chunk-PUBKLVMV.js   | debate-studio-routes         |  19.63 kB | 

Application bundle generation complete. [3.227 seconds] - 2026-09-04T22:14:02.033Z

Page reload sent to client(s).
> Changes detected. Rebuilding...
√ Changes detected. Rebuilding...
Initial chunk files | Names                        |  Raw size
main.js             | main                         |   3.91 kB | 

Lazy chunk files    | Names                        |  Raw size
chunk-UECUPGYU.js   | debate-studio-page-component | 274.29 kB | 
chunk-2A22O2FH.js   | -                            |  57.11 kB | 
chunk-4I5S7Z2Y.js   | debate-studio-routes         |  19.63 kB | 

Application bundle generation complete. [1.030 seconds] - 2026-09-04T22:14:18.753Z

Page reload sent to client(s).
> Changes detected. Rebuilding...
√ Changes detected. Rebuilding...
Initial chunk files | Names                        |  Raw size
main.js             | main                         |   3.91 kB | 

Lazy chunk files    | Names                        |  Raw size
chunk-KSEOQDLO.js   | debate-studio-page-component | 274.74 kB | 
chunk-SUTZZP77.js   | debate-studio-routes         |  19.63 kB | 

Application bundle generation complete. [0.998 seconds] - 2026-09-04T22:14:38.254Z

Component update sent to client(s).
> Changes detected. Rebuilding...
√ Changes detected. Rebuilding...
Initial chunk files | Names                                      |  Raw size
main.js             | main                                       |   3.91 kB | 
styles.css          | styles                                     |   2.32 kB | 
chunk-ILI7WEXY.js   | -                                          |   1.94 kB | 
chunk-GOMI4DH3.js   | -                                          |   1.42 kB | 

                    | Initial total                              |   9.59 kB

Lazy chunk files    | Names                                      |  Raw size
chunk-KWAK6M6X.js   | index                                      |   1.15 MB | 
chunk-R2R3M4PH.js   | simulation-decision-shell-component        |   1.12 MB | 
chunk-WL4HB42M.js   | exhibit-hall-page-component                | 386.62 kB | 
chunk-KMS3F42E.js   | history-live-page-component                | 316.58 kB | 
chunk-KSEOQDLO.js   | debate-studio-page-component               | 274.74 kB | 
chunk-ZGFXYMEP.js   | simulation-decision-builder-info-component |  78.56 kB | 
chunk-TV62LAWH.js   | class-exhibit-hall-routes                  |  68.98 kB | 
chunk-PGDWNRHR.js   | -                                          |  66.49 kB | 
chunk-2A22O2FH.js   | -                                          |  57.11 kB | 
chunk-BDJYOI4S.js   | frontier-trading-routes                    |  51.68 kB | 
chunk-XL3IZLWN.js   | -                                          |  40.33 kB | 
chunk-SOLSYTW6.js   | project-home-component                     |  37.16 kB | 
chunk-CZZSMLVS.js   | -                                          |  25.77 kB | 
chunk-SUTZZP77.js   | debate-studio-routes                       |  19.63 kB | 
chunk-56OIGCYK.js   | history-live-routes                        |  19.34 kB | 
...and 1 more lazy chunks files. Use "--verbose" to show all the files.

Application bundle generation complete. [1.354 seconds] - 2026-09-04T22:15:09.390Z

> Changes detected. Rebuilding...
√ Changes detected. Rebuilding...
Initial chunk files | Names                        |  Raw size
main.js             | main                         |   3.91 kB | 

Lazy chunk files    | Names                        |  Raw size
chunk-3YRWTAAW.js   | debate-studio-page-component | 274.74 kB | 
chunk-FIBHFV3L.js   | -                            |  57.61 kB | 
chunk-4MVHWYXU.js   | debate-studio-routes         |  19.63 kB | 

Application bundle generation complete. [1.085 seconds] - 2026-09-04T22:15:10.478Z

Page reload sent to client(s).
> Changes detected. Rebuilding...
√ Changes detected. Rebuilding...
Initial chunk files | Names                        |  Raw size
main.js             | main                         |   3.91 kB | 

Lazy chunk files    | Names                        |  Raw size
chunk-AWKT7RRF.js   | debate-studio-page-component | 278.93 kB | 
chunk-TPKB4HBR.js   | debate-studio-routes         |  19.63 kB | 

Application bundle generation complete. [1.694 seconds] - 2026-09-04T22:15:33.831Z

Component update sent to client(s).
> Changes detected. Rebuilding...
√ Changes detected. Rebuilding...
Initial chunk files | Names                        |  Raw size
main.js             | main                         |   3.91 kB | 

Lazy chunk files    | Names                        |  Raw size
chunk-I7PZTWMI.js   | debate-studio-page-component | 279.19 kB | 
chunk-AKWIBYO6.js   | debate-studio-routes         |  19.63 kB | 

Application bundle generation complete. [2.832 seconds] - 2026-09-04T22:15:44.831Z

Component update sent to client(s).
> Changes detected. Rebuilding...
√ Changes detected. Rebuilding...
Initial chunk files | Names                        |  Raw size
main.js             | main                         |   3.91 kB | 

Lazy chunk files    | Names                        |  Raw size
chunk-OMZYRBYW.js   | debate-studio-page-component | 279.19 kB | 
chunk-H5EIYPXK.js   | -                            |  57.64 kB | 
chunk-K3QQH7RU.js   | debate-studio-routes         |  19.63 kB | 

Application bundle generation complete. [2.526 seconds] - 2026-09-04T22:15:53.738Z

Page reload sent to client(s).
> Changes detected. Rebuilding...
√ Changes detected. Rebuilding...
Initial chunk files | Names                        |  Raw size
main.js             | main                         |   3.91 kB | 

Lazy chunk files    | Names                        |  Raw size
chunk-SB2WSQX3.js   | debate-studio-page-component | 279.19 kB | 
chunk-CPHUKIGR.js   | -                            |  57.85 kB | 
chunk-XTFOQGQW.js   | debate-studio-routes         |  19.63 kB | 

Application bundle generation complete. [1.798 seconds] - 2026-09-04T22:16:00.915Z

Page reload sent to client(s).
> Changes detected. Rebuilding...
√ Changes detected. Rebuilding...
Initial chunk files | Names                        |  Raw size
main.js             | main                         |   3.91 kB | 

Lazy chunk files    | Names                        |  Raw size
chunk-V5BVVGLO.js   | debate-studio-page-component | 279.19 kB | 
chunk-5JTDGP6E.js   | -                            |  58.38 kB | 
chunk-EFGD3NML.js   | debate-studio-routes         |  19.63 kB | 

Application bundle generation complete. [1.378 seconds] - 2026-09-04T22:16:23.111Z

Page reload sent to client(s).
> Changes detected. Rebuilding...
√ Changes detected. Rebuilding...
Initial chunk files | Names                        |  Raw size
main.js             | main                         |   3.91 kB | 

Lazy chunk files    | Names                        |  Raw size
chunk-HDYMBB33.js   | debate-studio-page-component | 279.19 kB | 
chunk-CCXWWGZ2.js   | -                            |  58.38 kB | 
chunk-RUMQVN7D.js   | debate-studio-routes         |  19.63 kB | 

Application bundle generation complete. [2.071 seconds] - 2026-09-04T22:16:35.647Z

Page reload sent to client(s).
> Changes detected. Rebuilding...
√ Changes detected. Rebuilding...
Initial chunk files | Names                                      |  Raw size
main.js             | main                                       |   3.91 kB | 
styles.css          | styles                                     |   2.32 kB | 
chunk-ILI7WEXY.js   | -                                          |   1.94 kB | 
chunk-GOMI4DH3.js   | -                                          |   1.42 kB | 

                    | Initial total                              |   9.59 kB

Lazy chunk files    | Names                                      |  Raw size
chunk-KWAK6M6X.js   | index                                      |   1.15 MB | 
chunk-R2R3M4PH.js   | simulation-decision-shell-component        |   1.12 MB | 
chunk-WL4HB42M.js   | exhibit-hall-page-component                | 386.62 kB | 
chunk-KMS3F42E.js   | history-live-page-component                | 316.58 kB | 
chunk-HDYMBB33.js   | debate-studio-page-component               | 279.19 kB | 
chunk-ZGFXYMEP.js   | simulation-decision-builder-info-component |  78.56 kB | 
chunk-TV62LAWH.js   | class-exhibit-hall-routes                  |  68.98 kB | 
chunk-PGDWNRHR.js   | -                                          |  66.49 kB | 
chunk-CCXWWGZ2.js   | -                                          |  58.38 kB | 
chunk-BDJYOI4S.js   | frontier-trading-routes                    |  51.68 kB | 
chunk-XL3IZLWN.js   | -                                          |  40.33 kB | 
chunk-SOLSYTW6.js   | project-home-component                     |  37.16 kB | 
chunk-CZZSMLVS.js   | -                                          |  25.77 kB | 
chunk-RUMQVN7D.js   | debate-studio-routes                       |  19.63 kB | 
chunk-56OIGCYK.js   | history-live-routes                        |  19.34 kB | 
...and 1 more lazy chunks files. Use "--verbose" to show all the files.

Application bundle generation complete. [0.253 seconds] - 2026-09-04T22:19:02.434Z

> Changes detected. Rebuilding...
√ Changes detected. Rebuilding...
Initial chunk files | Names                                      |  Raw size
main.js             | main                                       |   3.91 kB | 
styles.css          | styles                                     |   2.32 kB | 
chunk-ILI7WEXY.js   | -                                          |   1.94 kB | 
chunk-GOMI4DH3.js   | -                                          |   1.42 kB | 

                    | Initial total                              |   9.59 kB

Lazy chunk files    | Names                                      |  Raw size
chunk-KWAK6M6X.js   | index                                      |   1.15 MB | 
chunk-R2R3M4PH.js   | simulation-decision-shell-component        |   1.12 MB | 
chunk-WL4HB42M.js   | exhibit-hall-page-component                | 386.62 kB | 
chunk-KMS3F42E.js   | history-live-page-component                | 316.58 kB | 
chunk-HDYMBB33.js   | debate-studio-page-component               | 279.19 kB | 
chunk-ZGFXYMEP.js   | simulation-decision-builder-info-component |  78.56 kB | 
chunk-TV62LAWH.js   | class-exhibit-hall-routes                  |  68.98 kB | 
chunk-PGDWNRHR.js   | -                                          |  66.49 kB | 
chunk-CCXWWGZ2.js   | -                                          |  58.38 kB | 
chunk-BDJYOI4S.js   | frontier-trading-routes                    |  51.68 kB | 
chunk-XL3IZLWN.js   | -                                          |  40.33 kB | 
chunk-SOLSYTW6.js   | project-home-component                     |  37.16 kB | 
chunk-CZZSMLVS.js   | -                                          |  25.77 kB | 
chunk-RUMQVN7D.js   | debate-studio-routes                       |  19.63 kB | 
chunk-56OIGCYK.js   | history-live-routes                        |  19.34 kB | 
...and 1 more lazy chunks files. Use "--verbose" to show all the files.

Application bundle generation complete. [0.137 seconds] - 2026-09-04T22:19:10.338Z

> Changes detected. Rebuilding...
√ Changes detected. Rebuilding...
Application bundle generation failed. [10.067 seconds] - 2026-09-04T22:22:20.489Z

> Changes detected. Rebuilding...
√ Changes detected. Rebuilding...
Application bundle generation failed. [1.732 seconds] - 2026-09-04T22:22:55.891Z

> Changes detected. Rebuilding...
√ Changes detected. Rebuilding...
Application bundle generation failed. [1.382 seconds] - 2026-09-04T22:22:57.295Z

> Changes detected. Rebuilding...
√ Changes detected. Rebuilding...
Application bundle generation failed. [1.063 seconds] - 2026-09-04T22:23:13.042Z

> Changes detected. Rebuilding...
√ Changes detected. Rebuilding...
Application bundle generation failed. [1.319 seconds] - 2026-09-04T22:23:18.296Z

> Changes detected. Rebuilding...
√ Changes detected. Rebuilding...
Application bundle generation failed. [0.604 seconds] - 2026-09-04T22:23:33.141Z

> Changes detected. Rebuilding...
√ Changes detected. Rebuilding...
Application bundle generation failed. [3.490 seconds] - 2026-09-04T22:26:32.616Z

> Changes detected. Rebuilding...
√ Changes detected. Rebuilding...
Application bundle generation failed. [1.284 seconds] - 2026-09-04T22:30:02.826Z

> Changes detected. Rebuilding...
√ Changes detected. Rebuilding...
Application bundle generation failed. [0.722 seconds] - 2026-09-04T22:30:07.436Z

> Changes detected. Rebuilding...
√ Changes detected. Rebuilding...
Application bundle generation failed. [0.563 seconds] - 2026-09-04T22:30:11.463Z

> Changes detected. Rebuilding...
√ Changes detected. Rebuilding...
Application bundle generation failed. [0.002 seconds] - 2026-09-04T22:30:59.134Z

> Changes detected. Rebuilding...
√ Changes detected. Rebuilding...
Application bundle generation failed. [0.484 seconds] - 2026-09-04T22:31:03.626Z

> Changes detected. Rebuilding...
√ Changes detected. Rebuilding...
Application bundle generation failed. [2.062 seconds] - 2026-09-04T22:31:31.698Z

> Changes detected. Rebuilding...
√ Changes detected. Rebuilding...
Application bundle generation failed. [1.152 seconds] - 2026-09-04T22:31:34.903Z

> Changes detected. Rebuilding...
√ Changes detected. Rebuilding...
Application bundle generation failed. [0.960 seconds] - 2026-09-04T22:32:47.111Z

> Changes detected. Rebuilding...
√ Changes detected. Rebuilding...
Application bundle generation failed. [0.003 seconds] - 2026-09-04T22:33:15.549Z

> Changes detected. Rebuilding...
√ Changes detected. Rebuilding...
Application bundle generation failed. [1.121 seconds] - 2026-09-04T22:33:51.490Z

> Changes detected. Rebuilding...
√ Changes detected. Rebuilding...
Application bundle generation failed. [1.140 seconds] - 2026-09-04T22:33:54.047Z

> Changes detected. Rebuilding...
√ Changes detected. Rebuilding...
Application bundle generation failed. [1.085 seconds] - 2026-09-04T22:34:24.489Z

> Changes detected. Rebuilding...
√ Changes detected. Rebuilding...
Application bundle generation failed. [1.753 seconds] - 2026-09-04T22:34:58.049Z

> Changes detected. Rebuilding...
√ Changes detected. Rebuilding...
Application bundle generation failed. [1.386 seconds] - 2026-09-04T22:35:22.074Z

> Changes detected. Rebuilding...
√ Changes detected. Rebuilding...
Initial chunk files | Names                                      |  Raw size
main.js             | main                                       |   3.91 kB | 
styles.css          | styles                                     |   2.32 kB | 
chunk-ILI7WEXY.js   | -                                          |   1.94 kB | 
chunk-GOMI4DH3.js   | -                                          |   1.42 kB | 

                    | Initial total                              |   9.59 kB

Lazy chunk files    | Names                                      |  Raw size
chunk-KWAK6M6X.js   | index                                      |   1.15 MB | 
chunk-R2R3M4PH.js   | simulation-decision-shell-component        |   1.12 MB | 
chunk-WL4HB42M.js   | exhibit-hall-page-component                | 386.62 kB | 
chunk-BDACH3W5.js   | history-live-page-component                | 368.78 kB | 
chunk-2KWDDOYG.js   | debate-studio-page-component               | 335.15 kB | 
chunk-ZGFXYMEP.js   | simulation-decision-builder-info-component |  78.56 kB | 
chunk-TV62LAWH.js   | class-exhibit-hall-routes                  |  68.98 kB | 
chunk-PGDWNRHR.js   | -                                          |  66.49 kB | 
chunk-D5SLGFON.js   | -                                          |  59.02 kB | 
chunk-BDJYOI4S.js   | frontier-trading-routes                    |  51.68 kB | 
chunk-FE3AHK22.js   | -                                          |  49.43 kB | 
chunk-XL3IZLWN.js   | -                                          |  40.33 kB | 
chunk-SOLSYTW6.js   | project-home-component                     |  37.16 kB | 
chunk-Z6V33ULA.js   | history-live-routes                        |  22.32 kB | 
chunk-TGI7FLWE.js   | debate-studio-routes                       |  19.72 kB | 
...and 1 more lazy chunks files. Use "--verbose" to show all the files.

Application bundle generation complete. [1.530 seconds] - 2026-09-04T22:35:24.251Z

Page reload sent to client(s).
> Changes detected. Rebuilding...
√ Changes detected. Rebuilding...
Initial chunk files | Names                       |  Raw size
main.js             | main                        |   3.91 kB | 

Lazy chunk files    | Names                       |  Raw size
chunk-FOOIOKFY.js   | history-live-page-component | 389.17 kB | 
chunk-U3NSQUUT.js   | history-live-routes         |  22.32 kB | 

Application bundle generation complete. [4.207 seconds] - 2026-09-04T22:36:48.714Z

Page reload sent to client(s).
> Changes detected. Rebuilding...
√ Changes detected. Rebuilding...
Initial chunk files | Names                        |  Raw size
main.js             | main                         |   3.91 kB | 

Lazy chunk files    | Names                        |  Raw size
chunk-IFAVJ23D.js   | debate-studio-page-component | 325.38 kB | 
chunk-5CTL5D4D.js   | debate-studio-routes         |  19.72 kB | 

Application bundle generation complete. [1.826 seconds] - 2026-09-04T22:37:02.386Z

Component update sent to client(s).
> Changes detected. Rebuilding...
√ Changes detected. Rebuilding...
Initial chunk files | Names                        |  Raw size
main.js             | main                         |   3.91 kB | 

Lazy chunk files    | Names                        |  Raw size
chunk-BHXQHXBN.js   | debate-studio-page-component | 325.14 kB | 
chunk-2HP7NNB5.js   | debate-studio-routes         |  19.72 kB | 

Application bundle generation complete. [1.753 seconds] - 2026-09-04T22:37:04.163Z

Page reload sent to client(s).
> Changes detected. Rebuilding...
√ Changes detected. Rebuilding...
Initial chunk files | Names                        |  Raw size
main.js             | main                         |   3.91 kB | 

Lazy chunk files    | Names                        |  Raw size
chunk-CTMUQZYM.js   | debate-studio-page-component | 318.10 kB | 
chunk-ZPROY7AN.js   | debate-studio-routes         |  19.72 kB | 

Application bundle generation complete. [1.798 seconds] - 2026-09-04T22:37:39.444Z

Component update sent to client(s).
> Changes detected. Rebuilding...
√ Changes detected. Rebuilding...
Initial chunk files | Names                                      |  Raw size
main.js             | main                                       |   3.91 kB | 
styles.css          | styles                                     |   2.32 kB | 
chunk-ILI7WEXY.js   | -                                          |   1.94 kB | 
chunk-GOMI4DH3.js   | -                                          |   1.42 kB | 

                    | Initial total                              |   9.59 kB

Lazy chunk files    | Names                                      |  Raw size
chunk-KWAK6M6X.js   | index                                      |   1.15 MB | 
chunk-R2R3M4PH.js   | simulation-decision-shell-component        |   1.12 MB | 
chunk-FOOIOKFY.js   | history-live-page-component                | 389.17 kB | 
chunk-WL4HB42M.js   | exhibit-hall-page-component                | 386.62 kB | 
chunk-CTMUQZYM.js   | debate-studio-page-component               | 318.10 kB | 
chunk-ZGFXYMEP.js   | simulation-decision-builder-info-component |  78.56 kB | 
chunk-TV62LAWH.js   | class-exhibit-hall-routes                  |  68.98 kB | 
chunk-PGDWNRHR.js   | -                                          |  66.49 kB | 
chunk-D5SLGFON.js   | -                                          |  59.02 kB | 
chunk-BDJYOI4S.js   | frontier-trading-routes                    |  51.68 kB | 
chunk-FE3AHK22.js   | -                                          |  49.43 kB | 
chunk-XL3IZLWN.js   | -                                          |  40.33 kB | 
chunk-SOLSYTW6.js   | project-home-component                     |  37.16 kB | 
chunk-U3NSQUUT.js   | history-live-routes                        |  22.32 kB | 
chunk-ZPROY7AN.js   | debate-studio-routes                       |  19.72 kB | 
...and 1 more lazy chunks files. Use "--verbose" to show all the files.

Application bundle generation complete. [1.402 seconds] - 2026-09-04T22:38:10.453Z

> Changes detected. Rebuilding...
√ Changes detected. Rebuilding...
Initial chunk files | Names                        |  Raw size
main.js             | main                         |   3.91 kB | 
styles.css          | styles                       |   2.08 kB | 

Lazy chunk files    | Names                        |  Raw size
chunk-65HEXPBU.js   | debate-studio-page-component | 318.06 kB | 
chunk-3ZHXM6A6.js   | debate-studio-routes         |  19.72 kB | 

Application bundle generation complete. [1.395 seconds] - 2026-09-04T22:38:11.855Z

Page reload sent to client(s).
> Changes detected. Rebuilding...
√ Changes detected. Rebuilding...
Initial chunk files | Names  |  Raw size
styles.css          | styles | 350 bytes | 

Application bundle generation complete. [0.172 seconds] - 2026-09-04T22:38:31.547Z

Stylesheet update sent to client(s).
> Changes detected. Rebuilding...
√ Changes detected. Rebuilding...
Initial chunk files | Names               | Raw size
main.js             | main                |  3.91 kB | 

Lazy chunk files    | Names               | Raw size
chunk-QFQEGSSB.js   | history-live-routes | 24.99 kB | 

Application bundle generation complete. [0.915 seconds] - 2026-09-04T22:38:38.825Z

Page reload sent to client(s).
> Changes detected. Rebuilding...
√ Changes detected. Rebuilding...
Initial chunk files | Names               | Raw size
main.js             | main                |  3.91 kB | 

Lazy chunk files    | Names               | Raw size
chunk-YCKNJVUS.js   | history-live-routes | 36.56 kB | 

Application bundle generation complete. [1.325 seconds] - 2026-09-04T22:39:55.153Z

Page reload sent to client(s).
> Changes detected. Rebuilding...
√ Changes detected. Rebuilding...
Initial chunk files | Names                        |  Raw size
main.js             | main                         |   3.91 kB | 

Lazy chunk files    | Names                        |  Raw size
chunk-4EV6UGSA.js   | debate-studio-page-component | 318.98 kB | 
chunk-4WZYJTF3.js   | debate-studio-routes         |  19.72 kB | 

Application bundle generation complete. [1.737 seconds] - 2026-09-04T22:40:42.131Z

Component update sent to client(s).
> Changes detected. Rebuilding...
√ Changes detected. Rebuilding...
Initial chunk files | Names                        |  Raw size
main.js             | main                         |   3.91 kB | 

Lazy chunk files    | Names                        |  Raw size
chunk-NR5DOPC7.js   | debate-studio-page-component | 318.98 kB | 
chunk-YSKEUCOO.js   | -                            |  59.49 kB | 
chunk-BE4MEJC5.js   | debate-studio-routes         |  19.72 kB | 

Application bundle generation complete. [1.305 seconds] - 2026-09-04T22:41:16.185Z

Page reload sent to client(s).
> Changes detected. Rebuilding...
√ Changes detected. Rebuilding...
Initial chunk files | Names                        |  Raw size
main.js             | main                         |   3.91 kB | 

Lazy chunk files    | Names                        |  Raw size
chunk-YHWKUWKL.js   | debate-studio-page-component | 318.98 kB | 
chunk-HYQGQP3S.js   | debate-studio-routes         |  19.72 kB | 

Application bundle generation complete. [2.056 seconds] - 2026-09-04T22:41:36.772Z

Page reload sent to client(s).
> Changes detected. Rebuilding...
√ Changes detected. Rebuilding...
Initial chunk files | Names                                      |  Raw size
main.js             | main                                       |   3.91 kB | 
chunk-ILI7WEXY.js   | -                                          |   1.94 kB | 
chunk-GOMI4DH3.js   | -                                          |   1.42 kB | 
styles.css          | styles                                     | 350 bytes | 

                    | Initial total                              |   7.62 kB

Lazy chunk files    | Names                                      |  Raw size
chunk-KWAK6M6X.js   | index                                      |   1.15 MB | 
chunk-R2R3M4PH.js   | simulation-decision-shell-component        |   1.12 MB | 
chunk-FOOIOKFY.js   | history-live-page-component                | 389.17 kB | 
chunk-WL4HB42M.js   | exhibit-hall-page-component                | 386.62 kB | 
chunk-YHWKUWKL.js   | debate-studio-page-component               | 318.98 kB | 
chunk-ZGFXYMEP.js   | simulation-decision-builder-info-component |  78.56 kB | 
chunk-TV62LAWH.js   | class-exhibit-hall-routes                  |  68.98 kB | 
chunk-PGDWNRHR.js   | -                                          |  66.49 kB | 
chunk-YSKEUCOO.js   | -                                          |  59.49 kB | 
chunk-BDJYOI4S.js   | frontier-trading-routes                    |  51.68 kB | 
chunk-FE3AHK22.js   | -                                          |  49.43 kB | 
chunk-XL3IZLWN.js   | -                                          |  40.33 kB | 
chunk-SOLSYTW6.js   | project-home-component                     |  37.16 kB | 
chunk-YCKNJVUS.js   | history-live-routes                        |  36.56 kB | 
chunk-HYQGQP3S.js   | debate-studio-routes                       |  19.72 kB | 
...and 1 more lazy chunks files. Use "--verbose" to show all the files.

Application bundle generation complete. [0.714 seconds] - 2026-09-04T22:41:37.499Z

> Changes detected. Rebuilding...
√ Changes detected. Rebuilding...
Initial chunk files | Names                       |  Raw size
main.js             | main                        |   3.91 kB | 

Lazy chunk files    | Names                       |  Raw size
chunk-IZGUL25W.js   | history-live-page-component | 391.01 kB | 
chunk-DTUHI5QI.js   | history-live-routes         |  36.56 kB | 

Application bundle generation complete. [5.319 seconds] - 2026-09-04T22:44:33.557Z

Page reload sent to client(s).
> Changes detected. Rebuilding...
√ Changes detected. Rebuilding...
Initial chunk files | Names                       |  Raw size
main.js             | main                        |   3.91 kB | 

Lazy chunk files    | Names                       |  Raw size
chunk-B3YHJCV3.js   | history-live-page-component | 392.13 kB | 
chunk-SW7PAVGN.js   | -                           |  50.18 kB | 
chunk-Z3IYTU32.js   | history-live-routes         |  36.56 kB | 

Application bundle generation complete. [5.374 seconds] - 2026-09-04T22:46:01.279Z

Page reload sent to client(s).
> Changes detected. Rebuilding...
√ Changes detected. Rebuilding...
Initial chunk files | Names                       |  Raw size
main.js             | main                        |   3.91 kB | 

Lazy chunk files    | Names                       |  Raw size
chunk-IZ42UL4V.js   | index                       |   1.15 MB | 
chunk-ERED6NQK.js   | history-live-page-component | 392.16 kB | 
chunk-F7NRLTGS.js   | -                           |  52.60 kB | 
chunk-7ZOFPJAR.js   | history-live-routes         |  36.59 kB | 
chunk-2WXJ5NX3.js   | -                           |   2.53 kB | 

Application bundle generation complete. [4.423 seconds] - 2026-09-04T22:46:44.334Z

Page reload sent to client(s).
> Changes detected. Rebuilding...
√ Changes detected. Rebuilding...
Initial chunk files | Names                       |  Raw size
main.js             | main                        |   3.91 kB | 

Lazy chunk files    | Names                       |  Raw size
chunk-HS4YVCAQ.js   | history-live-page-component | 400.67 kB | 
chunk-726C4NPU.js   | -                           |  53.86 kB | 
chunk-6GWAVJCT.js   | history-live-routes         |  36.64 kB | 

Application bundle generation complete. [9.688 seconds] - 2026-09-04T22:48:31.618Z

Page reload sent to client(s).
> Changes detected. Rebuilding...
√ Changes detected. Rebuilding...
Initial chunk files | Names                       |  Raw size
main.js             | main                        |   3.91 kB | 

Lazy chunk files    | Names                       |  Raw size
chunk-WW2YM6SN.js   | history-live-page-component | 400.12 kB | 
chunk-TP2BHS6D.js   | history-live-routes         |  36.64 kB | 

Application bundle generation complete. [5.154 seconds] - 2026-09-04T22:56:33.086Z

Component update sent to client(s).
> Changes detected. Rebuilding...
√ Changes detected. Rebuilding...
Initial chunk files | Names               | Raw size
main.js             | main                |  3.91 kB | 

Lazy chunk files    | Names               | Raw size
chunk-CQXVMFAY.js   | history-live-routes | 36.87 kB | 

Application bundle generation complete. [1.371 seconds] - 2026-09-04T22:57:34.871Z

Page reload sent to client(s).
> Changes detected. Rebuilding...
√ Changes detected. Rebuilding...
Initial chunk files | Names                       |  Raw size
main.js             | main                        |   3.91 kB | 

Lazy chunk files    | Names                       |  Raw size
chunk-QB5ONEQR.js   | history-live-page-component | 400.12 kB | 
chunk-B5EEJOJ3.js   | -                           |  53.86 kB | 
chunk-RL4MLDJG.js   | history-live-routes         |  36.87 kB | 

Application bundle generation complete. [1.717 seconds] - 2026-09-04T22:57:36.592Z

Page reload sent to client(s).
> Changes detected. Rebuilding...
√ Changes detected. Rebuilding...
Initial chunk files | Names                       |  Raw size
main.js             | main                        |   3.91 kB | 

Lazy chunk files    | Names                       |  Raw size
chunk-K6STYXAC.js   | history-live-page-component | 400.12 kB | 
chunk-4R2ZZJ3W.js   | -                           |  54.37 kB | 
chunk-MKPCBE2V.js   | history-live-routes         |  36.87 kB | 

Application bundle generation complete. [1.937 seconds] - 2026-09-04T22:57:38.775Z

Page reload sent to client(s).
> Changes detected. Rebuilding...
√ Changes detected. Rebuilding...
Initial chunk files | Names                       |  Raw size
main.js             | main                        |   3.91 kB | 

Lazy chunk files    | Names                       |  Raw size
chunk-QNTHRXTF.js   | history-live-page-component | 400.83 kB | 
chunk-FDVEYMKB.js   | history-live-routes         |  36.87 kB | 

Application bundle generation complete. [9.359 seconds] - 2026-09-04T22:57:48.139Z

Component update sent to client(s).
> Changes detected. Rebuilding...
√ Changes detected. Rebuilding...
Initial chunk files | Names                       |  Raw size
main.js             | main                        |   3.91 kB | 

Lazy chunk files    | Names                       |  Raw size
chunk-AKAGX62B.js   | history-live-page-component | 401.88 kB | 
chunk-BGA4HCLR.js   | history-live-routes         |  36.87 kB | 

Application bundle generation complete. [1.545 seconds] - 2026-09-04T22:57:51.907Z

Page reload sent to client(s).
> Changes detected. Rebuilding...
√ Changes detected. Rebuilding...
Initial chunk files | Names                       |  Raw size
main.js             | main                        |   3.91 kB | 

Lazy chunk files    | Names                       |  Raw size
chunk-62WXATYG.js   | history-live-page-component | 401.88 kB | 
chunk-KUEI3S5Q.js   | -                           |  54.39 kB | 
chunk-OGHQTNG3.js   | history-live-routes         |  36.87 kB | 

Application bundle generation complete. [3.044 seconds] - 2026-09-04T23:00:04.947Z

Page reload sent to client(s).
> Changes detected. Rebuilding...
√ Changes detected. Rebuilding...
Initial chunk files | Names                       |  Raw size
main.js             | main                        |   3.91 kB | 

Lazy chunk files    | Names                       |  Raw size
chunk-P6SYHKVH.js   | history-live-page-component | 401.23 kB | 
chunk-4XPHTUQA.js   | history-live-routes         |  36.87 kB | 

Application bundle generation complete. [3.709 seconds] - 2026-09-04T23:00:08.669Z

Page reload sent to client(s).
> Changes detected. Rebuilding...
√ Changes detected. Rebuilding...
Initial chunk files | Names                                      |  Raw size
main.js             | main                                       |   3.91 kB | 
chunk-ILI7WEXY.js   | -                                          |   1.94 kB | 
chunk-GOMI4DH3.js   | -                                          |   1.42 kB | 
styles.css          | styles                                     | 350 bytes | 

                    | Initial total                              |   7.62 kB

Lazy chunk files    | Names                                      |  Raw size
chunk-IZ42UL4V.js   | index                                      |   1.15 MB | 
chunk-R2R3M4PH.js   | simulation-decision-shell-component        |   1.12 MB | 
chunk-P6SYHKVH.js   | history-live-page-component                | 401.23 kB | 
chunk-WL4HB42M.js   | exhibit-hall-page-component                | 386.62 kB | 
chunk-YHWKUWKL.js   | debate-studio-page-component               | 318.98 kB | 
chunk-ZGFXYMEP.js   | simulation-decision-builder-info-component |  78.56 kB | 
chunk-TV62LAWH.js   | class-exhibit-hall-routes                  |  68.98 kB | 
chunk-PGDWNRHR.js   | -                                          |  66.49 kB | 
chunk-YSKEUCOO.js   | -                                          |  59.49 kB | 
chunk-KUEI3S5Q.js   | -                                          |  54.39 kB | 
chunk-BDJYOI4S.js   | frontier-trading-routes                    |  51.68 kB | 
chunk-XL3IZLWN.js   | -                                          |  40.33 kB | 
chunk-SOLSYTW6.js   | project-home-component                     |  37.16 kB | 
chunk-4XPHTUQA.js   | history-live-routes                        |  36.87 kB | 
chunk-HYQGQP3S.js   | debate-studio-routes                       |  19.72 kB | 
...and 2 more lazy chunks files. Use "--verbose" to show all the files.

Application bundle generation complete. [2.554 seconds] - 2026-09-04T23:00:16.501Z

> Changes detected. Rebuilding...
√ Changes detected. Rebuilding...
Initial chunk files | Names                                      |  Raw size
main.js             | main                                       |   3.91 kB | 
chunk-ILI7WEXY.js   | -                                          |   1.94 kB | 
chunk-GOMI4DH3.js   | -                                          |   1.42 kB | 
styles.css          | styles                                     | 350 bytes | 

                    | Initial total                              |   7.62 kB

Lazy chunk files    | Names                                      |  Raw size
chunk-IZ42UL4V.js   | index                                      |   1.15 MB | 
chunk-R2R3M4PH.js   | simulation-decision-shell-component        |   1.12 MB | 
chunk-P6SYHKVH.js   | history-live-page-component                | 401.23 kB | 
chunk-WL4HB42M.js   | exhibit-hall-page-component                | 386.62 kB | 
chunk-YHWKUWKL.js   | debate-studio-page-component               | 318.98 kB | 
chunk-ZGFXYMEP.js   | simulation-decision-builder-info-component |  78.56 kB | 
chunk-TV62LAWH.js   | class-exhibit-hall-routes                  |  68.98 kB | 
chunk-PGDWNRHR.js   | -                                          |  66.49 kB | 
chunk-YSKEUCOO.js   | -                                          |  59.49 kB | 
chunk-KUEI3S5Q.js   | -                                          |  54.39 kB | 
chunk-BDJYOI4S.js   | frontier-trading-routes                    |  51.68 kB | 
chunk-XL3IZLWN.js   | -                                          |  40.33 kB | 
chunk-SOLSYTW6.js   | project-home-component                     |  37.16 kB | 
chunk-4XPHTUQA.js   | history-live-routes                        |  36.87 kB | 
chunk-HYQGQP3S.js   | debate-studio-routes                       |  19.72 kB | 
...and 2 more lazy chunks files. Use "--verbose" to show all the files.

Application bundle generation complete. [3.448 seconds] - 2026-09-04T23:00:19.973Z

> Changes detected. Rebuilding...
√ Changes detected. Rebuilding...
Initial chunk files | Names                   |  Raw size
main.js             | main                    |   4.13 kB | 

Lazy chunk files    | Names                   |  Raw size
chunk-7RJBPLON.js   | journey-shell-component | 195.11 kB | 
chunk-SKCDFKIF.js   | history-live-routes     |  34.72 kB | 
chunk-RRO26T3B.js   | journey-replay-routes   |  25.07 kB | 
chunk-2P4F4QDK.js   | -                       |  16.93 kB | 
chunk-UMZJFDZE.js   | -                       |   2.39 kB | 

Application bundle generation complete. [4.211 seconds] - 2026-09-04T23:15:39.978Z

Page reload sent to client(s).
> Changes detected. Rebuilding...
√ Changes detected. Rebuilding...
Initial chunk files | Names                  | Raw size
main.js             | main                   |  4.13 kB | 

Lazy chunk files    | Names                  | Raw size
chunk-SJYCNRSP.js   | project-home-component | 39.58 kB | 

Application bundle generation complete. [1.717 seconds] - 2026-09-04T23:15:41.746Z

Page reload sent to client(s).
> Changes detected. Rebuilding...
√ Changes detected. Rebuilding...
Initial chunk files | Names                                      |  Raw size
main.js             | main                                       |   4.13 kB | 
chunk-ILI7WEXY.js   | -                                          |   1.94 kB | 
chunk-GOMI4DH3.js   | -                                          |   1.42 kB | 
styles.css          | styles                                     | 350 bytes | 

                    | Initial total                              |   7.84 kB

Lazy chunk files    | Names                                      |  Raw size
chunk-IZ42UL4V.js   | index                                      |   1.15 MB | 
chunk-R2R3M4PH.js   | simulation-decision-shell-component        |   1.12 MB | 
chunk-P6SYHKVH.js   | history-live-page-component                | 401.23 kB | 
chunk-WL4HB42M.js   | exhibit-hall-page-component                | 386.62 kB | 
chunk-YHWKUWKL.js   | debate-studio-page-component               | 318.98 kB | 
chunk-7RJBPLON.js   | journey-shell-component                    | 195.11 kB | 
chunk-ZGFXYMEP.js   | simulation-decision-builder-info-component |  78.56 kB | 
chunk-TV62LAWH.js   | class-exhibit-hall-routes                  |  68.98 kB | 
chunk-PGDWNRHR.js   | -                                          |  66.49 kB | 
chunk-YSKEUCOO.js   | -                                          |  59.49 kB | 
chunk-KUEI3S5Q.js   | -                                          |  54.39 kB | 
chunk-BDJYOI4S.js   | frontier-trading-routes                    |  51.68 kB | 
chunk-XL3IZLWN.js   | -                                          |  40.33 kB | 
chunk-SJYCNRSP.js   | project-home-component                     |  39.58 kB | 
chunk-SKCDFKIF.js   | history-live-routes                        |  34.72 kB | 
...and 6 more lazy chunks files. Use "--verbose" to show all the files.

Application bundle generation complete. [1.291 seconds] - 2026-09-04T23:16:20.998Z

> Changes detected. Rebuilding...
√ Changes detected. Rebuilding...
Initial chunk files | Names                   |  Raw size
main.js             | main                    |   4.13 kB | 

Lazy chunk files    | Names                   |  Raw size
chunk-3P44GOFL.js   | journey-shell-component | 194.95 kB | 
chunk-53U6DGIV.js   | journey-replay-routes   |  25.07 kB | 

Application bundle generation complete. [1.376 seconds] - 2026-09-04T23:16:45.942Z

Page reload sent to client(s).
> Changes detected. Rebuilding...
√ Changes detected. Rebuilding...
Initial chunk files | Names                   |  Raw size
main.js             | main                    |   4.13 kB | 

Lazy chunk files    | Names                   |  Raw size
chunk-5QYIHWUF.js   | journey-shell-component | 195.14 kB | 
chunk-CCBXVJBM.js   | journey-replay-routes   |  25.07 kB | 

Application bundle generation complete. [1.533 seconds] - 2026-09-04T23:16:47.484Z

Page reload sent to client(s).
> Changes detected. Rebuilding...
√ Changes detected. Rebuilding...
Initial chunk files | Names                   |  Raw size
main.js             | main                    |   4.13 kB | 

Lazy chunk files    | Names                   |  Raw size
chunk-QPXT2KMF.js   | journey-shell-component | 195.14 kB | 
chunk-C6IXTUBR.js   | journey-replay-routes   |  25.07 kB | 
chunk-336WQPGM.js   | -                       |  16.93 kB | 

Application bundle generation complete. [7.164 seconds] - 2026-09-04T23:42:00.370Z

Page reload sent to client(s).
> Changes detected. Rebuilding...
√ Changes detected. Rebuilding...
Initial chunk files | Names                   |  Raw size
main.js             | main                    |   4.13 kB | 

Lazy chunk files    | Names                   |  Raw size
chunk-YQLJY6CL.js   | journey-shell-component | 195.14 kB | 
chunk-7EVV6GYX.js   | journey-replay-routes   |  25.07 kB | 

Application bundle generation complete. [1.963 seconds] - 2026-09-04T23:42:02.351Z

Page reload sent to client(s).
> Changes detected. Rebuilding...
√ Changes detected. Rebuilding...
Initial chunk files | Names                                      |  Raw size
main.js             | main                                       |   4.13 kB | 
chunk-ILI7WEXY.js   | -                                          |   1.94 kB | 
chunk-GOMI4DH3.js   | -                                          |   1.42 kB | 
styles.css          | styles                                     | 350 bytes | 

                    | Initial total                              |   7.84 kB

Lazy chunk files    | Names                                      |  Raw size
chunk-IZ42UL4V.js   | index                                      |   1.15 MB | 
chunk-R2R3M4PH.js   | simulation-decision-shell-component        |   1.12 MB | 
chunk-P6SYHKVH.js   | history-live-page-component                | 401.23 kB | 
chunk-WL4HB42M.js   | exhibit-hall-page-component                | 386.62 kB | 
chunk-YHWKUWKL.js   | debate-studio-page-component               | 318.98 kB | 
chunk-YQLJY6CL.js   | journey-shell-component                    | 195.14 kB | 
chunk-ZGFXYMEP.js   | simulation-decision-builder-info-component |  78.56 kB | 
chunk-TV62LAWH.js   | class-exhibit-hall-routes                  |  68.98 kB | 
chunk-PGDWNRHR.js   | -                                          |  66.49 kB | 
chunk-YSKEUCOO.js   | -                                          |  59.49 kB | 
chunk-KUEI3S5Q.js   | -                                          |  54.39 kB | 
chunk-BDJYOI4S.js   | frontier-trading-routes                    |  51.68 kB | 
chunk-XL3IZLWN.js   | -                                          |  40.33 kB | 
chunk-SJYCNRSP.js   | project-home-component                     |  39.58 kB | 
chunk-SKCDFKIF.js   | history-live-routes                        |  34.72 kB | 
...and 6 more lazy chunks files. Use "--verbose" to show all the files.

Application bundle generation complete. [10.509 seconds] - 2026-09-04T23:59:14.631Z

> Changes detected. Rebuilding...
√ Changes detected. Rebuilding...
Initial chunk files | Names                   |  Raw size
main.js             | main                    |   4.13 kB | 

Lazy chunk files    | Names                   |  Raw size
chunk-H5KJD3B2.js   | journey-shell-component | 195.14 kB | 
chunk-MD2YQZAG.js   | journey-replay-routes   |  25.07 kB | 
chunk-JCRTY27I.js   | -                       |  17.01 kB | 

Application bundle generation complete. [0.708 seconds] - 2026-09-04T23:59:15.368Z

Page reload sent to client(s).
> Changes detected. Rebuilding...
√ Changes detected. Rebuilding...
Initial chunk files | Names                   |  Raw size
main.js             | main                    |   4.13 kB | 

Lazy chunk files    | Names                   |  Raw size
chunk-PY67PPHY.js   | journey-shell-component | 195.14 kB | 
chunk-LUTFCJZ5.js   | journey-replay-routes   |  25.07 kB | 
chunk-KGAFGXEP.js   | -                       |  24.37 kB | 

Application bundle generation complete. [1.916 seconds] - 2026-09-05T00:01:10.348Z

Page reload sent to client(s).
> Changes detected. Rebuilding...
√ Changes detected. Rebuilding...
Initial chunk files | Names                   |  Raw size
main.js             | main                    |   4.13 kB | 

Lazy chunk files    | Names                   |  Raw size
chunk-3O4TTCSH.js   | journey-shell-component | 195.14 kB | 
chunk-TNZ6NNIN.js   | journey-replay-routes   |  25.07 kB | 
chunk-2CSAWDWD.js   | -                       |  24.34 kB | 

Application bundle generation complete. [0.818 seconds] - 2026-09-05T00:02:51.443Z

Page reload sent to client(s).
> Changes detected. Rebuilding...
√ Changes detected. Rebuilding...
Initial chunk files | Names                   |  Raw size
main.js             | main                    |   4.13 kB | 

Lazy chunk files    | Names                   |  Raw size
chunk-OJXKVV6K.js   | journey-shell-component | 197.20 kB | 
chunk-HZZJG6KB.js   | journey-replay-routes   |  25.07 kB | 

Application bundle generation complete. [3.562 seconds] - 2026-09-05T00:02:55.012Z

Page reload sent to client(s).
> Changes detected. Rebuilding...
√ Changes detected. Rebuilding...
Initial chunk files | Names                                      |  Raw size
main.js             | main                                       |   4.13 kB | 
chunk-GGTCAGAO.js   | -                                          |   1.90 kB | 

Lazy chunk files    | Names                                      |  Raw size
chunk-DGZHM5FO.js   | index                                      |   1.15 MB | 
chunk-7ZKRBVU4.js   | simulation-decision-shell-component        |   1.12 MB | 
chunk-NA6SSLSA.js   | history-live-page-component                | 401.23 kB | 
chunk-G7V4IT6Z.js   | exhibit-hall-page-component                | 386.62 kB | 
chunk-JHHOBHOD.js   | debate-studio-page-component               | 318.98 kB | 
chunk-VSPL5OY5.js   | journey-shell-component                    | 126.58 kB | 
chunk-GVBCZTS4.js   | simulation-decision-builder-info-component |  78.56 kB | 
chunk-Q6HSQPVR.js   | class-exhibit-hall-routes                  |  68.98 kB | 
chunk-HPQG6LKR.js   | -                                          |  66.49 kB | 
chunk-42RYNI3L.js   | -                                          |  59.49 kB | 
chunk-ZP4AZX3Z.js   | -                                          |  54.39 kB | 
chunk-IDQ7NXVQ.js   | frontier-trading-routes                    |  51.68 kB | 
chunk-ZYVF3MOL.js   | -                                          |  40.33 kB | 
chunk-T4VA4C2Z.js   | project-home-component                     |  39.58 kB | 
chunk-7PFMUITP.js   | history-live-routes                        |  34.72 kB | 
...and 6 more lazy chunks files. Use "--verbose" to show all the files.

Application bundle generation complete. [0.783 seconds] - 2026-09-05T00:04:12.647Z

Page reload sent to client(s).
> Changes detected. Rebuilding...
√ Changes detected. Rebuilding...
Initial chunk files | Names                                      |  Raw size
main.js             | main                                       |   4.13 kB | 
chunk-ILI7WEXY.js   | -                                          |   1.94 kB | 
chunk-GGTCAGAO.js   | -                                          |   1.90 kB | 
styles.css          | styles                                     | 350 bytes | 

                    | Initial total                              |   8.31 kB

Lazy chunk files    | Names                                      |  Raw size
chunk-DGZHM5FO.js   | index                                      |   1.15 MB | 
chunk-7ZKRBVU4.js   | simulation-decision-shell-component        |   1.12 MB | 
chunk-NA6SSLSA.js   | history-live-page-component                | 401.23 kB | 
chunk-G7V4IT6Z.js   | exhibit-hall-page-component                | 386.62 kB | 
chunk-JHHOBHOD.js   | debate-studio-page-component               | 318.98 kB | 
chunk-VSPL5OY5.js   | journey-shell-component                    | 126.58 kB | 
chunk-GVBCZTS4.js   | simulation-decision-builder-info-component |  78.56 kB | 
chunk-Q6HSQPVR.js   | class-exhibit-hall-routes                  |  68.98 kB | 
chunk-HPQG6LKR.js   | -                                          |  66.49 kB | 
chunk-42RYNI3L.js   | -                                          |  59.49 kB | 
chunk-ZP4AZX3Z.js   | -                                          |  54.39 kB | 
chunk-IDQ7NXVQ.js   | frontier-trading-routes                    |  51.68 kB | 
chunk-ZYVF3MOL.js   | -                                          |  40.33 kB | 
chunk-T4VA4C2Z.js   | project-home-component                     |  39.58 kB | 
chunk-7PFMUITP.js   | history-live-routes                        |  34.72 kB | 
...and 6 more lazy chunks files. Use "--verbose" to show all the files.

Application bundle generation complete. [0.112 seconds] - 2026-09-05T00:04:12.765Z

> Changes detected. Rebuilding...
√ Changes detected. Rebuilding...
Initial chunk files | Names                                      |  Raw size
main.js             | main                                       |   4.13 kB | 
chunk-GOMI4DH3.js   | -                                          |   1.42 kB | 

Lazy chunk files    | Names                                      |  Raw size
chunk-IZ42UL4V.js   | index                                      |   1.15 MB | 
chunk-R2R3M4PH.js   | simulation-decision-shell-component        |   1.12 MB | 
chunk-P6SYHKVH.js   | history-live-page-component                | 401.23 kB | 
chunk-WL4HB42M.js   | exhibit-hall-page-component                | 386.62 kB | 
chunk-YHWKUWKL.js   | debate-studio-page-component               | 318.98 kB | 
chunk-3IXW53QA.js   | journey-shell-component                    | 212.81 kB | 
chunk-ZGFXYMEP.js   | simulation-decision-builder-info-component |  78.56 kB | 
chunk-TV62LAWH.js   | class-exhibit-hall-routes                  |  68.98 kB | 
chunk-PGDWNRHR.js   | -                                          |  66.49 kB | 
chunk-YSKEUCOO.js   | -                                          |  59.49 kB | 
chunk-KUEI3S5Q.js   | -                                          |  54.39 kB | 
chunk-BDJYOI4S.js   | frontier-trading-routes                    |  51.68 kB | 
chunk-XL3IZLWN.js   | -                                          |  40.33 kB | 
chunk-SJYCNRSP.js   | project-home-component                     |  39.58 kB | 
chunk-SKCDFKIF.js   | history-live-routes                        |  34.72 kB | 
...and 6 more lazy chunks files. Use "--verbose" to show all the files.

Application bundle generation complete. [2.898 seconds] - 2026-09-05T00:04:37.550Z

Component update sent to client(s).
> Changes detected. Rebuilding...
√ Changes detected. Rebuilding...
Initial chunk files | Names                   |  Raw size
main.js             | main                    |   4.13 kB | 

Lazy chunk files    | Names                   |  Raw size
chunk-ZTT6CAMA.js   | journey-shell-component | 217.52 kB | 
chunk-FMIH3U54.js   | journey-replay-routes   |  25.07 kB | 

Application bundle generation complete. [1.194 seconds] - 2026-09-05T00:05:04.334Z

Component update sent to client(s).
> Changes detected. Rebuilding...
√ Changes detected. Rebuilding...
Initial chunk files | Names                   |  Raw size
main.js             | main                    |   4.13 kB | 

Lazy chunk files    | Names                   |  Raw size
chunk-UWCOQJUT.js   | journey-shell-component | 219.80 kB | 
chunk-EABREICT.js   | journey-replay-routes   |  25.07 kB | 

Application bundle generation complete. [1.350 seconds] - 2026-09-05T00:05:05.689Z

Component update sent to client(s).
> Changes detected. Rebuilding...
√ Changes detected. Rebuilding...
Initial chunk files | Names                   |  Raw size
main.js             | main                    |   4.13 kB | 

Lazy chunk files    | Names                   |  Raw size
chunk-YE3EAB2O.js   | journey-shell-component | 219.80 kB | 
chunk-MV7SDVYD.js   | journey-replay-routes   |  30.56 kB | 
chunk-RRIOLISH.js   | -                       |  24.39 kB | 

Application bundle generation complete. [0.881 seconds] - 2026-09-05T00:05:18.732Z

Page reload sent to client(s).
> Changes detected. Rebuilding...
√ Changes detected. Rebuilding...
Initial chunk files | Names                                      |  Raw size
main.js             | main                                       |   4.13 kB | 
chunk-ILI7WEXY.js   | -                                          |   1.94 kB | 
chunk-GOMI4DH3.js   | -                                          |   1.42 kB | 
styles.css          | styles                                     | 350 bytes | 

                    | Initial total                              |   7.84 kB

Lazy chunk files    | Names                                      |  Raw size
chunk-IZ42UL4V.js   | index                                      |   1.15 MB | 
chunk-R2R3M4PH.js   | simulation-decision-shell-component        |   1.12 MB | 
chunk-P6SYHKVH.js   | history-live-page-component                | 401.23 kB | 
chunk-WL4HB42M.js   | exhibit-hall-page-component                | 386.62 kB | 
chunk-YHWKUWKL.js   | debate-studio-page-component               | 318.98 kB | 
chunk-YE3EAB2O.js   | journey-shell-component                    | 219.80 kB | 
chunk-ZGFXYMEP.js   | simulation-decision-builder-info-component |  78.56 kB | 
chunk-TV62LAWH.js   | class-exhibit-hall-routes                  |  68.98 kB | 
chunk-PGDWNRHR.js   | -                                          |  66.49 kB | 
chunk-YSKEUCOO.js   | -                                          |  59.49 kB | 
chunk-KUEI3S5Q.js   | -                                          |  54.39 kB | 
chunk-BDJYOI4S.js   | frontier-trading-routes                    |  51.68 kB | 
chunk-XL3IZLWN.js   | -                                          |  40.33 kB | 
chunk-SJYCNRSP.js   | project-home-component                     |  39.58 kB | 
chunk-SKCDFKIF.js   | history-live-routes                        |  34.72 kB | 
...and 6 more lazy chunks files. Use "--verbose" to show all the files.

Application bundle generation complete. [2.392 seconds] - 2026-09-05T00:13:04.628Z

> Changes detected. Rebuilding...
√ Changes detected. Rebuilding...
Initial chunk files | Names                                      |  Raw size
main.js             | main                                       |   4.13 kB | 
chunk-ILI7WEXY.js   | -                                          |   1.94 kB | 
chunk-GOMI4DH3.js   | -                                          |   1.42 kB | 
styles.css          | styles                                     | 350 bytes | 

                    | Initial total                              |   7.84 kB

Lazy chunk files    | Names                                      |  Raw size
chunk-IZ42UL4V.js   | index                                      |   1.15 MB | 
chunk-R2R3M4PH.js   | simulation-decision-shell-component        |   1.12 MB | 
chunk-P6SYHKVH.js   | history-live-page-component                | 401.23 kB | 
chunk-WL4HB42M.js   | exhibit-hall-page-component                | 386.62 kB | 
chunk-YHWKUWKL.js   | debate-studio-page-component               | 318.98 kB | 
chunk-YE3EAB2O.js   | journey-shell-component                    | 219.80 kB | 
chunk-ZGFXYMEP.js   | simulation-decision-builder-info-component |  78.56 kB | 
chunk-TV62LAWH.js   | class-exhibit-hall-routes                  |  68.98 kB | 
chunk-PGDWNRHR.js   | -                                          |  66.49 kB | 
chunk-YSKEUCOO.js   | -                                          |  59.49 kB | 
chunk-KUEI3S5Q.js   | -                                          |  54.39 kB | 
chunk-BDJYOI4S.js   | frontier-trading-routes                    |  51.68 kB | 
chunk-XL3IZLWN.js   | -                                          |  40.33 kB | 
chunk-SJYCNRSP.js   | project-home-component                     |  39.58 kB | 
chunk-SKCDFKIF.js   | history-live-routes                        |  34.72 kB | 
...and 6 more lazy chunks files. Use "--verbose" to show all the files.

Application bundle generation complete. [0.924 seconds] - 2026-09-05T00:13:05.568Z

> Changes detected. Rebuilding...
√ Changes detected. Rebuilding...
Initial chunk files | Names                 | Raw size
main.js             | main                  |  4.13 kB | 

Lazy chunk files    | Names                 | Raw size
chunk-OESY43GC.js   | journey-replay-routes | 30.70 kB | 

Application bundle generation complete. [2.768 seconds] - 2026-09-05T00:13:52.721Z

Page reload sent to client(s).
> Changes detected. Rebuilding...
√ Changes detected. Rebuilding...
Initial chunk files | Names                   |  Raw size
main.js             | main                    |   4.13 kB | 

Lazy chunk files    | Names                   |  Raw size
chunk-AWSUO6O4.js   | journey-shell-component | 219.80 kB | 
chunk-ETBHG5GN.js   | journey-replay-routes   |  30.70 kB | 
chunk-MPA2ZPAB.js   | -                       |  24.42 kB | 

Application bundle generation complete. [2.198 seconds] - 2026-09-05T00:15:37.485Z

Page reload sent to client(s).
> Changes detected. Rebuilding...
√ Changes detected. Rebuilding...
Initial chunk files | Names                   |  Raw size
main.js             | main                    |   4.13 kB | 

Lazy chunk files    | Names                   |  Raw size
chunk-TJO5FML3.js   | journey-shell-component | 220.46 kB | 
chunk-ZO2ZQ3KR.js   | journey-replay-routes   |  30.70 kB | 

Application bundle generation complete. [3.920 seconds] - 2026-09-05T00:15:41.422Z

Component update sent to client(s).
