
> forge-pbl-template@0.0.0 start
> ng serve --host 127.0.0.1 --port 4315

> Building...
√ Building...
Initial chunk files | Names                               |  Raw size
chunk-K2S2NVZ2.js   | -                                   |  24.17 kB | 
main.js             | main                                |   4.14 kB | 
chunk-GOMI4DH3.js   | -                                   |   1.42 kB | 
styles.css          | styles                              |   1.12 kB | 

                    | Initial total                       |  30.86 kB

Lazy chunk files    | Names                               |  Raw size
chunk-TLJUETQM.js   | simulation-decision-shell-component |   1.18 MB | 
chunk-MLM7AMAI.js   | index                               | 905.63 kB | 
chunk-WPWVRGJB.js   | crisis-center-component             | 711.95 kB | 
chunk-QLJ3DNQK.js   | -                                   | 501.35 kB | 
chunk-MIS4GQOW.js   | exhibit-hall-page-component         | 429.01 kB | 
chunk-K7OVT4DA.js   | history-live-page-component         | 428.71 kB | 
chunk-6KJSQ4MZ.js   | debate-studio-page-component        | 413.03 kB | 
chunk-5HINF524.js   | journey-shell-component             | 373.58 kB | 
chunk-YB4MKR5C.js   | expedition-component                | 331.60 kB | 
chunk-AJPMZUJW.js   | project-intro-component             | 303.84 kB | 
chunk-W7AKPTI2.js   | engineering-design-page-component   | 231.89 kB | 
chunk-N75BXYY2.js   | project-host-component              | 214.12 kB | 
chunk-7ZAVKRYZ.js   | time-repair-page-component          | 206.05 kB | 
chunk-5TU67YPC.js   | restoration-collection-component    | 197.58 kB | 
chunk-D7LXLASK.js   | gallery-component                   | 188.82 kB | 
...and 151 more lazy chunks files. Use "--verbose" to show all the files.

Application bundle generation complete. [25.253 seconds] - 2026-09-14T21:38:43.203Z

Watch mode enabled. Watching for file changes...
NOTE: Raw file sizes do not reflect development server per-request transformations.
  ➜  Local:   http://127.0.0.1:4315/
> Changes detected. Rebuilding...
√ Changes detected. Rebuilding...
Initial chunk files | Names                           |  Raw size
main.js             | main                            |   4.14 kB | 

Lazy chunk files    | Names                           |  Raw size
chunk-4KMRUMMU.js   | -                               | 501.69 kB | 
chunk-ZFM4NGK6.js   | project-host-component          | 214.12 kB | 
chunk-433E77D2.js   | project-final-example-component |  52.98 kB | 
chunk-3SU3Q6EU.js   | automation-sample               |  14.05 kB | 
chunk-ZOBLHTNL.js   | programming-automation-launcher |   1.62 kB | 
chunk-WYRWOVAL.js   | automation-lab-component        | 463 bytes | 

Application bundle generation complete. [13.605 seconds] - 2026-09-14T21:40:33.858Z

Component update sent to client(s).
> Changes detected. Rebuilding...
√ Changes detected. Rebuilding...
Initial chunk files | Names                           |  Raw size
main.js             | main                            |   4.14 kB | 

Lazy chunk files    | Names                           |  Raw size
chunk-KDGUWNWE.js   | -                               | 501.69 kB | 
chunk-JC44B33P.js   | project-host-component          | 214.12 kB | 
chunk-DVD7YAJJ.js   | project-final-example-component |  52.98 kB | 
chunk-3ODNQ2KA.js   | automation-sample               |  14.05 kB | 
chunk-K6BTBICG.js   | programming-automation-launcher |   1.62 kB | 
chunk-TRYNZ7CG.js   | automation-lab-component        | 463 bytes | 

Application bundle generation complete. [1.354 seconds] - 2026-09-14T21:40:35.229Z

Component update sent to client(s).
> Changes detected. Rebuilding...
√ Changes detected. Rebuilding...
Initial chunk files | Names                           |  Raw size
main.js             | main                            |   4.14 kB | 

Lazy chunk files    | Names                           |  Raw size
chunk-GXCAELG3.js   | -                               | 501.76 kB | 
chunk-2KPDIVGX.js   | project-host-component          | 214.12 kB | 
chunk-JXXT3OM7.js   | project-final-example-component |  52.98 kB | 
chunk-7NOAUND7.js   | automation-sample               |  14.05 kB | 
chunk-NYTIXSAA.js   | programming-automation-launcher |   1.62 kB | 
chunk-YJKX2PM6.js   | automation-lab-component        | 463 bytes | 

Application bundle generation complete. [1.489 seconds] - 2026-09-14T21:40:56.845Z

Component update sent to client(s).
3:41:33 PM [vite] (client) [console.warn] NG0956: The configured tracking expression (track by identity) caused re-creation of the entire collection of size 4. This is an expensive operation requiring destruction and subsequent creation of DOM nodes, directives, components etc. Please review the "track expression" and make sure that it uniquely identifies items in a collection. Find more at https://v22.angular.dev/errors/NG0956
3:41:33 PM [vite] (client) [console.warn] NG0956: The configured tracking expression (track by identity) caused re-creation of the entire collection of size 2. This is an expensive operation requiring destruction and subsequent creation of DOM nodes, directives, components etc. Please review the "track expression" and make sure that it uniquely identifies items in a collection. Find more at https://v22.angular.dev/errors/NG0956
3:41:33 PM [vite] (client) [console.warn] NG0956: The configured tracking expression (track by identity) caused re-creation of the entire collection of size 2. This is an expensive operation requiring destruction and subsequent creation of DOM nodes, directives, components etc. Please review the "track expression" and make sure that it uniquely identifies items in a collection. Find more at https://v22.angular.dev/errors/NG0956
3:41:45 PM [vite] (client) [console.warn] NG0956: The configured tracking expression (track by identity) caused re-creation of the entire collection of size 4. This is an expensive operation requiring destruction and subsequent creation of DOM nodes, directives, components etc. Please review the "track expression" and make sure that it uniquely identifies items in a collection. Find more at https://v22.angular.dev/errors/NG0956
3:41:45 PM [vite] (client) [console.warn] NG0956: The configured tracking expression (track by identity) caused re-creation of the entire collection of size 2. This is an expensive operation requiring destruction and subsequent creation of DOM nodes, directives, components etc. Please review the "track expression" and make sure that it uniquely identifies items in a collection. Find more at https://v22.angular.dev/errors/NG0956
3:41:45 PM [vite] (client) [console.warn] NG0956: The configured tracking expression (track by identity) caused re-creation of the entire collection of size 2. This is an expensive operation requiring destruction and subsequent creation of DOM nodes, directives, components etc. Please review the "track expression" and make sure that it uniquely identifies items in a collection. Find more at https://v22.angular.dev/errors/NG0956
3:41:56 PM [vite] (client) [console.warn] NG0956: The configured tracking expression (track by identity) caused re-creation of the entire collection of size 4. This is an expensive operation requiring destruction and subsequent creation of DOM nodes, directives, components etc. Please review the "track expression" and make sure that it uniquely identifies items in a collection. Find more at https://v22.angular.dev/errors/NG0956
3:41:56 PM [vite] (client) [console.warn] NG0956: The configured tracking expression (track by identity) caused re-creation of the entire collection of size 2. This is an expensive operation requiring destruction and subsequent creation of DOM nodes, directives, components etc. Please review the "track expression" and make sure that it uniquely identifies items in a collection. Find more at https://v22.angular.dev/errors/NG0956
3:41:56 PM [vite] (client) [console.warn] NG0956: The configured tracking expression (track by identity) caused re-creation of the entire collection of size 2. This is an expensive operation requiring destruction and subsequent creation of DOM nodes, directives, components etc. Please review the "track expression" and make sure that it uniquely identifies items in a collection. Find more at https://v22.angular.dev/errors/NG0956
> Changes detected. Rebuilding...
√ Changes detected. Rebuilding...
Initial chunk files | Names                           |  Raw size
main.js             | main                            |   4.14 kB | 

Lazy chunk files    | Names                           |  Raw size
chunk-Y2Z5BAQU.js   | -                               | 501.76 kB | 
chunk-OZVDAXXG.js   | project-host-component          | 214.12 kB | 
chunk-HBKMULGU.js   | project-final-example-component |  52.98 kB | 
chunk-K52WQU6K.js   | automation-sample               |  14.05 kB | 
chunk-35V44DDD.js   | programming-automation-launcher |   1.62 kB | 
chunk-JEFXTFXR.js   | automation-lab-component        | 463 bytes | 

Application bundle generation complete. [5.613 seconds] - 2026-09-14T21:42:26.926Z

Component update sent to client(s).
> Changes detected. Rebuilding...
√ Changes detected. Rebuilding...
Initial chunk files | Names                           |  Raw size
main.js             | main                            |   4.14 kB | 

Lazy chunk files    | Names                           |  Raw size
chunk-66G3624Q.js   | -                               | 503.07 kB | 
chunk-MWHXLGY6.js   | project-host-component          | 214.12 kB | 
chunk-EUAEZKOV.js   | project-final-example-component |  52.98 kB | 
chunk-BID3T73N.js   | -                               |  22.57 kB | 
chunk-MIFN46KD.js   | automation-sample               |  14.05 kB | 
chunk-EHZGW5PC.js   | programming-automation-launcher |   1.62 kB | 
chunk-EZRSLMH6.js   | automation-lab-component        | 463 bytes | 
chunk-OJK7NPNJ.js   | robot-delivery-config           | 217 bytes | 

Application bundle generation complete. [2.196 seconds] - 2026-09-14T21:43:23.093Z

Page reload sent to client(s).
> Changes detected. Rebuilding...
√ Changes detected. Rebuilding...
Initial chunk files | Names                           |  Raw size
main.js             | main                            |   4.14 kB | 

Lazy chunk files    | Names                           |  Raw size
chunk-SSZGO5ZK.js   | project-host-component          | 214.12 kB | 
chunk-HALX3PHX.js   | project-final-example-component |  52.98 kB | 
chunk-HDUYTC5O.js   | -                               |  22.56 kB | 
chunk-X3V5Q7IM.js   | automation-sample               |  14.05 kB | 
chunk-4USUNBE6.js   | robot-delivery-config           | 217 bytes | 

Application bundle generation complete. [1.365 seconds] - 2026-09-14T21:43:46.392Z

Page reload sent to client(s).
3:44:31 PM [vite] (client) [console.warn] NG0956: The configured tracking expression (track by identity) caused re-creation of the entire collection of size 4. This is an expensive operation requiring destruction and subsequent creation of DOM nodes, directives, components etc. Please review the "track expression" and make sure that it uniquely identifies items in a collection. Find more at https://v22.angular.dev/errors/NG0956
3:44:31 PM [vite] (client) [console.warn] NG0956: The configured tracking expression (track by identity) caused re-creation of the entire collection of size 2. This is an expensive operation requiring destruction and subsequent creation of DOM nodes, directives, components etc. Please review the "track expression" and make sure that it uniquely identifies items in a collection. Find more at https://v22.angular.dev/errors/NG0956
3:44:31 PM [vite] (client) [console.warn] NG0956: The configured tracking expression (track by identity) caused re-creation of the entire collection of size 2. This is an expensive operation requiring destruction and subsequent creation of DOM nodes, directives, components etc. Please review the "track expression" and make sure that it uniquely identifies items in a collection. Find more at https://v22.angular.dev/errors/NG0956
3:46:40 PM [vite] (client) [console.warn] NG0956: The configured tracking expression (track by identity) caused re-creation of the entire collection of size 4. This is an expensive operation requiring destruction and subsequent creation of DOM nodes, directives, components etc. Please review the "track expression" and make sure that it uniquely identifies items in a collection. Find more at https://v22.angular.dev/errors/NG0956
3:46:40 PM [vite] (client) [console.warn] NG0956: The configured tracking expression (track by identity) caused re-creation of the entire collection of size 2. This is an expensive operation requiring destruction and subsequent creation of DOM nodes, directives, components etc. Please review the "track expression" and make sure that it uniquely identifies items in a collection. Find more at https://v22.angular.dev/errors/NG0956
3:46:40 PM [vite] (client) [console.warn] NG0956: The configured tracking expression (track by identity) caused re-creation of the entire collection of size 2. This is an expensive operation requiring destruction and subsequent creation of DOM nodes, directives, components etc. Please review the "track expression" and make sure that it uniquely identifies items in a collection. Find more at https://v22.angular.dev/errors/NG0956
3:46:42 PM [vite] (client) [console.warn] NG0956: The configured tracking expression (track by identity) caused re-creation of the entire collection of size 4. This is an expensive operation requiring destruction and subsequent creation of DOM nodes, directives, components etc. Please review the "track expression" and make sure that it uniquely identifies items in a collection. Find more at https://v22.angular.dev/errors/NG0956
3:46:42 PM [vite] (client) [console.warn] NG0956: The configured tracking expression (track by identity) caused re-creation of the entire collection of size 2. This is an expensive operation requiring destruction and subsequent creation of DOM nodes, directives, components etc. Please review the "track expression" and make sure that it uniquely identifies items in a collection. Find more at https://v22.angular.dev/errors/NG0956
3:46:42 PM [vite] (client) [console.warn] NG0956: The configured tracking expression (track by identity) caused re-creation of the entire collection of size 2. This is an expensive operation requiring destruction and subsequent creation of DOM nodes, directives, components etc. Please review the "track expression" and make sure that it uniquely identifies items in a collection. Find more at https://v22.angular.dev/errors/NG0956
> Changes detected. Rebuilding...
3:46:43 PM [vite] (client) [console.warn] NG0956: The configured tracking expression (track by identity) caused re-creation of the entire collection of size 4. This is an expensive operation requiring destruction and subsequent creation of DOM nodes, directives, components etc. Please review the "track expression" and make sure that it uniquely identifies items in a collection. Find more at https://v22.angular.dev/errors/NG0956
3:46:43 PM [vite] (client) [console.warn] NG0956: The configured tracking expression (track by identity) caused re-creation of the entire collection of size 2. This is an expensive operation requiring destruction and subsequent creation of DOM nodes, directives, components etc. Please review the "track expression" and make sure that it uniquely identifies items in a collection. Find more at https://v22.angular.dev/errors/NG0956
3:46:43 PM [vite] (client) [console.warn] NG0956: The configured tracking expression (track by identity) caused re-creation of the entire collection of size 2. This is an expensive operation requiring destruction and subsequent creation of DOM nodes, directives, components etc. Please review the "track expression" and make sure that it uniquely identifies items in a collection. Find more at https://v22.angular.dev/errors/NG0956
√ Changes detected. Rebuilding...
Application bundle generation failed. [1.248 seconds] - 2026-09-14T21:46:44.012Z

X [ERROR] TS2339: Property 'weekLessons' does not exist on type 'ProjectLessonNavComponent'. [plugin angular-compiler]

    src/app/shared/project-lessons/project-lesson-nav.component.html:39:20:
      39 │     @for (lesson of weekLessons(); track lesson.number) {
         ╵                     ~~~~~~~~~~~

  Error occurs in the template of component ProjectLessonNavComponent.

    src/app/shared/project-lessons/project-lesson-nav.component.ts:9:15:
      9 │   templateUrl: './project-lesson-nav.component.html',
        ╵                ~~~~~~~~~~~~~~~~~~~~~~~~~~~~~~~~~~~~~


> Changes detected. Rebuilding...
√ Changes detected. Rebuilding...
Initial chunk files | Names                               |  Raw size
chunk-K2S2NVZ2.js   | -                                   |  24.17 kB | 
main.js             | main                                |   4.14 kB | 
chunk-GOMI4DH3.js   | -                                   |   1.42 kB | 
styles.css          | styles                              |   1.12 kB | 

                    | Initial total                       |  30.86 kB

Lazy chunk files    | Names                               |  Raw size
chunk-TLJUETQM.js   | simulation-decision-shell-component |   1.18 MB | 
chunk-MLM7AMAI.js   | index                               | 905.63 kB | 
chunk-WPWVRGJB.js   | crisis-center-component             | 711.95 kB | 
chunk-66G3624Q.js   | -                                   | 503.07 kB | 
chunk-MIS4GQOW.js   | exhibit-hall-page-component         | 429.01 kB | 
chunk-K7OVT4DA.js   | history-live-page-component         | 428.71 kB | 
chunk-6KJSQ4MZ.js   | debate-studio-page-component        | 413.03 kB | 
chunk-5HINF524.js   | journey-shell-component             | 373.58 kB | 
chunk-YB4MKR5C.js   | expedition-component                | 331.60 kB | 
chunk-AJPMZUJW.js   | project-intro-component             | 303.84 kB | 
chunk-W7AKPTI2.js   | engineering-design-page-component   | 231.89 kB | 
chunk-MB4RAKN3.js   | project-host-component              | 222.43 kB | 
chunk-7ZAVKRYZ.js   | time-repair-page-component          | 206.05 kB | 
chunk-5TU67YPC.js   | restoration-collection-component    | 197.58 kB | 
chunk-D7LXLASK.js   | gallery-component                   | 188.82 kB | 
...and 151 more lazy chunks files. Use "--verbose" to show all the files.

Application bundle generation complete. [2.437 seconds] - 2026-09-14T21:48:12.492Z

Page reload sent to client(s).
> Changes detected. Rebuilding...
√ Changes detected. Rebuilding...
Initial chunk files | Names                  |  Raw size
chunk-47AWS4WT.js   | -                      |  24.19 kB | 
main.js             | main                   |   4.14 kB | 

Lazy chunk files    | Names                  |  Raw size
chunk-W32Z3ITA.js   | project-host-component | 223.23 kB | 
chunk-U3TLWBEG.js   | project-home-component |  27.80 kB | 

Application bundle generation complete. [1.748 seconds] - 2026-09-14T21:48:52.542Z

Page reload sent to client(s).
> Changes detected. Rebuilding...
√ Changes detected. Rebuilding...
Initial chunk files | Names                  |  Raw size
main.js             | main                   |   4.14 kB | 

Lazy chunk files    | Names                  |  Raw size
chunk-3WDPO3L2.js   | project-host-component | 222.86 kB | 

Application bundle generation complete. [2.072 seconds] - 2026-09-14T21:50:07.500Z

Component update sent to client(s).
> Changes detected. Rebuilding...
√ Changes detected. Rebuilding...
Initial chunk files | Names                        |  Raw size
main.js             | main                         |   4.14 kB | 

Lazy chunk files    | Names                        |  Raw size
chunk-XGTCBKST.js   | expedition-component         | 331.60 kB | 
chunk-524QG7MO.js   | project-host-component       | 222.86 kB | 
chunk-IL3MBJA7.js   | escape-component             | 132.83 kB | 
chunk-LNN75TY7.js   | expedition-example-component |  24.39 kB | 
chunk-WWLO6HJI.js   | -                            |  15.02 kB | 
chunk-UIRXA65Y.js   | heist-launcher               |  12.85 kB | 
chunk-P4KGRIRB.js   | -                            |   8.17 kB | 
chunk-IBZYTHCP.js   | escape-runtime               | 449 bytes | 
chunk-WAF5WMZS.js   | expedition-runtime           | 435 bytes | 

Application bundle generation complete. [2.806 seconds] - 2026-09-14T21:55:36.188Z

Page reload sent to client(s).
> Changes detected. Rebuilding...
√ Changes detected. Rebuilding...
Application bundle generation failed. [1.887 seconds] - 2026-09-14T21:55:38.096Z

X [ERROR] TS2339: Property 'outputTurns' does not exist on type '{ drive: number; axle: number; output: number; }'. [plugin angular-compiler]

    src/app/templates/heist/escape/weekly/expedition-preview.runtime.ts:73:108:
      73 │ ...]} input turns · ${motion.outputTurns} output turns`, feedback...
         ╵                             ~~~~~~~~~~~


> Changes detected. Rebuilding...
√ Changes detected. Rebuilding...
Initial chunk files | Names                               |  Raw size
chunk-47AWS4WT.js   | -                                   |  24.19 kB | 
main.js             | main                                |   4.14 kB | 
chunk-GOMI4DH3.js   | -                                   |   1.42 kB | 
styles.css          | styles                              |   1.12 kB | 

                    | Initial total                       |  30.87 kB

Lazy chunk files    | Names                               |  Raw size
chunk-TLJUETQM.js   | simulation-decision-shell-component |   1.18 MB | 
chunk-MLM7AMAI.js   | index                               | 905.63 kB | 
chunk-WPWVRGJB.js   | crisis-center-component             | 711.95 kB | 
chunk-66G3624Q.js   | -                                   | 503.07 kB | 
chunk-MIS4GQOW.js   | exhibit-hall-page-component         | 429.01 kB | 
chunk-K7OVT4DA.js   | history-live-page-component         | 428.71 kB | 
chunk-6KJSQ4MZ.js   | debate-studio-page-component        | 413.03 kB | 
chunk-5HINF524.js   | journey-shell-component             | 373.58 kB | 
chunk-XGTCBKST.js   | expedition-component                | 331.60 kB | 
chunk-AJPMZUJW.js   | project-intro-component             | 303.84 kB | 
chunk-W7AKPTI2.js   | engineering-design-page-component   | 231.89 kB | 
chunk-3NJOPQHB.js   | project-host-component              | 222.86 kB | 
chunk-7ZAVKRYZ.js   | time-repair-page-component          | 206.05 kB | 
chunk-5TU67YPC.js   | restoration-collection-component    | 197.58 kB | 
chunk-D7LXLASK.js   | gallery-component                   | 188.82 kB | 
...and 151 more lazy chunks files. Use "--verbose" to show all the files.

Application bundle generation complete. [2.134 seconds] - 2026-09-14T21:57:10.256Z

Page reload sent to client(s).
> Changes detected. Rebuilding...
√ Changes detected. Rebuilding...
Application bundle generation failed. [1.529 seconds] - 2026-09-14T21:57:11.815Z

X [ERROR] NG2008: Could not find stylesheet file '../weekly/preview-machine.scss'. [plugin angular-compiler]

    src/app/templates/heist/escape/balance-lock/balance-lock.component.ts:36:47:
      36 │ ..../balance-lock.component.scss', '../weekly/preview-machine.scss'],
         ╵                                    ~~~~~~~~~~~~~~~~~~~~~~~~~~~~~~~~


X [ERROR] NG2008: Could not find stylesheet file '../weekly/preview-machine.scss'. [plugin angular-compiler]

    src/app/templates/heist/escape/locks/machine-workshop.component.ts:24:51:
      24 │ ...chine-workshop.component.scss', '../weekly/preview-machine.scss'],
         ╵                                    ~~~~~~~~~~~~~~~~~~~~~~~~~~~~~~~~


> Changes detected. Rebuilding...
√ Changes detected. Rebuilding...
Initial chunk files | Names                               |  Raw size
chunk-47AWS4WT.js   | -                                   |  24.19 kB | 
main.js             | main                                |   4.14 kB | 
chunk-GOMI4DH3.js   | -                                   |   1.42 kB | 
styles.css          | styles                              |   1.12 kB | 

                    | Initial total                       |  30.87 kB

Lazy chunk files    | Names                               |  Raw size
chunk-TLJUETQM.js   | simulation-decision-shell-component |   1.18 MB | 
chunk-MLM7AMAI.js   | index                               | 905.63 kB | 
chunk-WPWVRGJB.js   | crisis-center-component             | 711.95 kB | 
chunk-66G3624Q.js   | -                                   | 503.07 kB | 
chunk-MIS4GQOW.js   | exhibit-hall-page-component         | 429.01 kB | 
chunk-K7OVT4DA.js   | history-live-page-component         | 428.71 kB | 
chunk-6KJSQ4MZ.js   | debate-studio-page-component        | 413.03 kB | 
chunk-5HINF524.js   | journey-shell-component             | 373.58 kB | 
chunk-Y5EHKT57.js   | expedition-component                | 356.37 kB | 
chunk-AJPMZUJW.js   | project-intro-component             | 303.84 kB | 
chunk-W7AKPTI2.js   | engineering-design-page-component   | 231.89 kB | 
chunk-SNK4LHFX.js   | project-host-component              | 222.86 kB | 
chunk-7ZAVKRYZ.js   | time-repair-page-component          | 206.05 kB | 
chunk-5TU67YPC.js   | restoration-collection-component    | 197.58 kB | 
chunk-D7LXLASK.js   | gallery-component                   | 188.82 kB | 
...and 151 more lazy chunks files. Use "--verbose" to show all the files.

Application bundle generation complete. [1.688 seconds] - 2026-09-14T21:57:13.509Z

Page reload sent to client(s).
> Changes detected. Rebuilding...
√ Changes detected. Rebuilding...
Initial chunk files | Names                             |  Raw size
main.js             | main                              |   4.14 kB | 

Lazy chunk files    | Names                             |  Raw size
chunk-422DSIQB.js   | engineering-design-page-component | 231.89 kB | 
chunk-AJOHGOCG.js   | project-host-component            | 222.86 kB | 
chunk-Y3BC7NHC.js   | -                                 |  16.26 kB | 
chunk-EDR4R6CF.js   | engineering-design-launcher       |   3.01 kB | 

Application bundle generation complete. [1.949 seconds] - 2026-09-14T21:58:44.173Z

Page reload sent to client(s).
> Changes detected. Rebuilding...
√ Changes detected. Rebuilding...
Application bundle generation failed. [2.029 seconds] - 2026-09-14T21:58:46.213Z

X [ERROR] TS2339: Property 'Math' does not exist on type 'EngineeringWeekWorkspaceComponent'. [plugin angular-compiler]

    src/app/templates/engineering-design/ui/engineering-week-workspace.component.html:4:17:
      4 │       <p>WEEK {{ Math.floor((selectedLesson() - 1) / 2) + 1 }} · {...
        ╵                  ~~~~

  Error occurs in the template of component EngineeringWeekWorkspaceComponent.

    src/app/templates/engineering-design/ui/engineering-week-workspace.component.ts:13:15:
      13 │   templateUrl: './engineering-week-workspace.component.html',
         ╵                ~~~~~~~~~~~~~~~~~~~~~~~~~~~~~~~~~~~~~~~~~~~~~


X [ERROR] TS2339: Property 'findLast' does not exist on type 'readonly DesignCapture[]'. [plugin angular-compiler]

    src/app/templates/engineering-design/ui/engineering-week-workspace.component.ts:57:38:
      57 │ ...last = this.draft()?.trials.findLast(t => t.settings['previewSe...
         ╵                                ~~~~~~~~


X [ERROR] TS7006: Parameter 't' implicitly has an 'any' type. [plugin angular-compiler]

    src/app/templates/engineering-design/ui/engineering-week-workspace.component.ts:57:47:
      57 │ ... this.draft()?.trials.findLast(t => t.settings['previewSession'...
         ╵                                   ^


> Changes detected. Rebuilding...
√ Changes detected. Rebuilding...
Application bundle generation failed. [3.604 seconds] - 2026-09-14T22:00:06.020Z

X [ERROR] TS2339: Property 'Math' does not exist on type 'EngineeringWeekWorkspaceComponent'. [plugin angular-compiler]

    src/app/templates/engineering-design/ui/engineering-week-workspace.component.html:4:17:
      4 │       <p>WEEK {{ Math.floor((selectedLesson() - 1) / 2) + 1 }} · {...
        ╵                  ~~~~

  Error occurs in the template of component EngineeringWeekWorkspaceComponent.

    src/app/templates/engineering-design/ui/engineering-week-workspace.component.ts:13:15:
      13 │   templateUrl: './engineering-week-workspace.component.html',
         ╵                ~~~~~~~~~~~~~~~~~~~~~~~~~~~~~~~~~~~~~~~~~~~~~


X [ERROR] TS2339: Property 'findLast' does not exist on type 'readonly DesignCapture[]'. [plugin angular-compiler]

    src/app/templates/engineering-design/ui/engineering-week-workspace.component.ts:57:38:
      57 │ ...last = this.draft()?.trials.findLast(t => t.settings['previewSe...
         ╵                                ~~~~~~~~


X [ERROR] TS7006: Parameter 't' implicitly has an 'any' type. [plugin angular-compiler]

    src/app/templates/engineering-design/ui/engineering-week-workspace.component.ts:57:47:
      57 │ ... this.draft()?.trials.findLast(t => t.settings['previewSession'...
         ╵                                   ^


> Changes detected. Rebuilding...
√ Changes detected. Rebuilding...
Application bundle generation failed. [1.206 seconds] - 2026-09-14T22:00:11.179Z

X [ERROR] TS2339: Property 'findLast' does not exist on type 'readonly DesignCapture[]'. [plugin angular-compiler]

    src/app/templates/engineering-design/ui/engineering-week-workspace.component.ts:58:38:
      58 │ ...last = this.draft()?.trials.findLast(t => t.settings['previewSe...
         ╵                                ~~~~~~~~


X [ERROR] TS7006: Parameter 't' implicitly has an 'any' type. [plugin angular-compiler]

    src/app/templates/engineering-design/ui/engineering-week-workspace.component.ts:58:47:
      58 │ ... this.draft()?.trials.findLast(t => t.settings['previewSession'...
         ╵                                   ^


> Changes detected. Rebuilding...
√ Changes detected. Rebuilding...
Application bundle generation failed. [1.948 seconds] - 2026-09-14T22:00:13.134Z

X [ERROR] TS2339: Property 'findLast' does not exist on type 'readonly DesignCapture[]'. [plugin angular-compiler]

    src/app/templates/engineering-design/ui/engineering-week-workspace.component.ts:58:38:
      58 │ ...last = this.draft()?.trials.findLast(t => t.settings['previewSe...
         ╵                                ~~~~~~~~


X [ERROR] TS7006: Parameter 't' implicitly has an 'any' type. [plugin angular-compiler]

    src/app/templates/engineering-design/ui/engineering-week-workspace.component.ts:58:47:
      58 │ ... this.draft()?.trials.findLast(t => t.settings['previewSession'...
         ╵                                   ^


> Changes detected. Rebuilding...
√ Changes detected. Rebuilding...
Application bundle generation failed. [1.466 seconds] - 2026-09-14T22:00:14.607Z

X [ERROR] TS2339: Property 'findLast' does not exist on type 'readonly DesignCapture[]'. [plugin angular-compiler]

    src/app/templates/engineering-design/ui/engineering-week-workspace.component.ts:58:38:
      58 │ ...last = this.draft()?.trials.findLast(t => t.settings['previewSe...
         ╵                                ~~~~~~~~


X [ERROR] TS7006: Parameter 't' implicitly has an 'any' type. [plugin angular-compiler]

    src/app/templates/engineering-design/ui/engineering-week-workspace.component.ts:58:47:
      58 │ ... this.draft()?.trials.findLast(t => t.settings['previewSession'...
         ╵                                   ^


> Changes detected. Rebuilding...
√ Changes detected. Rebuilding...
Application bundle generation failed. [0.929 seconds] - 2026-09-14T22:00:35.808Z

X [ERROR] TS2339: Property 'findLast' does not exist on type 'readonly DesignCapture[]'. [plugin angular-compiler]

    src/app/templates/engineering-design/ui/engineering-week-workspace.component.ts:58:38:
      58 │ ...last = this.draft()?.trials.findLast(t => t.settings['previewSe...
         ╵                                ~~~~~~~~


X [ERROR] TS7006: Parameter 't' implicitly has an 'any' type. [plugin angular-compiler]

    src/app/templates/engineering-design/ui/engineering-week-workspace.component.ts:58:47:
      58 │ ... this.draft()?.trials.findLast(t => t.settings['previewSession'...
         ╵                                   ^


> Changes detected. Rebuilding...
√ Changes detected. Rebuilding...
Application bundle generation failed. [0.816 seconds] - 2026-09-14T22:00:36.634Z

X [ERROR] TS2339: Property 'findLast' does not exist on type 'readonly DesignCapture[]'. [plugin angular-compiler]

    src/app/templates/engineering-design/ui/engineering-week-workspace.component.ts:58:38:
      58 │ ...last = this.draft()?.trials.findLast(t => t.settings['previewSe...
         ╵                                ~~~~~~~~


X [ERROR] TS7006: Parameter 't' implicitly has an 'any' type. [plugin angular-compiler]

    src/app/templates/engineering-design/ui/engineering-week-workspace.component.ts:58:47:
      58 │ ... this.draft()?.trials.findLast(t => t.settings['previewSession'...
         ╵                                   ^


> Changes detected. Rebuilding...
√ Changes detected. Rebuilding...
Application bundle generation failed. [0.004 seconds] - 2026-09-14T22:00:36.645Z

X [ERROR] TS2339: Property 'findLast' does not exist on type 'readonly DesignCapture[]'. [plugin angular-compiler]

    src/app/templates/engineering-design/ui/engineering-week-workspace.component.ts:58:38:
      58 │ ...last = this.draft()?.trials.findLast(t => t.settings['previewSe...
         ╵                                ~~~~~~~~


X [ERROR] TS7006: Parameter 't' implicitly has an 'any' type. [plugin angular-compiler]

    src/app/templates/engineering-design/ui/engineering-week-workspace.component.ts:58:47:
      58 │ ... this.draft()?.trials.findLast(t => t.settings['previewSession'...
         ╵                                   ^


> Changes detected. Rebuilding...
√ Changes detected. Rebuilding...
Application bundle generation failed. [1.335 seconds] - 2026-09-14T22:00:43.517Z

X [ERROR] TS2339: Property 'findLast' does not exist on type 'readonly DesignCapture[]'. [plugin angular-compiler]

    src/app/templates/engineering-design/ui/engineering-week-workspace.component.ts:58:38:
      58 │ ...last = this.draft()?.trials.findLast(t => t.settings['previewSe...
         ╵                                ~~~~~~~~


X [ERROR] TS7006: Parameter 't' implicitly has an 'any' type. [plugin angular-compiler]

    src/app/templates/engineering-design/ui/engineering-week-workspace.component.ts:58:47:
      58 │ ... this.draft()?.trials.findLast(t => t.settings['previewSession'...
         ╵                                   ^


> Changes detected. Rebuilding...
√ Changes detected. Rebuilding...
Application bundle generation failed. [1.502 seconds] - 2026-09-14T22:00:45.026Z

X [ERROR] TS2339: Property 'findLast' does not exist on type 'readonly DesignCapture[]'. [plugin angular-compiler]

    src/app/templates/engineering-design/ui/engineering-week-workspace.component.ts:58:38:
      58 │ ...last = this.draft()?.trials.findLast(t => t.settings['previewSe...
         ╵                                ~~~~~~~~


X [ERROR] TS7006: Parameter 't' implicitly has an 'any' type. [plugin angular-compiler]

    src/app/templates/engineering-design/ui/engineering-week-workspace.component.ts:58:47:
      58 │ ... this.draft()?.trials.findLast(t => t.settings['previewSession'...
         ╵                                   ^


> Changes detected. Rebuilding...
√ Changes detected. Rebuilding...
Application bundle generation failed. [1.212 seconds] - 2026-09-14T22:01:01.497Z

X [ERROR] TS2339: Property 'findLast' does not exist on type 'readonly DesignCapture[]'. [plugin angular-compiler]

    src/app/templates/engineering-design/ui/engineering-week-workspace.component.ts:58:38:
      58 │ ...last = this.draft()?.trials.findLast(t => t.settings['previewSe...
         ╵                                ~~~~~~~~


X [ERROR] TS7006: Parameter 't' implicitly has an 'any' type. [plugin angular-compiler]

    src/app/templates/engineering-design/ui/engineering-week-workspace.component.ts:58:47:
      58 │ ... this.draft()?.trials.findLast(t => t.settings['previewSession'...
         ╵                                   ^


> Changes detected. Rebuilding...
√ Changes detected. Rebuilding...
Application bundle generation failed. [1.524 seconds] - 2026-09-14T22:01:18.079Z

X [ERROR] TS2339: Property 'findLast' does not exist on type 'readonly DesignCapture[]'. [plugin angular-compiler]

    src/app/templates/engineering-design/ui/engineering-week-workspace.component.ts:58:38:
      58 │ ...last = this.draft()?.trials.findLast(t => t.settings['previewSe...
         ╵                                ~~~~~~~~


X [ERROR] TS7006: Parameter 't' implicitly has an 'any' type. [plugin angular-compiler]

    src/app/templates/engineering-design/ui/engineering-week-workspace.component.ts:58:47:
      58 │ ... this.draft()?.trials.findLast(t => t.settings['previewSession'...
         ╵                                   ^


> Changes detected. Rebuilding...
√ Changes detected. Rebuilding...
Application bundle generation failed. [1.591 seconds] - 2026-09-14T22:01:19.676Z

X [ERROR] TS2339: Property 'findLast' does not exist on type 'readonly DesignCapture[]'. [plugin angular-compiler]

    src/app/templates/engineering-design/ui/engineering-week-workspace.component.ts:58:38:
      58 │ ...last = this.draft()?.trials.findLast(t => t.settings['previewSe...
         ╵                                ~~~~~~~~


X [ERROR] TS7006: Parameter 't' implicitly has an 'any' type. [plugin angular-compiler]

    src/app/templates/engineering-design/ui/engineering-week-workspace.component.ts:58:47:
      58 │ ... this.draft()?.trials.findLast(t => t.settings['previewSession'...
         ╵                                   ^


> Changes detected. Rebuilding...
√ Changes detected. Rebuilding...
Application bundle generation failed. [1.971 seconds] - 2026-09-14T22:01:21.654Z

X [ERROR] TS2339: Property 'findLast' does not exist on type 'readonly DesignCapture[]'. [plugin angular-compiler]

    src/app/templates/engineering-design/ui/engineering-week-workspace.component.ts:58:38:
      58 │ ...last = this.draft()?.trials.findLast(t => t.settings['previewSe...
         ╵                                ~~~~~~~~


X [ERROR] TS7006: Parameter 't' implicitly has an 'any' type. [plugin angular-compiler]

    src/app/templates/engineering-design/ui/engineering-week-workspace.component.ts:58:47:
      58 │ ... this.draft()?.trials.findLast(t => t.settings['previewSession'...
         ╵                                   ^


> Changes detected. Rebuilding...
√ Changes detected. Rebuilding...
Application bundle generation failed. [1.549 seconds] - 2026-09-14T22:02:36.862Z

X [ERROR] TS2339: Property 'findLast' does not exist on type 'readonly DesignCapture[]'. [plugin angular-compiler]

    src/app/templates/engineering-design/ui/engineering-week-workspace.component.ts:58:38:
      58 │ ...last = this.draft()?.trials.findLast(t => t.settings['previewSe...
         ╵                                ~~~~~~~~


X [ERROR] TS7006: Parameter 't' implicitly has an 'any' type. [plugin angular-compiler]

    src/app/templates/engineering-design/ui/engineering-week-workspace.component.ts:58:47:
      58 │ ... this.draft()?.trials.findLast(t => t.settings['previewSession'...
         ╵                                   ^


> Changes detected. Rebuilding...
√ Changes detected. Rebuilding...
Application bundle generation failed. [1.521 seconds] - 2026-09-14T22:02:38.391Z

X [ERROR] NG5002: Unexpected closing tag "article". It may happen when the tag has already been closed by another tag. For more info see https://www.w3.org/TR/html5/syntax.html#closing-elements-that-have-implied-end-tags [plugin angular-compiler]

    src/app/projects/mystery-substance/emergency-response.component.html:47:6:
      47 │       </article>
         ╵       ~~~~~~~~~~

  Error occurs in the template of component EmergencyResponseComponent.

    src/app/projects/mystery-substance/emergency-response.component.ts:62:15:
      62 │   templateUrl: './emergency-response.component.html',
         ╵                ~~~~~~~~~~~~~~~~~~~~~~~~~~~~~~~~~~~~~


X [ERROR] NG5002: Unexpected closing tag "div". It may happen when the tag has already been closed by another tag. For more info see https://www.w3.org/TR/html5/syntax.html#closing-elements-that-have-implied-end-tags [plugin angular-compiler]

    src/app/projects/mystery-substance/emergency-response.component.html:48:4:
      48 │     </div>
         ╵     ~~~~~~

  Error occurs in the template of component EmergencyResponseComponent.

    src/app/projects/mystery-substance/emergency-response.component.ts:62:15:
      62 │   templateUrl: './emergency-response.component.html',
         ╵                ~~~~~~~~~~~~~~~~~~~~~~~~~~~~~~~~~~~~~


X [ERROR] NG5002: Unexpected closing block. The block may have been closed earlier. If you meant to write the `}` character, you should use the "&#125;" HTML entity instead. [plugin angular-compiler]

    src/app/projects/mystery-substance/emergency-response.component.html:49:2:
      49 │   }
         ╵   ^

  Error occurs in the template of component EmergencyResponseComponent.

    src/app/projects/mystery-substance/emergency-response.component.ts:62:15:
      62 │   templateUrl: './emergency-response.component.html',
         ╵                ~~~~~~~~~~~~~~~~~~~~~~~~~~~~~~~~~~~~~


X [ERROR] TS2339: Property 'findLast' does not exist on type 'readonly DesignCapture[]'. [plugin angular-compiler]

    src/app/templates/engineering-design/ui/engineering-week-workspace.component.ts:58:38:
      58 │ ...last = this.draft()?.trials.findLast(t => t.settings['previewSe...
         ╵                                ~~~~~~~~


X [ERROR] TS7006: Parameter 't' implicitly has an 'any' type. [plugin angular-compiler]

    src/app/templates/engineering-design/ui/engineering-week-workspace.component.ts:58:47:
      58 │ ... this.draft()?.trials.findLast(t => t.settings['previewSession'...
         ╵                                   ^


> Changes detected. Rebuilding...
√ Changes detected. Rebuilding...
Application bundle generation failed. [2.410 seconds] - 2026-09-14T22:03:34.634Z

X [ERROR] NG5002: Unexpected closing tag "article". It may happen when the tag has already been closed by another tag. For more info see https://www.w3.org/TR/html5/syntax.html#closing-elements-that-have-implied-end-tags [plugin angular-compiler]

    src/app/projects/mystery-substance/emergency-response.component.html:47:6:
      47 │       </article>
         ╵       ~~~~~~~~~~

  Error occurs in the template of component EmergencyResponseComponent.

    src/app/projects/mystery-substance/emergency-response.component.ts:62:15:
      62 │   templateUrl: './emergency-response.component.html',
         ╵                ~~~~~~~~~~~~~~~~~~~~~~~~~~~~~~~~~~~~~


X [ERROR] NG5002: Unexpected closing tag "div". It may happen when the tag has already been closed by another tag. For more info see https://www.w3.org/TR/html5/syntax.html#closing-elements-that-have-implied-end-tags [plugin angular-compiler]

    src/app/projects/mystery-substance/emergency-response.component.html:48:4:
      48 │     </div>
         ╵     ~~~~~~

  Error occurs in the template of component EmergencyResponseComponent.

    src/app/projects/mystery-substance/emergency-response.component.ts:62:15:
      62 │   templateUrl: './emergency-response.component.html',
         ╵                ~~~~~~~~~~~~~~~~~~~~~~~~~~~~~~~~~~~~~


X [ERROR] NG5002: Unexpected closing block. The block may have been closed earlier. If you meant to write the `}` character, you should use the "&#125;" HTML entity instead. [plugin angular-compiler]

    src/app/projects/mystery-substance/emergency-response.component.html:49:2:
      49 │   }
         ╵   ^

  Error occurs in the template of component EmergencyResponseComponent.

    src/app/projects/mystery-substance/emergency-response.component.ts:62:15:
      62 │   templateUrl: './emergency-response.component.html',
         ╵                ~~~~~~~~~~~~~~~~~~~~~~~~~~~~~~~~~~~~~


X [ERROR] TS2339: Property 'findLast' does not exist on type 'readonly DesignCapture[]'. [plugin angular-compiler]

    src/app/templates/engineering-design/ui/engineering-week-workspace.component.ts:58:38:
      58 │ ...last = this.draft()?.trials.findLast(t => t.settings['previewSe...
         ╵                                ~~~~~~~~


X [ERROR] TS7006: Parameter 't' implicitly has an 'any' type. [plugin angular-compiler]

    src/app/templates/engineering-design/ui/engineering-week-workspace.component.ts:58:47:
      58 │ ... this.draft()?.trials.findLast(t => t.settings['previewSession'...
         ╵                                   ^


> Changes detected. Rebuilding...
√ Changes detected. Rebuilding...
Application bundle generation failed. [0.883 seconds] - 2026-09-14T22:03:39.431Z

X [ERROR] NG5002: Unexpected closing tag "article". It may happen when the tag has already been closed by another tag. For more info see https://www.w3.org/TR/html5/syntax.html#closing-elements-that-have-implied-end-tags [plugin angular-compiler]

    src/app/projects/mystery-substance/emergency-response.component.html:47:6:
      47 │       </article>
         ╵       ~~~~~~~~~~

  Error occurs in the template of component EmergencyResponseComponent.

    src/app/projects/mystery-substance/emergency-response.component.ts:62:15:
      62 │   templateUrl: './emergency-response.component.html',
         ╵                ~~~~~~~~~~~~~~~~~~~~~~~~~~~~~~~~~~~~~


X [ERROR] NG5002: Unexpected closing tag "div". It may happen when the tag has already been closed by another tag. For more info see https://www.w3.org/TR/html5/syntax.html#closing-elements-that-have-implied-end-tags [plugin angular-compiler]

    src/app/projects/mystery-substance/emergency-response.component.html:48:4:
      48 │     </div>
         ╵     ~~~~~~

  Error occurs in the template of component EmergencyResponseComponent.

    src/app/projects/mystery-substance/emergency-response.component.ts:62:15:
      62 │   templateUrl: './emergency-response.component.html',
         ╵                ~~~~~~~~~~~~~~~~~~~~~~~~~~~~~~~~~~~~~


X [ERROR] NG5002: Unexpected closing block. The block may have been closed earlier. If you meant to write the `}` character, you should use the "&#125;" HTML entity instead. [plugin angular-compiler]

    src/app/projects/mystery-substance/emergency-response.component.html:49:2:
      49 │   }
         ╵   ^

  Error occurs in the template of component EmergencyResponseComponent.

    src/app/projects/mystery-substance/emergency-response.component.ts:62:15:
      62 │   templateUrl: './emergency-response.component.html',
         ╵                ~~~~~~~~~~~~~~~~~~~~~~~~~~~~~~~~~~~~~


X [ERROR] TS2339: Property 'findLast' does not exist on type 'readonly DesignCapture[]'. [plugin angular-compiler]

    src/app/templates/engineering-design/ui/engineering-week-workspace.component.ts:58:38:
      58 │ ...last = this.draft()?.trials.findLast(t => t.settings['previewSe...
         ╵                                ~~~~~~~~


X [ERROR] TS7006: Parameter 't' implicitly has an 'any' type. [plugin angular-compiler]

    src/app/templates/engineering-design/ui/engineering-week-workspace.component.ts:58:47:
      58 │ ... this.draft()?.trials.findLast(t => t.settings['previewSession'...
         ╵                                   ^


> Changes detected. Rebuilding...
√ Changes detected. Rebuilding...
Application bundle generation failed. [1.754 seconds] - 2026-09-14T22:04:15.926Z

X [ERROR] NG5002: Unexpected closing tag "article". It may happen when the tag has already been closed by another tag. For more info see https://www.w3.org/TR/html5/syntax.html#closing-elements-that-have-implied-end-tags [plugin angular-compiler]

    src/app/projects/mystery-substance/emergency-response.component.html:47:6:
      47 │       </article>
         ╵       ~~~~~~~~~~

  Error occurs in the template of component EmergencyResponseComponent.

    src/app/projects/mystery-substance/emergency-response.component.ts:62:15:
      62 │   templateUrl: './emergency-response.component.html',
         ╵                ~~~~~~~~~~~~~~~~~~~~~~~~~~~~~~~~~~~~~


X [ERROR] NG5002: Unexpected closing tag "div". It may happen when the tag has already been closed by another tag. For more info see https://www.w3.org/TR/html5/syntax.html#closing-elements-that-have-implied-end-tags [plugin angular-compiler]

    src/app/projects/mystery-substance/emergency-response.component.html:48:4:
      48 │     </div>
         ╵     ~~~~~~

  Error occurs in the template of component EmergencyResponseComponent.

    src/app/projects/mystery-substance/emergency-response.component.ts:62:15:
      62 │   templateUrl: './emergency-response.component.html',
         ╵                ~~~~~~~~~~~~~~~~~~~~~~~~~~~~~~~~~~~~~


X [ERROR] NG5002: Unexpected closing block. The block may have been closed earlier. If you meant to write the `}` character, you should use the "&#125;" HTML entity instead. [plugin angular-compiler]

    src/app/projects/mystery-substance/emergency-response.component.html:49:2:
      49 │   }
         ╵   ^

  Error occurs in the template of component EmergencyResponseComponent.

    src/app/projects/mystery-substance/emergency-response.component.ts:62:15:
      62 │   templateUrl: './emergency-response.component.html',
         ╵                ~~~~~~~~~~~~~~~~~~~~~~~~~~~~~~~~~~~~~


X [ERROR] TS2345: Argument of type '{ design: BlockDesign; id: string; pluginId: string; capturedAt: string; settings: Readonly<Record<string, string | number>>; measurements: readonly { readonly label: string; readonly value: string; }[]; } | { ...; }' is not assignable to parameter of type 'DesignCapture | undefined'.
  Object literal may only specify known properties, and 'timestamp' does not exist in type 'DesignCapture'. [plugin angular-compiler]

    src/app/templates/engineering-design/ui/engineering-week-workspace.component.ts:61:6:
      61 │       timestamp: new Date().toISOString(), design: this.design(),
         ╵       ~~~~~~~~~


> Changes detected. Rebuilding...
√ Changes detected. Rebuilding...
Application bundle generation failed. [2.725 seconds] - 2026-09-14T22:05:05.147Z

X [ERROR] NG5002: Unexpected closing tag "article". It may happen when the tag has already been closed by another tag. For more info see https://www.w3.org/TR/html5/syntax.html#closing-elements-that-have-implied-end-tags [plugin angular-compiler]

    src/app/projects/mystery-substance/emergency-response.component.html:47:6:
      47 │       </article>
         ╵       ~~~~~~~~~~

  Error occurs in the template of component EmergencyResponseComponent.

    src/app/projects/mystery-substance/emergency-response.component.ts:62:15:
      62 │   templateUrl: './emergency-response.component.html',
         ╵                ~~~~~~~~~~~~~~~~~~~~~~~~~~~~~~~~~~~~~


X [ERROR] NG5002: Unexpected closing tag "div". It may happen when the tag has already been closed by another tag. For more info see https://www.w3.org/TR/html5/syntax.html#closing-elements-that-have-implied-end-tags [plugin angular-compiler]

    src/app/projects/mystery-substance/emergency-response.component.html:48:4:
      48 │     </div>
         ╵     ~~~~~~

  Error occurs in the template of component EmergencyResponseComponent.

    src/app/projects/mystery-substance/emergency-response.component.ts:62:15:
      62 │   templateUrl: './emergency-response.component.html',
         ╵                ~~~~~~~~~~~~~~~~~~~~~~~~~~~~~~~~~~~~~


X [ERROR] NG5002: Unexpected closing block. The block may have been closed earlier. If you meant to write the `}` character, you should use the "&#125;" HTML entity instead. [plugin angular-compiler]

    src/app/projects/mystery-substance/emergency-response.component.html:49:2:
      49 │   }
         ╵   ^

  Error occurs in the template of component EmergencyResponseComponent.

    src/app/projects/mystery-substance/emergency-response.component.ts:62:15:
      62 │   templateUrl: './emergency-response.component.html',
         ╵                ~~~~~~~~~~~~~~~~~~~~~~~~~~~~~~~~~~~~~


X [ERROR] TS2345: Argument of type '{ design: BlockDesign; id: string; pluginId: string; capturedAt: string; settings: Readonly<Record<string, string | number>>; measurements: readonly { readonly label: string; readonly value: string; }[]; } | { ...; }' is not assignable to parameter of type 'DesignCapture | undefined'.
  Object literal may only specify known properties, and 'timestamp' does not exist in type 'DesignCapture'. [plugin angular-compiler]

    src/app/templates/engineering-design/ui/engineering-week-workspace.component.ts:61:6:
      61 │       timestamp: new Date().toISOString(), design: this.design(),
         ╵       ~~~~~~~~~


> Changes detected. Rebuilding...
√ Changes detected. Rebuilding...
Application bundle generation failed. [1.757 seconds] - 2026-09-14T22:05:06.922Z

X [ERROR] NG5002: Unexpected closing tag "article". It may happen when the tag has already been closed by another tag. For more info see https://www.w3.org/TR/html5/syntax.html#closing-elements-that-have-implied-end-tags [plugin angular-compiler]

    src/app/projects/mystery-substance/emergency-response.component.html:47:6:
      47 │       </article>
         ╵       ~~~~~~~~~~

  Error occurs in the template of component EmergencyResponseComponent.

    src/app/projects/mystery-substance/emergency-response.component.ts:62:15:
      62 │   templateUrl: './emergency-response.component.html',
         ╵                ~~~~~~~~~~~~~~~~~~~~~~~~~~~~~~~~~~~~~


X [ERROR] NG5002: Unexpected closing tag "div". It may happen when the tag has already been closed by another tag. For more info see https://www.w3.org/TR/html5/syntax.html#closing-elements-that-have-implied-end-tags [plugin angular-compiler]

    src/app/projects/mystery-substance/emergency-response.component.html:48:4:
      48 │     </div>
         ╵     ~~~~~~

  Error occurs in the template of component EmergencyResponseComponent.

    src/app/projects/mystery-substance/emergency-response.component.ts:62:15:
      62 │   templateUrl: './emergency-response.component.html',
         ╵                ~~~~~~~~~~~~~~~~~~~~~~~~~~~~~~~~~~~~~


X [ERROR] NG5002: Unexpected closing block. The block may have been closed earlier. If you meant to write the `}` character, you should use the "&#125;" HTML entity instead. [plugin angular-compiler]

    src/app/projects/mystery-substance/emergency-response.component.html:49:2:
      49 │   }
         ╵   ^

  Error occurs in the template of component EmergencyResponseComponent.

    src/app/projects/mystery-substance/emergency-response.component.ts:62:15:
      62 │   templateUrl: './emergency-response.component.html',
         ╵                ~~~~~~~~~~~~~~~~~~~~~~~~~~~~~~~~~~~~~


X [ERROR] TS2345: Argument of type '{ design: BlockDesign; id: string; pluginId: string; capturedAt: string; settings: Readonly<Record<string, string | number>>; measurements: readonly { readonly label: string; readonly value: string; }[]; } | { ...; }' is not assignable to parameter of type 'DesignCapture | undefined'.
  Object literal may only specify known properties, and 'timestamp' does not exist in type 'DesignCapture'. [plugin angular-compiler]

    src/app/templates/engineering-design/ui/engineering-week-workspace.component.ts:61:6:
      61 │       timestamp: new Date().toISOString(), design: this.design(),
         ╵       ~~~~~~~~~


> Changes detected. Rebuilding...
√ Changes detected. Rebuilding...
Application bundle generation failed. [5.627 seconds] - 2026-09-14T22:05:54.284Z

X [ERROR] NG5002: Unexpected closing tag "article". It may happen when the tag has already been closed by another tag. For more info see https://www.w3.org/TR/html5/syntax.html#closing-elements-that-have-implied-end-tags [plugin angular-compiler]

    src/app/projects/mystery-substance/emergency-response.component.html:47:6:
      47 │       </article>
         ╵       ~~~~~~~~~~

  Error occurs in the template of component EmergencyResponseComponent.

    src/app/projects/mystery-substance/emergency-response.component.ts:62:15:
      62 │   templateUrl: './emergency-response.component.html',
         ╵                ~~~~~~~~~~~~~~~~~~~~~~~~~~~~~~~~~~~~~


X [ERROR] NG5002: Unexpected closing tag "div". It may happen when the tag has already been closed by another tag. For more info see https://www.w3.org/TR/html5/syntax.html#closing-elements-that-have-implied-end-tags [plugin angular-compiler]

    src/app/projects/mystery-substance/emergency-response.component.html:48:4:
      48 │     </div>
         ╵     ~~~~~~

  Error occurs in the template of component EmergencyResponseComponent.

    src/app/projects/mystery-substance/emergency-response.component.ts:62:15:
      62 │   templateUrl: './emergency-response.component.html',
         ╵                ~~~~~~~~~~~~~~~~~~~~~~~~~~~~~~~~~~~~~


X [ERROR] NG5002: Unexpected closing block. The block may have been closed earlier. If you meant to write the `}` character, you should use the "&#125;" HTML entity instead. [plugin angular-compiler]

    src/app/projects/mystery-substance/emergency-response.component.html:49:2:
      49 │   }
         ╵   ^

  Error occurs in the template of component EmergencyResponseComponent.

    src/app/projects/mystery-substance/emergency-response.component.ts:62:15:
      62 │   templateUrl: './emergency-response.component.html',
         ╵                ~~~~~~~~~~~~~~~~~~~~~~~~~~~~~~~~~~~~~


X [ERROR] TS2345: Argument of type '{ design: BlockDesign; id: string; pluginId: string; capturedAt: string; settings: Readonly<Record<string, string | number>>; measurements: readonly { readonly label: string; readonly value: string; }[]; } | { ...; }' is not assignable to parameter of type 'DesignCapture | undefined'.
  Object literal may only specify known properties, and 'timestamp' does not exist in type 'DesignCapture'. [plugin angular-compiler]

    src/app/templates/engineering-design/ui/engineering-week-workspace.component.ts:61:6:
      61 │       timestamp: new Date().toISOString(), design: this.design(),
         ╵       ~~~~~~~~~


> Changes detected. Rebuilding...
√ Changes detected. Rebuilding...
Application bundle generation failed. [6.143 seconds] - 2026-09-14T22:06:20.302Z

X [ERROR] NG5002: Unexpected closing tag "article". It may happen when the tag has already been closed by another tag. For more info see https://www.w3.org/TR/html5/syntax.html#closing-elements-that-have-implied-end-tags [plugin angular-compiler]

    src/app/projects/mystery-substance/emergency-response.component.html:47:6:
      47 │       </article>
         ╵       ~~~~~~~~~~

  Error occurs in the template of component EmergencyResponseComponent.

    src/app/projects/mystery-substance/emergency-response.component.ts:62:15:
      62 │   templateUrl: './emergency-response.component.html',
         ╵                ~~~~~~~~~~~~~~~~~~~~~~~~~~~~~~~~~~~~~


X [ERROR] NG5002: Unexpected closing tag "div". It may happen when the tag has already been closed by another tag. For more info see https://www.w3.org/TR/html5/syntax.html#closing-elements-that-have-implied-end-tags [plugin angular-compiler]

    src/app/projects/mystery-substance/emergency-response.component.html:48:4:
      48 │     </div>
         ╵     ~~~~~~

  Error occurs in the template of component EmergencyResponseComponent.

    src/app/projects/mystery-substance/emergency-response.component.ts:62:15:
      62 │   templateUrl: './emergency-response.component.html',
         ╵                ~~~~~~~~~~~~~~~~~~~~~~~~~~~~~~~~~~~~~


X [ERROR] NG5002: Unexpected closing block. The block may have been closed earlier. If you meant to write the `}` character, you should use the "&#125;" HTML entity instead. [plugin angular-compiler]

    src/app/projects/mystery-substance/emergency-response.component.html:49:2:
      49 │   }
         ╵   ^

  Error occurs in the template of component EmergencyResponseComponent.

    src/app/projects/mystery-substance/emergency-response.component.ts:62:15:
      62 │   templateUrl: './emergency-response.component.html',
         ╵                ~~~~~~~~~~~~~~~~~~~~~~~~~~~~~~~~~~~~~


> Changes detected. Rebuilding...
√ Changes detected. Rebuilding...
Application bundle generation failed. [4.215 seconds] - 2026-09-14T22:06:24.538Z

X [ERROR] NG5002: Unexpected closing tag "article". It may happen when the tag has already been closed by another tag. For more info see https://www.w3.org/TR/html5/syntax.html#closing-elements-that-have-implied-end-tags [plugin angular-compiler]

    src/app/projects/mystery-substance/emergency-response.component.html:47:6:
      47 │       </article>
         ╵       ~~~~~~~~~~

  Error occurs in the template of component EmergencyResponseComponent.

    src/app/projects/mystery-substance/emergency-response.component.ts:62:15:
      62 │   templateUrl: './emergency-response.component.html',
         ╵                ~~~~~~~~~~~~~~~~~~~~~~~~~~~~~~~~~~~~~


X [ERROR] NG5002: Unexpected closing tag "div". It may happen when the tag has already been closed by another tag. For more info see https://www.w3.org/TR/html5/syntax.html#closing-elements-that-have-implied-end-tags [plugin angular-compiler]

    src/app/projects/mystery-substance/emergency-response.component.html:48:4:
      48 │     </div>
         ╵     ~~~~~~

  Error occurs in the template of component EmergencyResponseComponent.

    src/app/projects/mystery-substance/emergency-response.component.ts:62:15:
      62 │   templateUrl: './emergency-response.component.html',
         ╵                ~~~~~~~~~~~~~~~~~~~~~~~~~~~~~~~~~~~~~


X [ERROR] NG5002: Unexpected closing block. The block may have been closed earlier. If you meant to write the `}` character, you should use the "&#125;" HTML entity instead. [plugin angular-compiler]

    src/app/projects/mystery-substance/emergency-response.component.html:49:2:
      49 │   }
         ╵   ^

  Error occurs in the template of component EmergencyResponseComponent.

    src/app/projects/mystery-substance/emergency-response.component.ts:62:15:
      62 │   templateUrl: './emergency-response.component.html',
         ╵                ~~~~~~~~~~~~~~~~~~~~~~~~~~~~~~~~~~~~~


> Changes detected. Rebuilding...
√ Changes detected. Rebuilding...
Initial chunk files | Names                               |  Raw size
chunk-47AWS4WT.js   | -                                   |  24.19 kB | 
main.js             | main                                |   4.14 kB | 
chunk-GOMI4DH3.js   | -                                   |   1.42 kB | 
styles.css          | styles                              |   1.12 kB | 

                    | Initial total                       |  30.87 kB

Lazy chunk files    | Names                               |  Raw size
chunk-TLJUETQM.js   | simulation-decision-shell-component |   1.18 MB | 
chunk-WPWVRGJB.js   | crisis-center-component             | 711.95 kB | 
chunk-NSV344MY.js   | -                                   | 670.99 kB | 
chunk-66G3624Q.js   | -                                   | 503.07 kB | 
chunk-MIS4GQOW.js   | exhibit-hall-page-component         | 429.01 kB | 
chunk-SGNKXTND.js   | history-live-page-component         | 428.71 kB | 
chunk-6KJSQ4MZ.js   | debate-studio-page-component        | 413.03 kB | 
chunk-5HINF524.js   | journey-shell-component             | 373.58 kB | 
chunk-A4SSINWK.js   | index                               | 342.77 kB | 
chunk-AJPMZUJW.js   | project-intro-component             | 303.84 kB | 
chunk-LR5TTRWN.js   | project-host-component              | 222.83 kB | 
chunk-YPILVUYR.js   | -                                   | 207.05 kB | 
chunk-7ZAVKRYZ.js   | time-repair-page-component          | 206.05 kB | 
chunk-KN2JW5L2.js   | -                                   | 205.03 kB | 
chunk-5TU67YPC.js   | restoration-collection-component    | 197.58 kB | 
...and 168 more lazy chunks files. Use "--verbose" to show all the files.

Application bundle generation complete. [4.072 seconds] - 2026-09-14T22:06:39.665Z

Page reload sent to client(s).
> Changes detected. Rebuilding...
√ Changes detected. Rebuilding...
Application bundle generation failed. [17.053 seconds] - 2026-09-14T22:07:48.539Z

X [ERROR] NG2008: Could not find template file './narrative-week-workspace.component.html'. [plugin angular-compiler]

    src/app/templates/narrative-studio/ui/narrative-week-workspace.component.ts:20:15:
      20 │   templateUrl: './narrative-week-workspace.component.html',
         ╵                ~~~~~~~~~~~~~~~~~~~~~~~~~~~~~~~~~~~~~~~~~~~


> Changes detected. Rebuilding...
√ Changes detected. Rebuilding...
Application bundle generation failed. [29.526 seconds] - 2026-09-14T22:09:07.697Z

X [ERROR] NG2008: Could not find template file './narrative-week-workspace.component.html'. [plugin angular-compiler]

    src/app/templates/narrative-studio/ui/narrative-week-workspace.component.ts:20:15:
      20 │   templateUrl: './narrative-week-workspace.component.html',
         ╵                ~~~~~~~~~~~~~~~~~~~~~~~~~~~~~~~~~~~~~~~~~~~


> Changes detected. Rebuilding...
√ Changes detected. Rebuilding...
Application bundle generation failed. [18.592 seconds] - 2026-09-14T22:09:26.446Z

X [ERROR] NG2008: Could not find template file './narrative-week-workspace.component.html'. [plugin angular-compiler]

    src/app/templates/narrative-studio/ui/narrative-week-workspace.component.ts:20:15:
      20 │   templateUrl: './narrative-week-workspace.component.html',
         ╵                ~~~~~~~~~~~~~~~~~~~~~~~~~~~~~~~~~~~~~~~~~~~


> Changes detected. Rebuilding...
√ Changes detected. Rebuilding...
Application bundle generation failed. [7.369 seconds] - 2026-09-14T22:09:46.797Z

X [ERROR] NG2008: Could not find template file './narrative-week-workspace.component.html'. [plugin angular-compiler]

    src/app/templates/narrative-studio/ui/narrative-week-workspace.component.ts:20:15:
      20 │   templateUrl: './narrative-week-workspace.component.html',
         ╵                ~~~~~~~~~~~~~~~~~~~~~~~~~~~~~~~~~~~~~~~~~~~


> Changes detected. Rebuilding...
√ Changes detected. Rebuilding...
Application bundle generation failed. [4.504 seconds] - 2026-09-14T22:09:51.349Z

X [ERROR] NG2008: Could not find template file './narrative-week-workspace.component.html'. [plugin angular-compiler]

    src/app/templates/narrative-studio/ui/narrative-week-workspace.component.ts:20:15:
      20 │   templateUrl: './narrative-week-workspace.component.html',
         ╵                ~~~~~~~~~~~~~~~~~~~~~~~~~~~~~~~~~~~~~~~~~~~


> Changes detected. Rebuilding...
√ Changes detected. Rebuilding...
Application bundle generation failed. [16.884 seconds] - 2026-09-14T22:11:00.260Z

> Changes detected. Rebuilding...
X [ERROR] TS2307: Cannot find module '../../../projects/mystery-substance/lab-week-workspace.component' or its corresponding type declarations. [plugin angular-compiler]

    src/app/runtime/project-launch/template-launchers/investigation.launcher.ts:13:59:
      13 │ ...it import('../../../projects/mystery-substance/lab-week-workspa...
         ╵              ~~~~~~~~~~~~~~~~~~~~~~~~~~~~~~~~~~~~~~~~~~~~~~~~~~~~~


X [ERROR] NG2008: Could not find template file './narrative-week-workspace.component.html'. [plugin angular-compiler]

    src/app/templates/narrative-studio/ui/narrative-week-workspace.component.ts:20:15:
      20 │   templateUrl: './narrative-week-workspace.component.html',
         ╵                ~~~~~~~~~~~~~~~~~~~~~~~~~~~~~~~~~~~~~~~~~~~


X [ERROR] Could not resolve "../../../projects/mystery-substance/lab-week-workspace.component"

    src/app/runtime/project-launch/template-launchers/investigation.launcher.ts:13:59:
      13 │ ...it import('../../../projects/mystery-substance/lab-week-workspa...
         ╵              ~~~~~~~~~~~~~~~~~~~~~~~~~~~~~~~~~~~~~~~~~~~~~~~~~~~~~


√ Changes detected. Rebuilding...
Initial chunk files | Names                               |  Raw size
chunk-47AWS4WT.js   | -                                   |  24.19 kB | 
main.js             | main                                |   4.14 kB | 
chunk-GOMI4DH3.js   | -                                   |   1.42 kB | 
styles.css          | styles                              |   1.12 kB | 

                    | Initial total                       |  30.87 kB

Lazy chunk files    | Names                               |  Raw size
chunk-TLJUETQM.js   | simulation-decision-shell-component |   1.18 MB | 
chunk-WPWVRGJB.js   | crisis-center-component             | 711.95 kB | 
chunk-NSV344MY.js   | -                                   | 670.99 kB | 
chunk-66G3624Q.js   | -                                   | 503.07 kB | 
chunk-MIS4GQOW.js   | exhibit-hall-page-component         | 429.01 kB | 
chunk-SGNKXTND.js   | history-live-page-component         | 428.71 kB | 
chunk-6KJSQ4MZ.js   | debate-studio-page-component        | 413.03 kB | 
chunk-5HINF524.js   | journey-shell-component             | 373.58 kB | 
chunk-A4SSINWK.js   | index                               | 342.77 kB | 
chunk-AJPMZUJW.js   | project-intro-component             | 303.84 kB | 
chunk-AV5CZZDE.js   | project-host-component              | 222.83 kB | 
chunk-MLVHDJPI.js   | -                                   | 208.90 kB | 
chunk-ZKNJFCRU.js   | time-repair-page-component          | 206.05 kB | 
chunk-DOP2HHTP.js   | -                                   | 205.92 kB | 
chunk-5TU67YPC.js   | restoration-collection-component    | 197.58 kB | 
...and 170 more lazy chunks files. Use "--verbose" to show all the files.

Application bundle generation complete. [19.417 seconds] - 2026-09-14T22:11:20.801Z

Page reload sent to client(s).
> Changes detected. Rebuilding...
√ Changes detected. Rebuilding...

No output file changes.

Application bundle generation complete. [0.375 seconds] - 2026-09-14T22:11:21.208Z

Page reload sent to client(s).
> Changes detected. Rebuilding...
√ Changes detected. Rebuilding...

No output file changes.

Application bundle generation complete. [3.410 seconds] - 2026-09-14T22:12:10.226Z

> Changes detected. Rebuilding...
√ Changes detected. Rebuilding...
Initial chunk files | Names                             |  Raw size
main.js             | main                              |   4.14 kB | 

Lazy chunk files    | Names                             |  Raw size
chunk-LODQFKSR.js   | project-host-component            | 222.83 kB | 
chunk-C6QB4BVX.js   | heist-launcher                    |  13.69 kB | 
chunk-VIXGJY4Y.js   | restoration-collection-validation |   7.76 kB | 

Application bundle generation complete. [2.197 seconds] - 2026-09-14T22:12:12.463Z

Page reload sent to client(s).
> Changes detected. Rebuilding...
√ Changes detected. Rebuilding...
Application bundle generation failed. [33.506 seconds] - 2026-09-14T22:14:13.025Z

X [ERROR] NG2008: Could not find stylesheet file './time-repair-week-activity.scss'. [plugin angular-compiler]

    src/app/templates/time-repair/ui/time-repair-week-scene.component.ts:7:68:
      7 │ ...cene.component.html', styleUrl: './time-repair-week-activity.scss',
        ╵                                    ~~~~~~~~~~~~~~~~~~~~~~~~~~~~~~~~~~


X [ERROR] NG2008: Could not find stylesheet file './time-repair-week-activity.scss'. [plugin angular-compiler]

    src/app/templates/time-repair/ui/time-repair-week-source.component.ts:11:12:
      11 │   styleUrl: './time-repair-week-activity.scss',
         ╵             ~~~~~~~~~~~~~~~~~~~~~~~~~~~~~~~~~~


X [ERROR] TS2307: Cannot find module './time-repair-week-timeline.component' or its corresponding type declarations. [plugin angular-compiler]

    src/app/templates/time-repair/ui/time-repair-week-workspace.component.ts:8:49:
      8 │ ...eWorkbenchComponent } from './time-repair-week-timeline.component';
        ╵                               ~~~~~~~~~~~~~~~~~~~~~~~~~~~~~~~~~~~~~~~


X [ERROR] TS2307: Cannot find module './time-repair-week-ripple.component' or its corresponding type declarations. [plugin angular-compiler]

    src/app/templates/time-repair/ui/time-repair-week-workspace.component.ts:9:47:
      9 │ ...pleWorkbenchComponent } from './time-repair-week-ripple.component';
        ╵                                 ~~~~~~~~~~~~~~~~~~~~~~~~~~~~~~~~~~~~~


X [ERROR] TS2307: Cannot find module './time-repair-week-exhibit.component' or its corresponding type declarations. [plugin angular-compiler]

    src/app/templates/time-repair/ui/time-repair-week-workspace.component.ts:10:48:
      10 │ ...tWorkbenchComponent } from './time-repair-week-exhibit.component';
         ╵                               ~~~~~~~~~~~~~~~~~~~~~~~~~~~~~~~~~~~~~~


X [ERROR] NG1010: 'imports' must be an array of components, directives, pipes, or NgModules.
  Value could not be determined statically. [plugin angular-compiler]

    src/app/templates/time-repair/ui/time-repair-week-workspace.component.ts:14:55:
      14 │ ...benchComponent, RepairTimelineWorkbenchComponent, RepairRippleW...
         ╵                    ~~~~~~~~~~~~~~~~~~~~~~~~~~~~~~~~

  Unknown reference.

    src/app/templates/time-repair/ui/time-repair-week-workspace.component.ts:14:55:
      14 │ ...benchComponent, RepairTimelineWorkbenchComponent, RepairRippleW...
         ╵                    ~~~~~~~~~~~~~~~~~~~~~~~~~~~~~~~~


X [ERROR] NG1010: 'imports' must be an array of components, directives, pipes, or NgModules.
  Value could not be determined statically. [plugin angular-compiler]

    src/app/templates/time-repair/ui/time-repair-week-workspace.component.ts:14:89:
      14 │ ...kbenchComponent, RepairRippleWorkbenchComponent, RepairExhibitW...
         ╵                     ~~~~~~~~~~~~~~~~~~~~~~~~~~~~~~

  Unknown reference.

    src/app/templates/time-repair/ui/time-repair-week-workspace.component.ts:14:89:
      14 │ ...kbenchComponent, RepairRippleWorkbenchComponent, RepairExhibitW...
         ╵                     ~~~~~~~~~~~~~~~~~~~~~~~~~~~~~~


X [ERROR] NG1010: 'imports' must be an array of components, directives, pipes, or NgModules.
  Value could not be determined statically. [plugin angular-compiler]

    src/app/templates/time-repair/ui/time-repair-week-workspace.component.ts:14:121:
      14 │ ... RepairRippleWorkbenchComponent, RepairExhibitWorkbenchComponent],
         ╵                                     ~~~~~~~~~~~~~~~~~~~~~~~~~~~~~~~

  Unknown reference.

    src/app/templates/time-repair/ui/time-repair-week-workspace.component.ts:14:121:
      14 │ ... RepairRippleWorkbenchComponent, RepairExhibitWorkbenchComponent],
         ╵                                     ~~~~~~~~~~~~~~~~~~~~~~~~~~~~~~~


X [ERROR] NG2008: Could not find stylesheet file './time-repair-week-workspace.component.scss'. [plugin angular-compiler]

    src/app/templates/time-repair/ui/time-repair-week-workspace.component.ts:17:12:
      17 │   styleUrl: './time-repair-week-workspace.component.scss',
         ╵             ~~~~~~~~~~~~~~~~~~~~~~~~~~~~~~~~~~~~~~~~~~~~~


> Changes detected. Rebuilding...
√ Changes detected. Rebuilding...
Application bundle generation failed. [12.527 seconds] - 2026-09-14T22:14:28.771Z

X [ERROR] NG2008: Could not find stylesheet file './time-repair-week-activity.scss'. [plugin angular-compiler]

    src/app/templates/time-repair/ui/time-repair-week-scene.component.ts:7:68:
      7 │ ...cene.component.html', styleUrl: './time-repair-week-activity.scss',
        ╵                                    ~~~~~~~~~~~~~~~~~~~~~~~~~~~~~~~~~~


X [ERROR] NG2008: Could not find stylesheet file './time-repair-week-activity.scss'. [plugin angular-compiler]

    src/app/templates/time-repair/ui/time-repair-week-source.component.ts:11:12:
      11 │   styleUrl: './time-repair-week-activity.scss',
         ╵             ~~~~~~~~~~~~~~~~~~~~~~~~~~~~~~~~~~


X [ERROR] TS2307: Cannot find module './time-repair-week-timeline.component' or its corresponding type declarations. [plugin angular-compiler]

    src/app/templates/time-repair/ui/time-repair-week-workspace.component.ts:8:49:
      8 │ ...eWorkbenchComponent } from './time-repair-week-timeline.component';
        ╵                               ~~~~~~~~~~~~~~~~~~~~~~~~~~~~~~~~~~~~~~~


X [ERROR] TS2307: Cannot find module './time-repair-week-ripple.component' or its corresponding type declarations. [plugin angular-compiler]

    src/app/templates/time-repair/ui/time-repair-week-workspace.component.ts:9:47:
      9 │ ...pleWorkbenchComponent } from './time-repair-week-ripple.component';
        ╵                                 ~~~~~~~~~~~~~~~~~~~~~~~~~~~~~~~~~~~~~


X [ERROR] TS2307: Cannot find module './time-repair-week-exhibit.component' or its corresponding type declarations. [plugin angular-compiler]

    src/app/templates/time-repair/ui/time-repair-week-workspace.component.ts:10:48:
      10 │ ...tWorkbenchComponent } from './time-repair-week-exhibit.component';
         ╵                               ~~~~~~~~~~~~~~~~~~~~~~~~~~~~~~~~~~~~~~


X [ERROR] NG1010: 'imports' must be an array of components, directives, pipes, or NgModules.
  Value could not be determined statically. [plugin angular-compiler]

    src/app/templates/time-repair/ui/time-repair-week-workspace.component.ts:14:55:
      14 │ ...benchComponent, RepairTimelineWorkbenchComponent, RepairRippleW...
         ╵                    ~~~~~~~~~~~~~~~~~~~~~~~~~~~~~~~~

  Unknown reference.

    src/app/templates/time-repair/ui/time-repair-week-workspace.component.ts:14:55:
      14 │ ...benchComponent, RepairTimelineWorkbenchComponent, RepairRippleW...
         ╵                    ~~~~~~~~~~~~~~~~~~~~~~~~~~~~~~~~


X [ERROR] NG1010: 'imports' must be an array of components, directives, pipes, or NgModules.
  Value could not be determined statically. [plugin angular-compiler]

    src/app/templates/time-repair/ui/time-repair-week-workspace.component.ts:14:89:
      14 │ ...kbenchComponent, RepairRippleWorkbenchComponent, RepairExhibitW...
         ╵                     ~~~~~~~~~~~~~~~~~~~~~~~~~~~~~~

  Unknown reference.

    src/app/templates/time-repair/ui/time-repair-week-workspace.component.ts:14:89:
> Changes detected. Rebuilding...
      14 │ ...kbenchComponent, RepairRippleWorkbenchComponent, RepairExhibitW...
         ╵                     ~~~~~~~~~~~~~~~~~~~~~~~~~~~~~~


X [ERROR] NG1010: 'imports' must be an array of components, directives, pipes, or NgModules.
  Value could not be determined statically. [plugin angular-compiler]

    src/app/templates/time-repair/ui/time-repair-week-workspace.component.ts:14:121:
      14 │ ... RepairRippleWorkbenchComponent, RepairExhibitWorkbenchComponent],
         ╵                                     ~~~~~~~~~~~~~~~~~~~~~~~~~~~~~~~

  Unknown reference.

    src/app/templates/time-repair/ui/time-repair-week-workspace.component.ts:14:121:
      14 │ ... RepairRippleWorkbenchComponent, RepairExhibitWorkbenchComponent],
         ╵                                     ~~~~~~~~~~~~~~~~~~~~~~~~~~~~~~~


X [ERROR] NG2008: Could not find stylesheet file './time-repair-week-workspace.component.scss'. [plugin angular-compiler]

    src/app/templates/time-repair/ui/time-repair-week-workspace.component.ts:17:12:
      17 │   styleUrl: './time-repair-week-workspace.component.scss',
         ╵             ~~~~~~~~~~~~~~~~~~~~~~~~~~~~~~~~~~~~~~~~~~~~~


√ Changes detected. Rebuilding...
Application bundle generation failed. [24.080 seconds] - 2026-09-14T22:14:52.884Z

X [ERROR] NG2008: Could not find stylesheet file './time-repair-week-activity.scss'. [plugin angular-compiler]

    src/app/templates/time-repair/ui/time-repair-week-scene.component.ts:7:68:
      7 │ ...cene.component.html', styleUrl: './time-repair-week-activity.scss',
        ╵                                    ~~~~~~~~~~~~~~~~~~~~~~~~~~~~~~~~~~


X [ERROR] NG2008: Could not find stylesheet file './time-repair-week-activity.scss'. [plugin angular-compiler]

    src/app/templates/time-repair/ui/time-repair-week-source.component.ts:11:12:
      11 │   styleUrl: './time-repair-week-activity.scss',
         ╵             ~~~~~~~~~~~~~~~~~~~~~~~~~~~~~~~~~~


X [ERROR] TS2307: Cannot find module './time-repair-week-timeline.component' or its corresponding type declarations. [plugin angular-compiler]

    src/app/templates/time-repair/ui/time-repair-week-workspace.component.ts:8:49:
      8 │ ...eWorkbenchComponent } from './time-repair-week-timeline.component';
        ╵                               ~~~~~~~~~~~~~~~~~~~~~~~~~~~~~~~~~~~~~~~


X [ERROR] TS2307: Cannot find module './time-repair-week-ripple.component' or its corresponding type declarations. [plugin angular-compiler]

    src/app/templates/time-repair/ui/time-repair-week-workspace.component.ts:9:47:
      9 │ ...pleWorkbenchComponent } from './time-repair-week-ripple.component';
        ╵                                 ~~~~~~~~~~~~~~~~~~~~~~~~~~~~~~~~~~~~~


X [ERROR] TS2307: Cannot find module './time-repair-week-exhibit.component' or its corresponding type declarations. [plugin angular-compiler]

    src/app/templates/time-repair/ui/time-repair-week-workspace.component.ts:10:48:
      10 │ ...tWorkbenchComponent } from './time-repair-week-exhibit.component';
         ╵                               ~~~~~~~~~~~~~~~~~~~~~~~~~~~~~~~~~~~~~~


X [ERROR] NG1010: 'imports' must be an array of components, directives, pipes, or NgModules.
  Value could not be determined statically. [plugin angular-compiler]

    src/app/templates/time-repair/ui/time-repair-week-workspace.component.ts:14:55:
      14 │ ...benchComponent, RepairTimelineWorkbenchComponent, RepairRippleW...
         ╵                    ~~~~~~~~~~~~~~~~~~~~~~~~~~~~~~~~

  Unknown reference.

    src/app/templates/time-repair/ui/time-repair-week-workspace.component.ts:14:55:
      14 │ ...benchComponent, RepairTimelineWorkbenchComponent, RepairRippleW...
         ╵                    ~~~~~~~~~~~~~~~~~~~~~~~~~~~~~~~~


X [ERROR] NG1010: 'imports' must be an array of components, directives, pipes, or NgModules.
  Value could not be determined statically. [plugin angular-compiler]

    src/app/templates/time-repair/ui/time-repair-week-workspace.component.ts:14:89:
      14 │ ...kbenchComponent, RepairRippleWorkbenchComponent, RepairExhibitW...
         ╵                     ~~~~~~~~~~~~~~~~~~~~~~~~~~~~~~

  Unknown reference.

    src/app/templates/time-repair/ui/time-repair-week-workspace.component.ts:14:89:
      14 │ ...kbenchComponent, RepairRippleWorkbenchComponent, RepairExhibitW...
         ╵                     ~~~~~~~~~~~~~~~~~~~~~~~~~~~~~~


X [ERROR] NG1010: 'imports' must be an array of components, directives, pipes, or NgModules.
  Value could not be determined statically. [plugin angular-compiler]

    src/app/templates/time-repair/ui/time-repair-week-workspace.component.ts:14:121:
      14 │ ... RepairRippleWorkbenchComponent, RepairExhibitWorkbenchComponent],
         ╵                                     ~~~~~~~~~~~~~~~~~~~~~~~~~~~~~~~

  Unknown reference.

    src/app/templates/time-repair/ui/time-repair-week-workspace.component.ts:14:121:
      14 │ ... RepairRippleWorkbenchComponent, RepairExhibitWorkbenchComponent],
         ╵                                     ~~~~~~~~~~~~~~~~~~~~~~~~~~~~~~~


X [ERROR] NG2008: Could not find stylesheet file './time-repair-week-workspace.component.scss'. [plugin angular-compiler]

    src/app/templates/time-repair/ui/time-repair-week-workspace.component.ts:17:12:
      17 │   styleUrl: './time-repair-week-workspace.component.scss',
         ╵             ~~~~~~~~~~~~~~~~~~~~~~~~~~~~~~~~~~~~~~~~~~~~~


> Changes detected. Rebuilding...
√ Changes detected. Rebuilding...
X [ERROR] NG2008: Could not find stylesheet file './time-repair-week-activity.scss'. [plugin angular-compiler]

    src/app/templates/time-repair/ui/time-repair-week-scene.component.ts:7:68:
      7 │ ...cene.component.html', styleUrl: './time-repair-week-activity.scss',
        ╵                                    ~~~~~~~~~~~~~~~~~~~~~~~~~~~~~~~~~~


X [ERROR] NG2008: Could not find stylesheet file './time-repair-week-activity.scss'. [plugin angular-compiler]

    src/app/templates/time-repair/ui/time-repair-week-source.component.ts:11:12:
      11 │   styleUrl: './time-repair-week-activity.scss',
         ╵             ~~~~~~~~~~~~~~~~~~~~~~~~~~~~~~~~~~


X [ERROR] TS2307: Cannot find module './time-repair-week-timeline.component' or its corresponding type declarations. [plugin angular-compiler]

    src/app/templates/time-repair/ui/time-repair-week-workspace.component.ts:8:49:
      8 │ ...eWorkbenchComponent } from './time-repair-week-timeline.component';
        ╵                               ~~~~~~~~~~~~~~~~~~~~~~~~~~~~~~~~~~~~~~~


X [ERROR] TS2307: Cannot find module './time-repair-week-ripple.component' or its corresponding type declarations. [plugin angular-compiler]

    src/app/templates/time-repair/ui/time-repair-week-workspace.component.ts:9:47:
      9 │ ...pleWorkbenchComponent } from './time-repair-week-ripple.component';
        ╵                                 ~~~~~~~~~~~~~~~~~~~~~~~~~~~~~~~~~~~~~


X [ERROR] TS2307: Cannot find module './time-repair-week-exhibit.component' or its corresponding type declarations. [plugin angular-compiler]

    src/app/templates/time-repair/ui/time-repair-week-workspace.component.ts:10:48:
      10 │ ...tWorkbenchComponent } from './time-repair-week-exhibit.component';
         ╵                               ~~~~~~~~~~~~~~~~~~~~~~~~~~~~~~~~~~~~~~


X [ERROR] NG1010: 'imports' must be an array of components, directives, pipes, or NgModules.
  Value could not be determined statically. [plugin angular-compiler]

    src/app/templates/time-repair/ui/time-repair-week-workspace.component.ts:14:55:
      14 │ ...benchComponent, RepairTimelineWorkbenchComponent, RepairRippleW...
         ╵                    ~~~~~~~~~~~~~~~~~~~~~~~~~~~~~~~~

  Unknown reference.

    src/app/templates/time-repair/ui/time-repair-week-workspace.component.ts:14:55:
      14 │ ...benchComponent, RepairTimelineWorkbenchComponent, RepairRippleW...
         ╵                    ~~~~~~~~~~~~~~~~~~~~~~~~~~~~~~~~


X [ERROR] NG1010: 'imports' must be an array of components, directives, pipes, or NgModules.
  Value could not be determined statically. [plugin angular-compiler]

    src/app/templates/time-repair/ui/time-repair-week-workspace.component.ts:14:89:
      14 │ ...kbenchComponent, RepairRippleWorkbenchComponent, RepairExhibitW...
         ╵                     ~~~~~~~~~~~~~~~~~~~~~~~~~~~~~~

  Unknown reference.

    src/app/templates/time-repair/ui/time-repair-week-workspace.component.ts:14:89:
      14 │ ...kbenchComponent, RepairRippleWorkbenchComponent, RepairExhibitW...
         ╵                     ~~~~~~~~~~~~~~~~~~~~~~~~~~~~~~


X [ERROR] NG1010: 'imports' must be an array of components, directives, pipes, or NgModules.
  Value could not be determined statically. [plugin angular-compiler]

    src/app/templates/time-repair/ui/time-repair-week-workspace.component.ts:14:121:
      14 │ ... RepairRippleWorkbenchComponent, RepairExhibitWorkbenchComponent],
         ╵                                     ~~~~~~~~~~~~~~~~~~~~~~~~~~~~~~~

  Unknown reference.

    src/app/templates/time-repair/ui/time-repair-week-workspace.component.ts:14:121:
      14 │ ... RepairRippleWorkbenchComponent, RepairExhibitWorkbenchComponent],
         ╵                                     ~~~~~~~~~~~~~~~~~~~~~~~~~~~~~~~


X [ERROR] NG2008: Could not find stylesheet file './time-repair-week-workspace.component.scss'. [plugin angular-compiler]

    src/app/templates/time-repair/ui/time-repair-week-workspace.component.ts:17:12:
      17 │   styleUrl: './time-repair-week-workspace.component.scss',
         ╵             ~~~~~~~~~~~~~~~~~~~~~~~~~~~~~~~~~~~~~~~~~~~~~


Application bundle generation failed. [22.504 seconds] - 2026-09-14T22:15:15.422Z

> Changes detected. Rebuilding...
√ Changes detected. Rebuilding...
X [ERROR] NG2008: Could not find stylesheet file './time-repair-week-activity.scss'. [plugin angular-compiler]

    src/app/templates/time-repair/ui/time-repair-week-scene.component.ts:7:68:
      7 │ ...cene.component.html', styleUrl: './time-repair-week-activity.scss',
        ╵                                    ~~~~~~~~~~~~~~~~~~~~~~~~~~~~~~~~~~


X [ERROR] NG2008: Could not find stylesheet file './time-repair-week-activity.scss'. [plugin angular-compiler]

    src/app/templates/time-repair/ui/time-repair-week-source.component.ts:11:12:
      11 │   styleUrl: './time-repair-week-activity.scss',
         ╵             ~~~~~~~~~~~~~~~~~~~~~~~~~~~~~~~~~~


X [ERROR] TS2307: Cannot find module './time-repair-week-timeline.component' or its corresponding type declarations. [plugin angular-compiler]

    src/app/templates/time-repair/ui/time-repair-week-workspace.component.ts:8:49:
      8 │ ...eWorkbenchComponent } from './time-repair-week-timeline.component';
        ╵                               ~~~~~~~~~~~~~~~~~~~~~~~~~~~~~~~~~~~~~~~


X [ERROR] TS2307: Cannot find module './time-repair-week-ripple.component' or its corresponding type declarations. [plugin angular-compiler]

    src/app/templates/time-repair/ui/time-repair-week-workspace.component.ts:9:47:
      9 │ ...pleWorkbenchComponent } from './time-repair-week-ripple.component';
        ╵                                 ~~~~~~~~~~~~~~~~~~~~~~~~~~~~~~~~~~~~~


X [ERROR] TS2307: Cannot find module './time-repair-week-exhibit.component' or its corresponding type declarations. [plugin angular-compiler]

    src/app/templates/time-repair/ui/time-repair-week-workspace.component.ts:10:48:
      10 │ ...tWorkbenchComponent } from './time-repair-week-exhibit.component';
         ╵                               ~~~~~~~~~~~~~~~~~~~~~~~~~~~~~~~~~~~~~~


X [ERROR] NG1010: 'imports' must be an array of components, directives, pipes, or NgModules.
  Value could not be determined statically. [plugin angular-compiler]

    src/app/templates/time-repair/ui/time-repair-week-workspace.component.ts:14:55:
      14 │ ...benchComponent, RepairTimelineWorkbenchComponent, RepairRippleW...
         ╵                    ~~~~~~~~~~~~~~~~~~~~~~~~~~~~~~~~

  Unknown reference.

    src/app/templates/time-repair/ui/time-repair-week-workspace.component.ts:14:55:
      14 │ ...benchComponent, RepairTimelineWorkbenchComponent, RepairRippleW...
         ╵                    ~~~~~~~~~~~~~~~~~~~~~~~~~~~~~~~~


X [ERROR] NG1010: 'imports' must be an array of components, directives, pipes, or NgModules.
  Value could not be determined statically. [plugin angular-compiler]

    src/app/templates/time-repair/ui/time-repair-week-workspace.component.ts:14:89:
      14 │ ...kbenchComponent, RepairRippleWorkbenchComponent, RepairExhibitW...
         ╵                     ~~~~~~~~~~~~~~~~~~~~~~~~~~~~~~

  Unknown reference.

    src/app/templates/time-repair/ui/time-repair-week-workspace.component.ts:14:89:
      14 │ ...kbenchComponent, RepairRippleWorkbenchComponent, RepairExhibitW...
         ╵                     ~~~~~~~~~~~~~~~~~~~~~~~~~~~~~~


X [ERROR] NG1010: 'imports' must be an array of components, directives, pipes, or NgModules.
  Value could not be determined statically. [plugin angular-compiler]

    src/app/templates/time-repair/ui/time-repair-week-workspace.component.ts:14:121:
      14 │ ... RepairRippleWorkbenchComponent, RepairExhibitWorkbenchComponent],
         ╵                                     ~~~~~~~~~~~~~~~~~~~~~~~~~~~~~~~

  Unknown reference.

    src/app/templates/time-repair/ui/time-repair-week-workspace.component.ts:14:121:
      14 │ ... RepairRippleWorkbenchComponent, RepairExhibitWorkbenchComponent],
         ╵                                     ~~~~~~~~~~~~~~~~~~~~~~~~~~~~~~~


X [ERROR] NG2008: Could not find stylesheet file './time-repair-week-workspace.component.scss'. [plugin angular-compiler]

    src/app/templates/time-repair/ui/time-repair-week-workspace.component.ts:17:12:
      17 │   styleUrl: './time-repair-week-workspace.component.scss',
         ╵             ~~~~~~~~~~~~~~~~~~~~~~~~~~~~~~~~~~~~~~~~~~~~~


Application bundle generation failed. [28.587 seconds] - 2026-09-14T22:15:44.098Z

> Changes detected. Rebuilding...
√ Changes detected. Rebuilding...
X [ERROR] TS2774: This condition will always return true since this function is always defined. Did you mean to call it instead? [plugin angular-compiler]

    src/app/templates/time-repair/ui/time-repair-week-ripple.component.html:11:277:
      11 │ ... 1 }}</span>{{ r.config.nodes.find ? '' : '' }}{{ ripple.nodeId...
         ╵                                  ~~~~

  Error occurs in the template of component RepairRippleWorkbenchComponent.

    src/app/templates/time-repair/ui/time-repair-week-ripple.component.ts:7:15:
      7 │ ...mplateUrl: './time-repair-week-ripple.component.html', styleUrl:...
        ╵               ~~~~~~~~~~~~~~~~~~~~~~~~~~~~~~~~~~~~~~~~~~


X [ERROR] TS2339: Property 'previous' does not exist on type 'RepairRippleWorkbenchComponent'. [plugin angular-compiler]

    src/app/templates/time-repair/ui/time-repair-week-ripple.component.html:21:96:
      21 │ ...lick)="r.rippleIndex.update(previous)">← Previous moment</but...
         ╵                                ~~~~~~~~

  Error occurs in the template of component RepairRippleWorkbenchComponent.

    src/app/templates/time-repair/ui/time-repair-week-ripple.component.ts:7:15:
      7 │ ...mplateUrl: './time-repair-week-ripple.component.html', styleUrl:...
        ╵               ~~~~~~~~~~~~~~~~~~~~~~~~~~~~~~~~~~~~~~~~~~


X [ERROR] TS2339: Property 'next' does not exist on type 'RepairRippleWorkbenchComponent'. [plugin angular-compiler]

    src/app/templates/time-repair/ui/time-repair-week-ripple.component.html:21:308:
      21 │ ..." (click)="r.rippleIndex.update(next)">Next moment →</button>...
         ╵                                  ~~~~

  Error occurs in the template of component RepairRippleWorkbenchComponent.

    src/app/templates/time-repair/ui/time-repair-week-ripple.component.ts:7:15:
      7 │ ...mplateUrl: './time-repair-week-ripple.component.html', styleUrl:...
        ╵               ~~~~~~~~~~~~~~~~~~~~~~~~~~~~~~~~~~~~~~~~~~


X [ERROR] NG2008: Could not find stylesheet file './time-repair-week-activity.scss'. [plugin angular-compiler]

    src/app/templates/time-repair/ui/time-repair-week-ripple.component.ts:7:69:
      7 │ ...pple.component.html', styleUrl: './time-repair-week-activity.scss',
        ╵                                    ~~~~~~~~~~~~~~~~~~~~~~~~~~~~~~~~~~


X [ERROR] NG2008: Could not find stylesheet file './time-repair-week-activity.scss'. [plugin angular-compiler]

    src/app/templates/time-repair/ui/time-repair-week-scene.component.ts:7:68:
      7 │ ...cene.component.html', styleUrl: './time-repair-week-activity.scss',
        ╵                                    ~~~~~~~~~~~~~~~~~~~~~~~~~~~~~~~~~~


X [ERROR] NG2008: Could not find stylesheet file './time-repair-week-activity.scss'. [plugin angular-compiler]

    src/app/templates/time-repair/ui/time-repair-week-source.component.ts:11:12:
      11 │   styleUrl: './time-repair-week-activity.scss',
         ╵             ~~~~~~~~~~~~~~~~~~~~~~~~~~~~~~~~~~


X [ERROR] NG2008: Could not find stylesheet file './time-repair-week-activity.scss'. [plugin angular-compiler]

    src/app/templates/time-repair/ui/time-repair-week-timeline.component.ts:27:12:
      27 │   styleUrl: './time-repair-week-activity.scss', changeDetection: C...
         ╵             ~~~~~~~~~~~~~~~~~~~~~~~~~~~~~~~~~~


X [ERROR] TS2307: Cannot find module './time-repair-week-exhibit.component' or its corresponding type declarations. [plugin angular-compiler]

    src/app/templates/time-repair/ui/time-repair-week-workspace.component.ts:10:48:
      10 │ ...tWorkbenchComponent } from './time-repair-week-exhibit.component';
         ╵                               ~~~~~~~~~~~~~~~~~~~~~~~~~~~~~~~~~~~~~~


X [ERROR] NG1010: 'imports' must be an array of components, directives, pipes, or NgModules.
  Value could not be determined statically. [plugin angular-compiler]

    src/app/templates/time-repair/ui/time-repair-week-workspace.component.ts:14:121:
      14 │ ... RepairRippleWorkbenchComponent, RepairExhibitWorkbenchComponent],
         ╵                                     ~~~~~~~~~~~~~~~~~~~~~~~~~~~~~~~

  Unknown reference.

    src/app/templates/time-repair/ui/time-repair-week-workspace.component.ts:14:121:
      14 │ ... RepairRippleWorkbenchComponent, RepairExhibitWorkbenchComponent],
         ╵                                     ~~~~~~~~~~~~~~~~~~~~~~~~~~~~~~~


X [ERROR] NG2008: Could not find stylesheet file './time-repair-week-workspace.component.scss'. [plugin angular-compiler]

    src/app/templates/time-repair/ui/time-repair-week-workspace.component.ts:17:12:
      17 │   styleUrl: './time-repair-week-workspace.component.scss',
         ╵             ~~~~~~~~~~~~~~~~~~~~~~~~~~~~~~~~~~~~~~~~~~~~~


Application bundle generation failed. [32.917 seconds] - 2026-09-14T22:16:17.068Z

> Changes detected. Rebuilding...
√ Changes detected. Rebuilding...
▲ [WARNING] NG8102: NG8102: The left side of this nullish coalescing operation does not include 'null' or 'undefined' in its type, therefore the '??' operator can be safely removed. Find more at https://v22.angular.dev/extended-diagnostics/NG8102 [plugin angular-compiler]

    src/app/templates/heist/restoration/weekly/restoration-week-workspace.component.html:24:141:
      24 │ ...startTime]="runtime.state().filmTimes[lesson()] ?? 0" (position...
         ╵                ~~~~~~~~~~~~~~~~~~~~~~~~~~~~~~~~~~~~~~~~

  Warning occurs in the template of component RestorationWeekWorkspaceComponent.

    src/app/templates/heist/restoration/weekly/restoration-week-workspace.component.ts:12:15:
      12 │   templateUrl: './restoration-week-workspace.component.html',
         ╵                ~~~~~~~~~~~~~~~~~~~~~~~~~~~~~~~~~~~~~~~~~~~~~


▲ [WARNING] NG8102: NG8102: The left side of this nullish coalescing operation does not include 'null' or 'undefined' in its type, therefore the '??' operator can be safely removed. Find more at https://v22.angular.dev/extended-diagnostics/NG8102 [plugin angular-compiler]

    src/app/templates/heist/restoration/weekly/restoration-week-workspace.component.html:60:492:
      60 │ ...ria-pressed]="(runtime.state().sources[work().id] ?? []).includ...
         ╵                ~~~~~~~~~~~~~~~~~~~~~~~~~~~~~~~~~~~~~~~~

  Warning occurs in the template of component RestorationWeekWorkspaceComponent.

    src/app/templates/heist/restoration/weekly/restoration-week-workspace.component.ts:12:15:
      12 │   templateUrl: './restoration-week-workspace.component.html',
         ╵                ~~~~~~~~~~~~~~~~~~~~~~~~~~~~~~~~~~~~~~~~~~~~~


▲ [WARNING] NG8102: NG8102: The left side of this nullish coalescing operation does not include 'null' or 'undefined' in its type, therefore the '??' operator can be safely removed. Find more at https://v22.angular.dev/extended-diagnostics/NG8102 [plugin angular-compiler]

    src/app/templates/heist/restoration/weekly/restoration-week-workspace.component.html:60:609:
      60 │ ...ource.id)">{{ (runtime.state().sources[work().id] ?? []).includ...
         ╵                ~~~~~~~~~~~~~~~~~~~~~~~~~~~~~~~~~~~~~~~~

  Warning occurs in the template of component RestorationWeekWorkspaceComponent.

    src/app/templates/heist/restoration/weekly/restoration-week-workspace.component.ts:12:15:
      12 │   templateUrl: './restoration-week-workspace.component.html',
         ╵                ~~~~~~~~~~~~~~~~~~~~~~~~~~~~~~~~~~~~~~~~~~~~~


Application bundle generation failed. [70.943 seconds] - 2026-09-14T22:18:44.589Z

X [ERROR] TS2774: This condition will always return true since this function is always defined. Did you mean to call it instead? [plugin angular-compiler]

    src/app/templates/time-repair/ui/time-repair-week-ripple.component.html:11:277:
      11 │ ... 1 }}</span>{{ r.config.nodes.find ? '' : '' }}{{ ripple.nodeId...
         ╵                                  ~~~~

  Error occurs in the template of component RepairRippleWorkbenchComponent.

    src/app/templates/time-repair/ui/time-repair-week-ripple.component.ts:7:15:
      7 │ ...mplateUrl: './time-repair-week-ripple.component.html', styleUrl:...
        ╵               ~~~~~~~~~~~~~~~~~~~~~~~~~~~~~~~~~~~~~~~~~~


X [ERROR] TS2339: Property 'previous' does not exist on type 'RepairRippleWorkbenchComponent'. [plugin angular-compiler]

    src/app/templates/time-repair/ui/time-repair-week-ripple.component.html:21:96:
      21 │ ...lick)="r.rippleIndex.update(previous)">← Previous moment</but...
         ╵                                ~~~~~~~~

  Error occurs in the template of component RepairRippleWorkbenchComponent.

    src/app/templates/time-repair/ui/time-repair-week-ripple.component.ts:7:15:
      7 │ ...mplateUrl: './time-repair-week-ripple.component.html', styleUrl:...
        ╵               ~~~~~~~~~~~~~~~~~~~~~~~~~~~~~~~~~~~~~~~~~~


X [ERROR] TS2339: Property 'next' does not exist on type 'RepairRippleWorkbenchComponent'. [plugin angular-compiler]

    src/app/templates/time-repair/ui/time-repair-week-ripple.component.html:21:308:
      21 │ ..." (click)="r.rippleIndex.update(next)">Next moment →</button>...
         ╵                                  ~~~~

  Error occurs in the template of component RepairRippleWorkbenchComponent.

    src/app/templates/time-repair/ui/time-repair-week-ripple.component.ts:7:15:
      7 │ ...mplateUrl: './time-repair-week-ripple.component.html', styleUrl:...
        ╵               ~~~~~~~~~~~~~~~~~~~~~~~~~~~~~~~~~~~~~~~~~~


X [ERROR] NG2008: Could not find stylesheet file './time-repair-week-activity.scss'. [plugin angular-compiler]

    src/app/templates/time-repair/ui/time-repair-week-ripple.component.ts:7:69:
      7 │ ...pple.component.html', styleUrl: './time-repair-week-activity.scss',
        ╵                                    ~~~~~~~~~~~~~~~~~~~~~~~~~~~~~~~~~~


X [ERROR] NG2008: Could not find stylesheet file './time-repair-week-activity.scss'. [plugin angular-compiler]

    src/app/templates/time-repair/ui/time-repair-week-scene.component.ts:7:68:
      7 │ ...cene.component.html', styleUrl: './time-repair-week-activity.scss',
        ╵                                    ~~~~~~~~~~~~~~~~~~~~~~~~~~~~~~~~~~


X [ERROR] NG2008: Could not find stylesheet file './time-repair-week-activity.scss'. [plugin angular-compiler]

    src/app/templates/time-repair/ui/time-repair-week-source.component.ts:11:12:
      11 │   styleUrl: './time-repair-week-activity.scss',
         ╵             ~~~~~~~~~~~~~~~~~~~~~~~~~~~~~~~~~~


X [ERROR] NG2008: Could not find stylesheet file './time-repair-week-activity.scss'. [plugin angular-compiler]

    src/app/templates/time-repair/ui/time-repair-week-timeline.component.ts:27:12:
      27 │   styleUrl: './time-repair-week-activity.scss', changeDetection: C...
         ╵             ~~~~~~~~~~~~~~~~~~~~~~~~~~~~~~~~~~


X [ERROR] TS2307: Cannot find module './time-repair-week-exhibit.component' or its corresponding type declarations. [plugin angular-compiler]

    src/app/templates/time-repair/ui/time-repair-week-workspace.component.ts:10:48:
      10 │ ...tWorkbenchComponent } from './time-repair-week-exhibit.component';
         ╵                               ~~~~~~~~~~~~~~~~~~~~~~~~~~~~~~~~~~~~~~


X [ERROR] NG1010: 'imports' must be an array of components, directives, pipes, or NgModules.
  Value could not be determined statically. [plugin angular-compiler]

    src/app/templates/time-repair/ui/time-repair-week-workspace.component.ts:14:121:
      14 │ ... RepairRippleWorkbenchComponent, RepairExhibitWorkbenchComponent],
         ╵                                     ~~~~~~~~~~~~~~~~~~~~~~~~~~~~~~~

  Unknown reference.

    src/app/templates/time-repair/ui/time-repair-week-workspace.component.ts:14:121:
      14 │ ... RepairRippleWorkbenchComponent, RepairExhibitWorkbenchComponent],
         ╵                                     ~~~~~~~~~~~~~~~~~~~~~~~~~~~~~~~


X [ERROR] NG2008: Could not find stylesheet file './time-repair-week-workspace.component.scss'. [plugin angular-compiler]

    src/app/templates/time-repair/ui/time-repair-week-workspace.component.ts:17:12:
      17 │   styleUrl: './time-repair-week-workspace.component.scss',
         ╵             ~~~~~~~~~~~~~~~~~~~~~~~~~~~~~~~~~~~~~~~~~~~~~


> Changes detected. Rebuilding...
√ Changes detected. Rebuilding...
Application bundle generation failed. [15.474 seconds] - 2026-09-14T22:19:00.397Z

▲ [WARNING] NG8102: NG8102: The left side of this nullish coalescing operation does not include 'null' or 'undefined' in its type, therefore the '??' operator can be safely removed. Find more at https://v22.angular.dev/extended-diagnostics/NG8102 [plugin angular-compiler]

    src/app/templates/heist/restoration/weekly/restoration-week-workspace.component.html:24:141:
      24 │ ...startTime]="runtime.state().filmTimes[lesson()] ?? 0" (position...
         ╵                ~~~~~~~~~~~~~~~~~~~~~~~~~~~~~~~~~~~~~~~~

  Warning occurs in the template of component RestorationWeekWorkspaceComponent.

    src/app/templates/heist/restoration/weekly/restoration-week-workspace.component.ts:12:15:
      12 │   templateUrl: './restoration-week-workspace.component.html',
         ╵                ~~~~~~~~~~~~~~~~~~~~~~~~~~~~~~~~~~~~~~~~~~~~~


▲ [WARNING] NG8102: NG8102: The left side of this nullish coalescing operation does not include 'null' or 'undefined' in its type, therefore the '??' operator can be safely removed. Find more at https://v22.angular.dev/extended-diagnostics/NG8102 [plugin angular-compiler]

    src/app/templates/heist/restoration/weekly/restoration-week-workspace.component.html:60:492:
      60 │ ...ria-pressed]="(runtime.state().sources[work().id] ?? []).includ...
         ╵                ~~~~~~~~~~~~~~~~~~~~~~~~~~~~~~~~~~~~~~~~

  Warning occurs in the template of component RestorationWeekWorkspaceComponent.

    src/app/templates/heist/restoration/weekly/restoration-week-workspace.component.ts:12:15:
      12 │   templateUrl: './restoration-week-workspace.component.html',
         ╵                ~~~~~~~~~~~~~~~~~~~~~~~~~~~~~~~~~~~~~~~~~~~~~


▲ [WARNING] NG8102: NG8102: The left side of this nullish coalescing operation does not include 'null' or 'undefined' in its type, therefore the '??' operator can be safely removed. Find more at https://v22.angular.dev/extended-diagnostics/NG8102 [plugin angular-compiler]

    src/app/templates/heist/restoration/weekly/restoration-week-workspace.component.html:60:609:
      60 │ ...ource.id)">{{ (runtime.state().sources[work().id] ?? []).includ...
         ╵                ~~~~~~~~~~~~~~~~~~~~~~~~~~~~~~~~~~~~~~~~

  Warning occurs in the template of component RestorationWeekWorkspaceComponent.

    src/app/templates/heist/restoration/weekly/restoration-week-workspace.component.ts:12:15:
      12 │   templateUrl: './restoration-week-workspace.component.html',
         ╵                ~~~~~~~~~~~~~~~~~~~~~~~~~~~~~~~~~~~~~~~~~~~~~


X [ERROR] TS2774: This condition will always return true since this function is always defined. Did you mean to call it instead? [plugin angular-compiler]

    src/app/templates/time-repair/ui/time-repair-week-ripple.component.html:11:277:
      11 │ ... 1 }}</span>{{ r.config.nodes.find ? '' : '' }}{{ ripple.nodeId...
         ╵                                  ~~~~

  Error occurs in the template of component RepairRippleWorkbenchComponent.

    src/app/templates/time-repair/ui/time-repair-week-ripple.component.ts:7:15:
      7 │ ...mplateUrl: './time-repair-week-ripple.component.html', styleUrl:...
        ╵               ~~~~~~~~~~~~~~~~~~~~~~~~~~~~~~~~~~~~~~~~~~


X [ERROR] TS2339: Property 'previous' does not exist on type 'RepairRippleWorkbenchComponent'. [plugin angular-compiler]

    src/app/templates/time-repair/ui/time-repair-week-ripple.component.html:21:96:
      21 │ ...lick)="r.rippleIndex.update(previous)">← Previous moment</but...
         ╵                                ~~~~~~~~

  Error occurs in the template of component RepairRippleWorkbenchComponent.

    src/app/templates/time-repair/ui/time-repair-week-ripple.component.ts:7:15:
      7 │ ...mplateUrl: './time-repair-week-ripple.component.html', styleUrl:...
        ╵               ~~~~~~~~~~~~~~~~~~~~~~~~~~~~~~~~~~~~~~~~~~


X [ERROR] TS2339: Property 'next' does not exist on type 'RepairRippleWorkbenchComponent'. [plugin angular-compiler]

    src/app/templates/time-repair/ui/time-repair-week-ripple.component.html:21:308:
      21 │ ..." (click)="r.rippleIndex.update(next)">Next moment →</button>...
         ╵                                  ~~~~

  Error occurs in the template of component RepairRippleWorkbenchComponent.

    src/app/templates/time-repair/ui/time-repair-week-ripple.component.ts:7:15:
      7 │ ...mplateUrl: './time-repair-week-ripple.component.html', styleUrl:...
        ╵               ~~~~~~~~~~~~~~~~~~~~~~~~~~~~~~~~~~~~~~~~~~


X [ERROR] NG2008: Could not find stylesheet file './time-repair-week-activity.scss'. [plugin angular-compiler]

    src/app/templates/time-repair/ui/time-repair-week-ripple.component.ts:7:69:
      7 │ ...pple.component.html', styleUrl: './time-repair-week-activity.scss',
        ╵                                    ~~~~~~~~~~~~~~~~~~~~~~~~~~~~~~~~~~


X [ERROR] NG2008: Could not find stylesheet file './time-repair-week-activity.scss'. [plugin angular-compiler]

    src/app/templates/time-repair/ui/time-repair-week-scene.component.ts:7:68:
      7 │ ...cene.component.html', styleUrl: './time-repair-week-activity.scss',
        ╵                                    ~~~~~~~~~~~~~~~~~~~~~~~~~~~~~~~~~~


X [ERROR] NG2008: Could not find stylesheet file './time-repair-week-activity.scss'. [plugin angular-compiler]

    src/app/templates/time-repair/ui/time-repair-week-source.component.ts:11:12:
      11 │   styleUrl: './time-repair-week-activity.scss',
         ╵             ~~~~~~~~~~~~~~~~~~~~~~~~~~~~~~~~~~


X [ERROR] NG2008: Could not find stylesheet file './time-repair-week-activity.scss'. [plugin angular-compiler]

    src/app/templates/time-repair/ui/time-repair-week-timeline.component.ts:27:12:
      27 │   styleUrl: './time-repair-week-activity.scss', changeDetection: C...
         ╵             ~~~~~~~~~~~~~~~~~~~~~~~~~~~~~~~~~~


X [ERROR] TS2307: Cannot find module './time-repair-week-exhibit.component' or its corresponding type declarations. [plugin angular-compiler]

    src/app/templates/time-repair/ui/time-repair-week-workspace.component.ts:10:48:
      10 │ ...tWorkbenchComponent } from './time-repair-week-exhibit.component';
         ╵                               ~~~~~~~~~~~~~~~~~~~~~~~~~~~~~~~~~~~~~~


X [ERROR] NG1010: 'imports' must be an array of components, directives, pipes, or NgModules.
  Value could not be determined statically. [plugin angular-compiler]

    src/app/templates/time-repair/ui/time-repair-week-workspace.component.ts:14:121:
      14 │ ... RepairRippleWorkbenchComponent, RepairExhibitWorkbenchComponent],
         ╵                                     ~~~~~~~~~~~~~~~~~~~~~~~~~~~~~~~

  Unknown reference.

    src/app/templates/time-repair/ui/time-repair-week-workspace.component.ts:14:121:
      14 │ ... RepairRippleWorkbenchComponent, RepairExhibitWorkbenchComponent],
         ╵                                     ~~~~~~~~~~~~~~~~~~~~~~~~~~~~~~~


X [ERROR] NG2008: Could not find stylesheet file './time-repair-week-workspace.component.scss'. [plugin angular-compiler]

    src/app/templates/time-repair/ui/time-repair-week-workspace.component.ts:17:12:
      17 │   styleUrl: './time-repair-week-workspace.component.scss',
         ╵             ~~~~~~~~~~~~~~~~~~~~~~~~~~~~~~~~~~~~~~~~~~~~~


> Changes detected. Rebuilding...
√ Changes detected. Rebuilding...
Application bundle generation failed. [22.174 seconds] - 2026-09-14T22:19:56.482Z

▲ [WARNING] NG8102: NG8102: The left side of this nullish coalescing operation does not include 'null' or 'undefined' in its type, therefore the '??' operator can be safely removed. Find more at https://v22.angular.dev/extended-diagnostics/NG8102 [plugin angular-compiler]

    src/app/templates/heist/restoration/weekly/restoration-week-workspace.component.html:24:141:
      24 │ ...startTime]="runtime.state().filmTimes[lesson()] ?? 0" (position...
         ╵                ~~~~~~~~~~~~~~~~~~~~~~~~~~~~~~~~~~~~~~~~

  Warning occurs in the template of component RestorationWeekWorkspaceComponent.

    src/app/templates/heist/restoration/weekly/restoration-week-workspace.component.ts:12:15:
      12 │   templateUrl: './restoration-week-workspace.component.html',
         ╵                ~~~~~~~~~~~~~~~~~~~~~~~~~~~~~~~~~~~~~~~~~~~~~


▲ [WARNING] NG8102: NG8102: The left side of this nullish coalescing operation does not include 'null' or 'undefined' in its type, therefore the '??' operator can be safely removed. Find more at https://v22.angular.dev/extended-diagnostics/NG8102 [plugin angular-compiler]

    src/app/templates/heist/restoration/weekly/restoration-week-workspace.component.html:60:492:
      60 │ ...ria-pressed]="(runtime.state().sources[work().id] ?? []).includ...
         ╵                ~~~~~~~~~~~~~~~~~~~~~~~~~~~~~~~~~~~~~~~~

  Warning occurs in the template of component RestorationWeekWorkspaceComponent.

    src/app/templates/heist/restoration/weekly/restoration-week-workspace.component.ts:12:15:
      12 │   templateUrl: './restoration-week-workspace.component.html',
         ╵                ~~~~~~~~~~~~~~~~~~~~~~~~~~~~~~~~~~~~~~~~~~~~~


▲ [WARNING] NG8102: NG8102: The left side of this nullish coalescing operation does not include 'null' or 'undefined' in its type, therefore the '??' operator can be safely removed. Find more at https://v22.angular.dev/extended-diagnostics/NG8102 [plugin angular-compiler]

    src/app/templates/heist/restoration/weekly/restoration-week-workspace.component.html:60:609:
      60 │ ...ource.id)">{{ (runtime.state().sources[work().id] ?? []).includ...
         ╵                ~~~~~~~~~~~~~~~~~~~~~~~~~~~~~~~~~~~~~~~~

  Warning occurs in the template of component RestorationWeekWorkspaceComponent.

    src/app/templates/heist/restoration/weekly/restoration-week-workspace.component.ts:12:15:
      12 │   templateUrl: './restoration-week-workspace.component.html',
         ╵                ~~~~~~~~~~~~~~~~~~~~~~~~~~~~~~~~~~~~~~~~~~~~~


X [ERROR] TS2774: This condition will always return true since this function is always defined. Did you mean to call it instead? [plugin angular-compiler]

    src/app/templates/time-repair/ui/time-repair-week-ripple.component.html:11:277:
      11 │ ... 1 }}</span>{{ r.config.nodes.find ? '' : '' }}{{ ripple.nodeId...
         ╵                                  ~~~~

  Error occurs in the template of component RepairRippleWorkbenchComponent.

    src/app/templates/time-repair/ui/time-repair-week-ripple.component.ts:7:15:
      7 │ ...mplateUrl: './time-repair-week-ripple.component.html', styleUrl:...
        ╵               ~~~~~~~~~~~~~~~~~~~~~~~~~~~~~~~~~~~~~~~~~~


X [ERROR] TS2339: Property 'previous' does not exist on type 'RepairRippleWorkbenchComponent'. [plugin angular-compiler]

    src/app/templates/time-repair/ui/time-repair-week-ripple.component.html:21:96:
      21 │ ...lick)="r.rippleIndex.update(previous)">← Previous moment</but...
> Changes detected. Rebuilding...
         ╵                                ~~~~~~~~

  Error occurs in the template of component RepairRippleWorkbenchComponent.

    src/app/templates/time-repair/ui/time-repair-week-ripple.component.ts:7:15:
      7 │ ...mplateUrl: './time-repair-week-ripple.component.html', styleUrl:...
        ╵               ~~~~~~~~~~~~~~~~~~~~~~~~~~~~~~~~~~~~~~~~~~


X [ERROR] TS2339: Property 'next' does not exist on type 'RepairRippleWorkbenchComponent'. [plugin angular-compiler]

    src/app/templates/time-repair/ui/time-repair-week-ripple.component.html:21:308:
      21 │ ..." (click)="r.rippleIndex.update(next)">Next moment →</button>...
         ╵                                  ~~~~

  Error occurs in the template of component RepairRippleWorkbenchComponent.

    src/app/templates/time-repair/ui/time-repair-week-ripple.component.ts:7:15:
      7 │ ...mplateUrl: './time-repair-week-ripple.component.html', styleUrl:...
        ╵               ~~~~~~~~~~~~~~~~~~~~~~~~~~~~~~~~~~~~~~~~~~


X [ERROR] NG2008: Could not find stylesheet file './time-repair-week-activity.scss'. [plugin angular-compiler]

    src/app/templates/time-repair/ui/time-repair-week-ripple.component.ts:7:69:
      7 │ ...pple.component.html', styleUrl: './time-repair-week-activity.scss',
        ╵                                    ~~~~~~~~~~~~~~~~~~~~~~~~~~~~~~~~~~


X [ERROR] NG2008: Could not find stylesheet file './time-repair-week-activity.scss'. [plugin angular-compiler]

    src/app/templates/time-repair/ui/time-repair-week-scene.component.ts:7:68:
      7 │ ...cene.component.html', styleUrl: './time-repair-week-activity.scss',
        ╵                                    ~~~~~~~~~~~~~~~~~~~~~~~~~~~~~~~~~~


X [ERROR] NG2008: Could not find stylesheet file './time-repair-week-activity.scss'. [plugin angular-compiler]

    src/app/templates/time-repair/ui/time-repair-week-source.component.ts:11:12:
      11 │   styleUrl: './time-repair-week-activity.scss',
         ╵             ~~~~~~~~~~~~~~~~~~~~~~~~~~~~~~~~~~


X [ERROR] NG2008: Could not find stylesheet file './time-repair-week-activity.scss'. [plugin angular-compiler]

    src/app/templates/time-repair/ui/time-repair-week-timeline.component.ts:27:12:
      27 │   styleUrl: './time-repair-week-activity.scss', changeDetection: C...
         ╵             ~~~~~~~~~~~~~~~~~~~~~~~~~~~~~~~~~~


X [ERROR] TS2307: Cannot find module './time-repair-week-exhibit.component' or its corresponding type declarations. [plugin angular-compiler]

    src/app/templates/time-repair/ui/time-repair-week-workspace.component.ts:10:48:
      10 │ ...tWorkbenchComponent } from './time-repair-week-exhibit.component';
         ╵                               ~~~~~~~~~~~~~~~~~~~~~~~~~~~~~~~~~~~~~~


X [ERROR] NG1010: 'imports' must be an array of components, directives, pipes, or NgModules.
  Value could not be determined statically. [plugin angular-compiler]

    src/app/templates/time-repair/ui/time-repair-week-workspace.component.ts:14:121:
      14 │ ... RepairRippleWorkbenchComponent, RepairExhibitWorkbenchComponent],
         ╵                                     ~~~~~~~~~~~~~~~~~~~~~~~~~~~~~~~

  Unknown reference.

    src/app/templates/time-repair/ui/time-repair-week-workspace.component.ts:14:121:
      14 │ ... RepairRippleWorkbenchComponent, RepairExhibitWorkbenchComponent],
         ╵                                     ~~~~~~~~~~~~~~~~~~~~~~~~~~~~~~~


X [ERROR] NG2008: Could not find stylesheet file './time-repair-week-workspace.component.scss'. [plugin angular-compiler]

    src/app/templates/time-repair/ui/time-repair-week-workspace.component.ts:17:12:
      17 │   styleUrl: './time-repair-week-workspace.component.scss',
         ╵             ~~~~~~~~~~~~~~~~~~~~~~~~~~~~~~~~~~~~~~~~~~~~~


√ Changes detected. Rebuilding...
Application bundle generation failed. [17.176 seconds] - 2026-09-14T22:20:13.720Z

▲ [WARNING] NG8102: NG8102: The left side of this nullish coalescing operation does not include 'null' or 'undefined' in its type, therefore the '??' operator can be safely removed. Find more at https://v22.angular.dev/extended-diagnostics/NG8102 [plugin angular-compiler]

    src/app/templates/heist/restoration/weekly/restoration-week-workspace.component.html:24:141:
      24 │ ...startTime]="runtime.state().filmTimes[lesson()] ?? 0" (position...
         ╵                ~~~~~~~~~~~~~~~~~~~~~~~~~~~~~~~~~~~~~~~~

  Warning occurs in the template of component RestorationWeekWorkspaceComponent.

    src/app/templates/heist/restoration/weekly/restoration-week-workspace.component.ts:12:15:
      12 │   templateUrl: './restoration-week-workspace.component.html',
         ╵                ~~~~~~~~~~~~~~~~~~~~~~~~~~~~~~~~~~~~~~~~~~~~~


▲ [WARNING] NG8102: NG8102: The left side of this nullish coalescing operation does not include 'null' or 'undefined' in its type, therefore the '??' operator can be safely removed. Find more at https://v22.angular.dev/extended-diagnostics/NG8102 [plugin angular-compiler]

    src/app/templates/heist/restoration/weekly/restoration-week-workspace.component.html:60:492:
      60 │ ...ria-pressed]="(runtime.state().sources[work().id] ?? []).includ...
         ╵                ~~~~~~~~~~~~~~~~~~~~~~~~~~~~~~~~~~~~~~~~

  Warning occurs in the template of component RestorationWeekWorkspaceComponent.

    src/app/templates/heist/restoration/weekly/restoration-week-workspace.component.ts:12:15:
      12 │   templateUrl: './restoration-week-workspace.component.html',
         ╵                ~~~~~~~~~~~~~~~~~~~~~~~~~~~~~~~~~~~~~~~~~~~~~


▲ [WARNING] NG8102: NG8102: The left side of this nullish coalescing operation does not include 'null' or 'undefined' in its type, therefore the '??' operator can be safely removed. Find more at https://v22.angular.dev/extended-diagnostics/NG8102 [plugin angular-compiler]

    src/app/templates/heist/restoration/weekly/restoration-week-workspace.component.html:60:609:
      60 │ ...ource.id)">{{ (runtime.state().sources[work().id] ?? []).includ...
         ╵                ~~~~~~~~~~~~~~~~~~~~~~~~~~~~~~~~~~~~~~~~

  Warning occurs in the template of component RestorationWeekWorkspaceComponent.

    src/app/templates/heist/restoration/weekly/restoration-week-workspace.component.ts:12:15:
      12 │   templateUrl: './restoration-week-workspace.component.html',
         ╵                ~~~~~~~~~~~~~~~~~~~~~~~~~~~~~~~~~~~~~~~~~~~~~


X [ERROR] TS2774: This condition will always return true since this function is always defined. Did you mean to call it instead? [plugin angular-compiler]

    src/app/templates/time-repair/ui/time-repair-week-ripple.component.html:11:277:
      11 │ ... 1 }}</span>{{ r.config.nodes.find ? '' : '' }}{{ ripple.nodeId...
         ╵                                  ~~~~

  Error occurs in the template of component RepairRippleWorkbenchComponent.

    src/app/templates/time-repair/ui/time-repair-week-ripple.component.ts:7:15:
      7 │ ...mplateUrl: './time-repair-week-ripple.component.html', styleUrl:...
        ╵               ~~~~~~~~~~~~~~~~~~~~~~~~~~~~~~~~~~~~~~~~~~


X [ERROR] TS2339: Property 'previous' does not exist on type 'RepairRippleWorkbenchComponent'. [plugin angular-compiler]

    src/app/templates/time-repair/ui/time-repair-week-ripple.component.html:21:96:
      21 │ ...lick)="r.rippleIndex.update(previous)">← Previous moment</but...
         ╵                                ~~~~~~~~

  Error occurs in the template of component RepairRippleWorkbenchComponent.

    src/app/templates/time-repair/ui/time-repair-week-ripple.component.ts:7:15:
      7 │ ...mplateUrl: './time-repair-week-ripple.component.html', styleUrl:...
        ╵               ~~~~~~~~~~~~~~~~~~~~~~~~~~~~~~~~~~~~~~~~~~


X [ERROR] TS2339: Property 'next' does not exist on type 'RepairRippleWorkbenchComponent'. [plugin angular-compiler]

    src/app/templates/time-repair/ui/time-repair-week-ripple.component.html:21:308:
      21 │ ..." (click)="r.rippleIndex.update(next)">Next moment →</button>...
         ╵                                  ~~~~

  Error occurs in the template of component RepairRippleWorkbenchComponent.

    src/app/templates/time-repair/ui/time-repair-week-ripple.component.ts:7:15:
      7 │ ...mplateUrl: './time-repair-week-ripple.component.html', styleUrl:...
        ╵               ~~~~~~~~~~~~~~~~~~~~~~~~~~~~~~~~~~~~~~~~~~


X [ERROR] NG2008: Could not find stylesheet file './time-repair-week-activity.scss'. [plugin angular-compiler]

    src/app/templates/time-repair/ui/time-repair-week-ripple.component.ts:7:69:
      7 │ ...pple.component.html', styleUrl: './time-repair-week-activity.scss',
        ╵                                    ~~~~~~~~~~~~~~~~~~~~~~~~~~~~~~~~~~


X [ERROR] NG2008: Could not find stylesheet file './time-repair-week-activity.scss'. [plugin angular-compiler]

    src/app/templates/time-repair/ui/time-repair-week-scene.component.ts:7:68:
      7 │ ...cene.component.html', styleUrl: './time-repair-week-activity.scss',
        ╵                                    ~~~~~~~~~~~~~~~~~~~~~~~~~~~~~~~~~~


X [ERROR] NG2008: Could not find stylesheet file './time-repair-week-activity.scss'. [plugin angular-compiler]

    src/app/templates/time-repair/ui/time-repair-week-source.component.ts:11:12:
      11 │   styleUrl: './time-repair-week-activity.scss',
         ╵             ~~~~~~~~~~~~~~~~~~~~~~~~~~~~~~~~~~


X [ERROR] NG2008: Could not find stylesheet file './time-repair-week-activity.scss'. [plugin angular-compiler]

    src/app/templates/time-repair/ui/time-repair-week-timeline.component.ts:27:12:
      27 │   styleUrl: './time-repair-week-activity.scss', changeDetection: C...
         ╵             ~~~~~~~~~~~~~~~~~~~~~~~~~~~~~~~~~~


X [ERROR] TS2307: Cannot find module './time-repair-week-exhibit.component' or its corresponding type declarations. [plugin angular-compiler]

    src/app/templates/time-repair/ui/time-repair-week-workspace.component.ts:10:48:
      10 │ ...tWorkbenchComponent } from './time-repair-week-exhibit.component';
         ╵                               ~~~~~~~~~~~~~~~~~~~~~~~~~~~~~~~~~~~~~~


X [ERROR] NG1010: 'imports' must be an array of components, directives, pipes, or NgModules.
  Value could not be determined statically. [plugin angular-compiler]

    src/app/templates/time-repair/ui/time-repair-week-workspace.component.ts:14:121:
      14 │ ... RepairRippleWorkbenchComponent, RepairExhibitWorkbenchComponent],
         ╵                                     ~~~~~~~~~~~~~~~~~~~~~~~~~~~~~~~

  Unknown reference.

    src/app/templates/time-repair/ui/time-repair-week-workspace.component.ts:14:121:
      14 │ ... RepairRippleWorkbenchComponent, RepairExhibitWorkbenchComponent],
         ╵                                     ~~~~~~~~~~~~~~~~~~~~~~~~~~~~~~~


X [ERROR] NG2008: Could not find stylesheet file './time-repair-week-workspace.component.scss'. [plugin angular-compiler]

    src/app/templates/time-repair/ui/time-repair-week-workspace.component.ts:17:12:
      17 │   styleUrl: './time-repair-week-workspace.component.scss',
         ╵             ~~~~~~~~~~~~~~~~~~~~~~~~~~~~~~~~~~~~~~~~~~~~~


> Changes detected. Rebuilding...
√ Changes detected. Rebuilding...
Application bundle generation failed. [12.904 seconds] - 2026-09-14T22:20:26.723Z

▲ [WARNING] NG8102: NG8102: The left side of this nullish coalescing operation does not include 'null' or 'undefined' in its type, therefore the '??' operator can be safely removed. Find more at https://v22.angular.dev/extended-diagnostics/NG8102 [plugin angular-compiler]

    src/app/templates/heist/restoration/weekly/restoration-week-workspace.component.html:24:141:
      24 │ ...startTime]="runtime.state().filmTimes[lesson()] ?? 0" (position...
         ╵                ~~~~~~~~~~~~~~~~~~~~~~~~~~~~~~~~~~~~~~~~

  Warning occurs in the template of component RestorationWeekWorkspaceComponent.

    src/app/templates/heist/restoration/weekly/restoration-week-workspace.component.ts:12:15:
      12 │   templateUrl: './restoration-week-workspace.component.html',
         ╵                ~~~~~~~~~~~~~~~~~~~~~~~~~~~~~~~~~~~~~~~~~~~~~


▲ [WARNING] NG8102: NG8102: The left side of this nullish coalescing operation does not include 'null' or 'undefined' in its type, therefore the '??' operator can be safely removed. Find more at https://v22.angular.dev/extended-diagnostics/NG8102 [plugin angular-compiler]

    src/app/templates/heist/restoration/weekly/restoration-week-workspace.component.html:60:492:
      60 │ ...ria-pressed]="(runtime.state().sources[work().id] ?? []).includ...
         ╵                ~~~~~~~~~~~~~~~~~~~~~~~~~~~~~~~~~~~~~~~~

  Warning occurs in the template of component RestorationWeekWorkspaceComponent.

    src/app/templates/heist/restoration/weekly/restoration-week-workspace.component.ts:12:15:
      12 │   templateUrl: './restoration-week-workspace.component.html',
         ╵                ~~~~~~~~~~~~~~~~~~~~~~~~~~~~~~~~~~~~~~~~~~~~~


▲ [WARNING] NG8102: NG8102: The left side of this nullish coalescing operation does not include 'null' or 'undefined' in its type, therefore the '??' operator can be safely removed. Find more at https://v22.angular.dev/extended-diagnostics/NG8102 [plugin angular-compiler]

    src/app/templates/heist/restoration/weekly/restoration-week-workspace.component.html:60:609:
      60 │ ...ource.id)">{{ (runtime.state().sources[work().id] ?? []).includ...
         ╵                ~~~~~~~~~~~~~~~~~~~~~~~~~~~~~~~~~~~~~~~~

  Warning occurs in the template of component RestorationWeekWorkspaceComponent.

    src/app/templates/heist/restoration/weekly/restoration-week-workspace.component.ts:12:15:
      12 │   templateUrl: './restoration-week-workspace.component.html',
         ╵                ~~~~~~~~~~~~~~~~~~~~~~~~~~~~~~~~~~~~~~~~~~~~~


X [ERROR] TS2774: This condition will always return true since this function is always defined. Did you mean to call it instead? [plugin angular-compiler]

    src/app/templates/time-repair/ui/time-repair-week-ripple.component.html:11:277:
      11 │ ... 1 }}</span>{{ r.config.nodes.find ? '' : '' }}{{ ripple.nodeId...
         ╵                                  ~~~~

  Error occurs in the template of component RepairRippleWorkbenchComponent.

    src/app/templates/time-repair/ui/time-repair-week-ripple.component.ts:7:15:
      7 │ ...mplateUrl: './time-repair-week-ripple.component.html', styleUrl:...
        ╵               ~~~~~~~~~~~~~~~~~~~~~~~~~~~~~~~~~~~~~~~~~~


X [ERROR] NG2008: Could not find stylesheet file './time-repair-week-activity.scss'. [plugin angular-compiler]

    src/app/templates/time-repair/ui/time-repair-week-ripple.component.ts:7:69:
      7 │ ...pple.component.html', styleUrl: './time-repair-week-activity.scss',
        ╵                                    ~~~~~~~~~~~~~~~~~~~~~~~~~~~~~~~~~~


X [ERROR] NG2008: Could not find stylesheet file './time-repair-week-activity.scss'. [plugin angular-compiler]

    src/app/templates/time-repair/ui/time-repair-week-scene.component.ts:7:68:
      7 │ ...cene.component.html', styleUrl: './time-repair-week-activity.scss',
        ╵                                    ~~~~~~~~~~~~~~~~~~~~~~~~~~~~~~~~~~


X [ERROR] NG2008: Could not find stylesheet file './time-repair-week-activity.scss'. [plugin angular-compiler]

    src/app/templates/time-repair/ui/time-repair-week-source.component.ts:11:12:
      11 │   styleUrl: './time-repair-week-activity.scss',
         ╵             ~~~~~~~~~~~~~~~~~~~~~~~~~~~~~~~~~~


X [ERROR] NG2008: Could not find stylesheet file './time-repair-week-activity.scss'. [plugin angular-compiler]

    src/app/templates/time-repair/ui/time-repair-week-timeline.component.ts:27:12:
      27 │   styleUrl: './time-repair-week-activity.scss', changeDetection: C...
         ╵             ~~~~~~~~~~~~~~~~~~~~~~~~~~~~~~~~~~


X [ERROR] TS2307: Cannot find module './time-repair-week-exhibit.component' or its corresponding type declarations. [plugin angular-compiler]

    src/app/templates/time-repair/ui/time-repair-week-workspace.component.ts:10:48:
      10 │ ...tWorkbenchComponent } from './time-repair-week-exhibit.component';
         ╵                               ~~~~~~~~~~~~~~~~~~~~~~~~~~~~~~~~~~~~~~


X [ERROR] NG1010: 'imports' must be an array of components, directives, pipes, or NgModules.
  Value could not be determined statically. [plugin angular-compiler]

    src/app/templates/time-repair/ui/time-repair-week-workspace.component.ts:14:121:
      14 │ ... RepairRippleWorkbenchComponent, RepairExhibitWorkbenchComponent],
         ╵                                     ~~~~~~~~~~~~~~~~~~~~~~~~~~~~~~~

  Unknown reference.

    src/app/templates/time-repair/ui/time-repair-week-workspace.component.ts:14:121:
      14 │ ... RepairRippleWorkbenchComponent, RepairExhibitWorkbenchComponent],
         ╵                                     ~~~~~~~~~~~~~~~~~~~~~~~~~~~~~~~


X [ERROR] NG2008: Could not find stylesheet file './time-repair-week-workspace.component.scss'. [plugin angular-compiler]

    src/app/templates/time-repair/ui/time-repair-week-workspace.component.ts:17:12:
      17 │   styleUrl: './time-repair-week-workspace.component.scss',
         ╵             ~~~~~~~~~~~~~~~~~~~~~~~~~~~~~~~~~~~~~~~~~~~~~


> Changes detected. Rebuilding...
√ Changes detected. Rebuilding...
▲ [WARNING] NG8102: NG8102: The left side of this nullish coalescing operation does not include 'null' or 'undefined' in its type, therefore the '??' operator can be safely removed. Find more at https://v22.angular.dev/extended-diagnostics/NG8102 [plugin angular-compiler]

    src/app/templates/heist/restoration/weekly/restoration-week-workspace.component.html:24:141:
      24 │ ...startTime]="runtime.state().filmTimes[lesson()] ?? 0" (position...
         ╵                ~~~~~~~~~~~~~~~~~~~~~~~~~~~~~~~~~~~~~~~~

  Warning occurs in the template of component RestorationWeekWorkspaceComponent.

    src/app/templates/heist/restoration/weekly/restoration-week-workspace.component.ts:12:15:
      12 │   templateUrl: './restoration-week-workspace.component.html',
         ╵                ~~~~~~~~~~~~~~~~~~~~~~~~~~~~~~~~~~~~~~~~~~~~~


▲ [WARNING] NG8102: NG8102: The left side of this nullish coalescing operation does not include 'null' or 'undefined' in its type, therefore the '??' operator can be safely removed. Find more at https://v22.angular.dev/extended-diagnostics/NG8102 [plugin angular-compiler]

    src/app/templates/heist/restoration/weekly/restoration-week-workspace.component.html:60:492:
      60 │ ...ria-pressed]="(runtime.state().sources[work().id] ?? []).includ...
         ╵                ~~~~~~~~~~~~~~~~~~~~~~~~~~~~~~~~~~~~~~~~

  Warning occurs in the template of component RestorationWeekWorkspaceComponent.

    src/app/templates/heist/restoration/weekly/restoration-week-workspace.component.ts:12:15:
      12 │   templateUrl: './restoration-week-workspace.component.html',
         ╵                ~~~~~~~~~~~~~~~~~~~~~~~~~~~~~~~~~~~~~~~~~~~~~


▲ [WARNING] NG8102: NG8102: The left side of this nullish coalescing operation does not include 'null' or 'undefined' in its type, therefore the '??' operator can be safely removed. Find more at https://v22.angular.dev/extended-diagnostics/NG8102 [plugin angular-compiler]

    src/app/templates/heist/restoration/weekly/restoration-week-workspace.component.html:60:609:
      60 │ ...ource.id)">{{ (runtime.state().sources[work().id] ?? []).includ...
         ╵                ~~~~~~~~~~~~~~~~~~~~~~~~~~~~~~~~~~~~~~~~

  Warning occurs in the template of component RestorationWeekWorkspaceComponent.

    src/app/templates/heist/restoration/weekly/restoration-week-workspace.component.ts:12:15:
      12 │   templateUrl: './restoration-week-workspace.component.html',
         ╵                ~~~~~~~~~~~~~~~~~~~~~~~~~~~~~~~~~~~~~~~~~~~~~


X [ERROR] TS2774: This condition will always return true since this function is always defined. Did you mean to call it instead? [plugin angular-compiler]

    src/app/templates/time-repair/ui/time-repair-week-ripple.component.html:11:277:
      11 │ ... 1 }}</span>{{ r.config.nodes.find ? '' : '' }}{{ ripple.nodeId...
         ╵                                  ~~~~

  Error occurs in the template of component RepairRippleWorkbenchComponent.

    src/app/templates/time-repair/ui/time-repair-week-ripple.component.ts:7:15:
      7 │ ...mplateUrl: './time-repair-week-ripple.component.html', styleUrl:...
        ╵               ~~~~~~~~~~~~~~~~~~~~~~~~~~~~~~~~~~~~~~~~~~


X [ERROR] NG2008: Could not find stylesheet file './time-repair-week-activity.scss'. [plugin angular-compiler]

    src/app/templates/time-repair/ui/time-repair-week-ripple.component.ts:7:69:
      7 │ ...pple.component.html', styleUrl: './time-repair-week-activity.scss',
        ╵                                    ~~~~~~~~~~~~~~~~~~~~~~~~~~~~~~~~~~


X [ERROR] NG2008: Could not find stylesheet file './time-repair-week-activity.scss'. [plugin angular-compiler]

    src/app/templates/time-repair/ui/time-repair-week-scene.component.ts:7:68:
      7 │ ...cene.component.html', styleUrl: './time-repair-week-activity.scss',
        ╵                                    ~~~~~~~~~~~~~~~~~~~~~~~~~~~~~~~~~~


X [ERROR] NG2008: Could not find stylesheet file './time-repair-week-activity.scss'. [plugin angular-compiler]

    src/app/templates/time-repair/ui/time-repair-week-source.component.ts:11:12:
      11 │   styleUrl: './time-repair-week-activity.scss',
         ╵             ~~~~~~~~~~~~~~~~~~~~~~~~~~~~~~~~~~


X [ERROR] NG2008: Could not find stylesheet file './time-repair-week-activity.scss'. [plugin angular-compiler]

    src/app/templates/time-repair/ui/time-repair-week-timeline.component.ts:27:12:
      27 │   styleUrl: './time-repair-week-activity.scss', changeDetection: C...
         ╵             ~~~~~~~~~~~~~~~~~~~~~~~~~~~~~~~~~~


X [ERROR] TS2307: Cannot find module './time-repair-week-exhibit.component' or its corresponding type declarations. [plugin angular-compiler]

    src/app/templates/time-repair/ui/time-repair-week-workspace.component.ts:10:48:
      10 │ ...tWorkbenchComponent } from './time-repair-week-exhibit.component';
         ╵                               ~~~~~~~~~~~~~~~~~~~~~~~~~~~~~~~~~~~~~~


X [ERROR] NG1010: 'imports' must be an array of components, directives, pipes, or NgModules.
  Value could not be determined statically. [plugin angular-compiler]

    src/app/templates/time-repair/ui/time-repair-week-workspace.component.ts:14:121:
      14 │ ... RepairRippleWorkbenchComponent, RepairExhibitWorkbenchComponent],
         ╵                                     ~~~~~~~~~~~~~~~~~~~~~~~~~~~~~~~

  Unknown reference.

    src/app/templates/time-repair/ui/time-repair-week-workspace.component.ts:14:121:
      14 │ ... RepairRippleWorkbenchComponent, RepairExhibitWorkbenchComponent],
         ╵                                     ~~~~~~~~~~~~~~~~~~~~~~~~~~~~~~~


X [ERROR] NG2008: Could not find stylesheet file './time-repair-week-workspace.component.scss'. [plugin angular-compiler]

    src/app/templates/time-repair/ui/time-repair-week-workspace.component.ts:17:12:
      17 │   styleUrl: './time-repair-week-workspace.component.scss',
         ╵             ~~~~~~~~~~~~~~~~~~~~~~~~~~~~~~~~~~~~~~~~~~~~~


Application bundle generation failed. [23.605 seconds] - 2026-09-14T22:20:53.140Z

> Changes detected. Rebuilding...
√ Changes detected. Rebuilding...
▲ [WARNING] NG8102: NG8102: The left side of this nullish coalescing operation does not include 'null' or 'undefined' in its type, therefore the '??' operator can be safely removed. Find more at https://v22.angular.dev/extended-diagnostics/NG8102 [plugin angular-compiler]

    src/app/templates/heist/restoration/weekly/restoration-week-workspace.component.html:24:141:
      24 │ ...startTime]="runtime.state().filmTimes[lesson()] ?? 0" (position...
         ╵                ~~~~~~~~~~~~~~~~~~~~~~~~~~~~~~~~~~~~~~~~

  Warning occurs in the template of component RestorationWeekWorkspaceComponent.

    src/app/templates/heist/restoration/weekly/restoration-week-workspace.component.ts:12:15:
      12 │   templateUrl: './restoration-week-workspace.component.html',
         ╵                ~~~~~~~~~~~~~~~~~~~~~~~~~~~~~~~~~~~~~~~~~~~~~


▲ [WARNING] NG8102: NG8102: The left side of this nullish coalescing operation does not include 'null' or 'undefined' in its type, therefore the '??' operator can be safely removed. Find more at https://v22.angular.dev/extended-diagnostics/NG8102 [plugin angular-compiler]

    src/app/templates/heist/restoration/weekly/restoration-week-workspace.component.html:60:492:
      60 │ ...ria-pressed]="(runtime.state().sources[work().id] ?? []).includ...
         ╵                ~~~~~~~~~~~~~~~~~~~~~~~~~~~~~~~~~~~~~~~~

  Warning occurs in the template of component RestorationWeekWorkspaceComponent.

    src/app/templates/heist/restoration/weekly/restoration-week-workspace.component.ts:12:15:
      12 │   templateUrl: './restoration-week-workspace.component.html',
         ╵                ~~~~~~~~~~~~~~~~~~~~~~~~~~~~~~~~~~~~~~~~~~~~~


▲ [WARNING] NG8102: NG8102: The left side of this nullish coalescing operation does not include 'null' or 'undefined' in its type, therefore the '??' operator can be safely removed. Find more at https://v22.angular.dev/extended-diagnostics/NG8102 [plugin angular-compiler]

    src/app/templates/heist/restoration/weekly/restoration-week-workspace.component.html:60:609:
      60 │ ...ource.id)">{{ (runtime.state().sources[work().id] ?? []).includ...
         ╵                ~~~~~~~~~~~~~~~~~~~~~~~~~~~~~~~~~~~~~~~~

  Warning occurs in the template of component RestorationWeekWorkspaceComponent.

    src/app/templates/heist/restoration/weekly/restoration-week-workspace.component.ts:12:15:
      12 │   templateUrl: './restoration-week-workspace.component.html',
         ╵                ~~~~~~~~~~~~~~~~~~~~~~~~~~~~~~~~~~~~~~~~~~~~~


X [ERROR] NG2008: Could not find template file './time-repair-week-exhibit.component.html'. [plugin angular-compiler]

    src/app/templates/time-repair/ui/time-repair-week-exhibit.component.ts:7:15:
      7 │ ...mplateUrl: './time-repair-week-exhibit.component.html', styleUrl...
        ╵               ~~~~~~~~~~~~~~~~~~~~~~~~~~~~~~~~~~~~~~~~~~~


X [ERROR] NG2008: Could not find stylesheet file './time-repair-week-activity.scss'. [plugin angular-compiler]

    src/app/templates/time-repair/ui/time-repair-week-ripple.component.ts:7:69:
      7 │ ...pple.component.html', styleUrl: './time-repair-week-activity.scss',
        ╵                                    ~~~~~~~~~~~~~~~~~~~~~~~~~~~~~~~~~~


X [ERROR] NG2008: Could not find stylesheet file './time-repair-week-activity.scss'. [plugin angular-compiler]

    src/app/templates/time-repair/ui/time-repair-week-scene.component.ts:7:68:
      7 │ ...cene.component.html', styleUrl: './time-repair-week-activity.scss',
        ╵                                    ~~~~~~~~~~~~~~~~~~~~~~~~~~~~~~~~~~


X [ERROR] NG2008: Could not find stylesheet file './time-repair-week-activity.scss'. [plugin angular-compiler]

    src/app/templates/time-repair/ui/time-repair-week-source.component.ts:11:12:
      11 │   styleUrl: './time-repair-week-activity.scss',
         ╵             ~~~~~~~~~~~~~~~~~~~~~~~~~~~~~~~~~~


X [ERROR] NG2008: Could not find stylesheet file './time-repair-week-activity.scss'. [plugin angular-compiler]

    src/app/templates/time-repair/ui/time-repair-week-timeline.component.ts:27:12:
      27 │   styleUrl: './time-repair-week-activity.scss', changeDetection: C...
         ╵             ~~~~~~~~~~~~~~~~~~~~~~~~~~~~~~~~~~


X [ERROR] NG2012: Component imports must be standalone components, directives, pipes, or must be NgModules. [plugin angular-compiler]

    src/app/templates/time-repair/ui/time-repair-week-workspace.component.ts:14:121:
      14 │ ... RepairRippleWorkbenchComponent, RepairExhibitWorkbenchComponent],
         ╵                                     ~~~~~~~~~~~~~~~~~~~~~~~~~~~~~~~


X [ERROR] NG2008: Could not find stylesheet file './time-repair-week-workspace.component.scss'. [plugin angular-compiler]

    src/app/templates/time-repair/ui/time-repair-week-workspace.component.ts:17:12:
      17 │   styleUrl: './time-repair-week-workspace.component.scss',
         ╵             ~~~~~~~~~~~~~~~~~~~~~~~~~~~~~~~~~~~~~~~~~~~~~


Application bundle generation failed. [48.499 seconds] - 2026-09-14T22:21:41.714Z

> Changes detected. Rebuilding...
√ Changes detected. Rebuilding...
▲ [WARNING] NG8102: NG8102: The left side of this nullish coalescing operation does not include 'null' or 'undefined' in its type, therefore the '??' operator can be safely removed. Find more at https://v22.angular.dev/extended-diagnostics/NG8102 [plugin angular-compiler]

    src/app/templates/heist/restoration/weekly/restoration-week-workspace.component.html:24:141:
      24 │ ...startTime]="runtime.state().filmTimes[lesson()] ?? 0" (position...
         ╵                ~~~~~~~~~~~~~~~~~~~~~~~~~~~~~~~~~~~~~~~~

  Warning occurs in the template of component RestorationWeekWorkspaceComponent.

    src/app/templates/heist/restoration/weekly/restoration-week-workspace.component.ts:12:15:
      12 │   templateUrl: './restoration-week-workspace.component.html',
         ╵                ~~~~~~~~~~~~~~~~~~~~~~~~~~~~~~~~~~~~~~~~~~~~~


▲ [WARNING] NG8102: NG8102: The left side of this nullish coalescing operation does not include 'null' or 'undefined' in its type, therefore the '??' operator can be safely removed. Find more at https://v22.angular.dev/extended-diagnostics/NG8102 [plugin angular-compiler]

    src/app/templates/heist/restoration/weekly/restoration-week-workspace.component.html:60:492:
      60 │ ...ria-pressed]="(runtime.state().sources[work().id] ?? []).includ...
         ╵                ~~~~~~~~~~~~~~~~~~~~~~~~~~~~~~~~~~~~~~~~

  Warning occurs in the template of component RestorationWeekWorkspaceComponent.

    src/app/templates/heist/restoration/weekly/restoration-week-workspace.component.ts:12:15:
      12 │   templateUrl: './restoration-week-workspace.component.html',
         ╵                ~~~~~~~~~~~~~~~~~~~~~~~~~~~~~~~~~~~~~~~~~~~~~


▲ [WARNING] NG8102: NG8102: The left side of this nullish coalescing operation does not include 'null' or 'undefined' in its type, therefore the '??' operator can be safely removed. Find more at https://v22.angular.dev/extended-diagnostics/NG8102 [plugin angular-compiler]

    src/app/templates/heist/restoration/weekly/restoration-week-workspace.component.html:60:609:
      60 │ ...ource.id)">{{ (runtime.state().sources[work().id] ?? []).includ...
         ╵                ~~~~~~~~~~~~~~~~~~~~~~~~~~~~~~~~~~~~~~~~

  Warning occurs in the template of component RestorationWeekWorkspaceComponent.

    src/app/templates/heist/restoration/weekly/restoration-week-workspace.component.ts:12:15:
      12 │   templateUrl: './restoration-week-workspace.component.html',
         ╵                ~~~~~~~~~~~~~~~~~~~~~~~~~~~~~~~~~~~~~~~~~~~~~


▲ [WARNING] NG8113: TimeRepairWeekWorkspaceComponent is not used within the template of TimeRepairPageComponent [plugin angular-compiler]

    src/app/templates/time-repair/ui/time-repair-page.component.ts:25:12:
      25 │   imports: [TimeRepairWeekWorkspaceComponent, WorkspaceToolsCompon...
         ╵             ~~~~~~~~~~~~~~~~~~~~~~~~~~~~~~~~


▲ [WARNING] NG8113: WorkspaceToolsComponent is not used within the template of TimeRepairPageComponent [plugin angular-compiler]

    src/app/templates/time-repair/ui/time-repair-page.component.ts:25:46:
      25 │ ...WorkspaceComponent, WorkspaceToolsComponent,FormsModule, Router...
         ╵                        ~~~~~~~~~~~~~~~~~~~~~~~


▲ [WARNING] NG8113: RouterLink is not used within the template of TimeRepairPageComponent [plugin angular-compiler]

    src/app/templates/time-repair/ui/time-repair-page.component.ts:25:83:
      25 │ ...oolsComponent,FormsModule, RouterLink, TimeRepairInvestigationC...
         ╵                               ~~~~~~~~~~


▲ [WARNING] NG8113: TimeRepairInvestigationComponent is not used within the template of TimeRepairPageComponent [plugin angular-compiler]

    src/app/templates/time-repair/ui/time-repair-page.component.ts:25:95:
      25 │ ...le, RouterLink, TimeRepairInvestigationComponent, TimeRepairSce...
         ╵                    ~~~~~~~~~~~~~~~~~~~~~~~~~~~~~~~~


▲ [WARNING] NG8113: TimeRepairSceneComponent is not used within the template of TimeRepairPageComponent [plugin angular-compiler]

    src/app/templates/time-repair/ui/time-repair-page.component.ts:25:129:
      25 │ ...Link, TimeRepairInvestigationComponent, TimeRepairSceneComponent],
         ╵                                            ~~~~~~~~~~~~~~~~~~~~~~~~


Application bundle generation failed. [65.084 seconds] - 2026-09-14T22:22:46.949Z

X [ERROR] NG5002: Unclosed block "else" [plugin angular-compiler]

    src/app/templates/time-repair/ui/time-repair-page.component.html:3:2:
      3 │ } @else {
        ╵   ~~~~~~~

  Error occurs in the template of component TimeRepairPageComponent.

    src/app/templates/time-repair/ui/time-repair-page.component.ts:26:15:
      26 │   templateUrl: './time-repair-page.component.html',
         ╵                ~~~~~~~~~~~~~~~~~~~~~~~~~~~~~~~~~~~


X [ERROR] NG2008: Could not find template file './time-repair-week-exhibit.component.html'. [plugin angular-compiler]

    src/app/templates/time-repair/ui/time-repair-week-exhibit.component.ts:7:15:
      7 │ ...mplateUrl: './time-repair-week-exhibit.component.html', styleUrl...
        ╵               ~~~~~~~~~~~~~~~~~~~~~~~~~~~~~~~~~~~~~~~~~~~


X [ERROR] NG2008: Could not find stylesheet file './time-repair-week-activity.scss'. [plugin angular-compiler]

    src/app/templates/time-repair/ui/time-repair-week-scene.component.ts:7:68:
      7 │ ...cene.component.html', styleUrl: './time-repair-week-activity.scss',
        ╵                                    ~~~~~~~~~~~~~~~~~~~~~~~~~~~~~~~~~~


X [ERROR] NG2008: Could not find stylesheet file './time-repair-week-activity.scss'. [plugin angular-compiler]

    src/app/templates/time-repair/ui/time-repair-week-source.component.ts:11:12:
      11 │   styleUrl: './time-repair-week-activity.scss',
         ╵             ~~~~~~~~~~~~~~~~~~~~~~~~~~~~~~~~~~


X [ERROR] NG2008: Could not find stylesheet file './time-repair-week-activity.scss'. [plugin angular-compiler]

    src/app/templates/time-repair/ui/time-repair-week-timeline.component.ts:27:12:
      27 │   styleUrl: './time-repair-week-activity.scss', changeDetection: C...
         ╵             ~~~~~~~~~~~~~~~~~~~~~~~~~~~~~~~~~~


X [ERROR] NG2012: Component imports must be standalone components, directives, pipes, or must be NgModules. [plugin angular-compiler]

    src/app/templates/time-repair/ui/time-repair-week-workspace.component.ts:14:121:
      14 │ ... RepairRippleWorkbenchComponent, RepairExhibitWorkbenchComponent],
         ╵                                     ~~~~~~~~~~~~~~~~~~~~~~~~~~~~~~~


X [ERROR] NG2008: Could not find stylesheet file './time-repair-week-workspace.component.scss'. [plugin angular-compiler]

    src/app/templates/time-repair/ui/time-repair-week-workspace.component.ts:17:12:
      17 │   styleUrl: './time-repair-week-workspace.component.scss',
         ╵             ~~~~~~~~~~~~~~~~~~~~~~~~~~~~~~~~~~~~~~~~~~~~~


> Changes detected. Rebuilding...
√ Changes detected. Rebuilding...
▲ [WARNING] NG8102: NG8102: The left side of this nullish coalescing operation does not include 'null' or 'undefined' in its type, therefore the '??' operator can be safely removed. Find more at https://v22.angular.dev/extended-diagnostics/NG8102 [plugin angular-compiler]

    src/app/templates/heist/restoration/weekly/restoration-week-workspace.component.html:24:141:
      24 │ ...startTime]="runtime.state().filmTimes[lesson()] ?? 0" (position...
         ╵                ~~~~~~~~~~~~~~~~~~~~~~~~~~~~~~~~~~~~~~~~

  Warning occurs in the template of component RestorationWeekWorkspaceComponent.

    src/app/templates/heist/restoration/weekly/restoration-week-workspace.component.ts:12:15:
      12 │   templateUrl: './restoration-week-workspace.component.html',
         ╵                ~~~~~~~~~~~~~~~~~~~~~~~~~~~~~~~~~~~~~~~~~~~~~


▲ [WARNING] NG8102: NG8102: The left side of this nullish coalescing operation does not include 'null' or 'undefined' in its type, therefore the '??' operator can be safely removed. Find more at https://v22.angular.dev/extended-diagnostics/NG8102 [plugin angular-compiler]

    src/app/templates/heist/restoration/weekly/restoration-week-workspace.component.html:60:492:
      60 │ ...ria-pressed]="(runtime.state().sources[work().id] ?? []).includ...
         ╵                ~~~~~~~~~~~~~~~~~~~~~~~~~~~~~~~~~~~~~~~~

  Warning occurs in the template of component RestorationWeekWorkspaceComponent.

    src/app/templates/heist/restoration/weekly/restoration-week-workspace.component.ts:12:15:
      12 │   templateUrl: './restoration-week-workspace.component.html',
         ╵                ~~~~~~~~~~~~~~~~~~~~~~~~~~~~~~~~~~~~~~~~~~~~~


▲ [WARNING] NG8102: NG8102: The left side of this nullish coalescing operation does not include 'null' or 'undefined' in its type, therefore the '??' operator can be safely removed. Find more at https://v22.angular.dev/extended-diagnostics/NG8102 [plugin angular-compiler]

    src/app/templates/heist/restoration/weekly/restoration-week-workspace.component.html:60:609:
      60 │ ...ource.id)">{{ (runtime.state().sources[work().id] ?? []).includ...
         ╵                ~~~~~~~~~~~~~~~~~~~~~~~~~~~~~~~~~~~~~~~~

  Warning occurs in the template of component RestorationWeekWorkspaceComponent.

    src/app/templates/heist/restoration/weekly/restoration-week-workspace.component.ts:12:15:
      12 │   templateUrl: './restoration-week-workspace.component.html',
         ╵                ~~~~~~~~~~~~~~~~~~~~~~~~~~~~~~~~~~~~~~~~~~~~~


▲ [WARNING] NG8113: TimeRepairWeekWorkspaceComponent is not used within the template of TimeRepairPageComponent [plugin angular-compiler]

    src/app/templates/time-repair/ui/time-repair-page.component.ts:25:12:
      25 │   imports: [TimeRepairWeekWorkspaceComponent, WorkspaceToolsCompon...
         ╵             ~~~~~~~~~~~~~~~~~~~~~~~~~~~~~~~~


▲ [WARNING] NG8113: WorkspaceToolsComponent is not used within the template of TimeRepairPageComponent [plugin angular-compiler]

    src/app/templates/time-repair/ui/time-repair-page.component.ts:25:46:
      25 │ ...WorkspaceComponent, WorkspaceToolsComponent,FormsModule, Router...
         ╵                        ~~~~~~~~~~~~~~~~~~~~~~~


▲ [WARNING] NG8113: RouterLink is not used within the template of TimeRepairPageComponent [plugin angular-compiler]

    src/app/templates/time-repair/ui/time-repair-page.component.ts:25:83:
      25 │ ...oolsComponent,FormsModule, RouterLink, TimeRepairInvestigationC...
         ╵                               ~~~~~~~~~~


▲ [WARNING] NG8113: TimeRepairInvestigationComponent is not used within the template of TimeRepairPageComponent [plugin angular-compiler]

    src/app/templates/time-repair/ui/time-repair-page.component.ts:25:95:
      25 │ ...le, RouterLink, TimeRepairInvestigationComponent, TimeRepairSce...
         ╵                    ~~~~~~~~~~~~~~~~~~~~~~~~~~~~~~~~


▲ [WARNING] NG8113: TimeRepairSceneComponent is not used within the template of TimeRepairPageComponent [plugin angular-compiler]

    src/app/templates/time-repair/ui/time-repair-page.component.ts:25:129:
      25 │ ...Link, TimeRepairInvestigationComponent, TimeRepairSceneComponent],
         ╵                                            ~~~~~~~~~~~~~~~~~~~~~~~~


X [ERROR] NG5002: Unclosed block "else" [plugin angular-compiler]

    src/app/templates/time-repair/ui/time-repair-page.component.html:3:2:
      3 │ } @else {
        ╵   ~~~~~~~

  Error occurs in the template of component TimeRepairPageComponent.

    src/app/templates/time-repair/ui/time-repair-page.component.ts:26:15:
      26 │   templateUrl: './time-repair-page.component.html',
         ╵                ~~~~~~~~~~~~~~~~~~~~~~~~~~~~~~~~~~~


X [ERROR] NG2008: Could not find stylesheet file './time-repair-week-activity.scss'. [plugin angular-compiler]

    src/app/templates/time-repair/ui/time-repair-week-scene.component.ts:7:68:
      7 │ ...cene.component.html', styleUrl: './time-repair-week-activity.scss',
        ╵                                    ~~~~~~~~~~~~~~~~~~~~~~~~~~~~~~~~~~


X [ERROR] NG2008: Could not find stylesheet file './time-repair-week-activity.scss'. [plugin angular-compiler]

    src/app/templates/time-repair/ui/time-repair-week-source.component.ts:11:12:
      11 │   styleUrl: './time-repair-week-activity.scss',
         ╵             ~~~~~~~~~~~~~~~~~~~~~~~~~~~~~~~~~~


X [ERROR] NG2008: Could not find stylesheet file './time-repair-week-activity.scss'. [plugin angular-compiler]

    src/app/templates/time-repair/ui/time-repair-week-timeline.component.ts:27:12:
      27 │   styleUrl: './time-repair-week-activity.scss', changeDetection: C...
         ╵             ~~~~~~~~~~~~~~~~~~~~~~~~~~~~~~~~~~


Application bundle generation failed. [37.441 seconds] - 2026-09-14T22:23:40.677Z

> Changes detected. Rebuilding...
√ Changes detected. Rebuilding...
▲ [WARNING] NG8102: NG8102: The left side of this nullish coalescing operation does not include 'null' or 'undefined' in its type, therefore the '??' operator can be safely removed. Find more at https://v22.angular.dev/extended-diagnostics/NG8102 [plugin angular-compiler]

    src/app/templates/heist/restoration/weekly/restoration-week-workspace.component.html:24:141:
      24 │ ...startTime]="runtime.state().filmTimes[lesson()] ?? 0" (position...
         ╵                ~~~~~~~~~~~~~~~~~~~~~~~~~~~~~~~~~~~~~~~~

  Warning occurs in the template of component RestorationWeekWorkspaceComponent.

    src/app/templates/heist/restoration/weekly/restoration-week-workspace.component.ts:12:15:
      12 │   templateUrl: './restoration-week-workspace.component.html',
         ╵                ~~~~~~~~~~~~~~~~~~~~~~~~~~~~~~~~~~~~~~~~~~~~~


▲ [WARNING] NG8102: NG8102: The left side of this nullish coalescing operation does not include 'null' or 'undefined' in its type, therefore the '??' operator can be safely removed. Find more at https://v22.angular.dev/extended-diagnostics/NG8102 [plugin angular-compiler]

    src/app/templates/heist/restoration/weekly/restoration-week-workspace.component.html:60:492:
      60 │ ...ria-pressed]="(runtime.state().sources[work().id] ?? []).includ...
         ╵                ~~~~~~~~~~~~~~~~~~~~~~~~~~~~~~~~~~~~~~~~

  Warning occurs in the template of component RestorationWeekWorkspaceComponent.

    src/app/templates/heist/restoration/weekly/restoration-week-workspace.component.ts:12:15:
      12 │   templateUrl: './restoration-week-workspace.component.html',
         ╵                ~~~~~~~~~~~~~~~~~~~~~~~~~~~~~~~~~~~~~~~~~~~~~


▲ [WARNING] NG8102: NG8102: The left side of this nullish coalescing operation does not include 'null' or 'undefined' in its type, therefore the '??' operator can be safely removed. Find more at https://v22.angular.dev/extended-diagnostics/NG8102 [plugin angular-compiler]

    src/app/templates/heist/restoration/weekly/restoration-week-workspace.component.html:60:609:
      60 │ ...ource.id)">{{ (runtime.state().sources[work().id] ?? []).includ...
         ╵                ~~~~~~~~~~~~~~~~~~~~~~~~~~~~~~~~~~~~~~~~

  Warning occurs in the template of component RestorationWeekWorkspaceComponent.

    src/app/templates/heist/restoration/weekly/restoration-week-workspace.component.ts:12:15:
      12 │   templateUrl: './restoration-week-workspace.component.html',
         ╵                ~~~~~~~~~~~~~~~~~~~~~~~~~~~~~~~~~~~~~~~~~~~~~


Application bundle generation failed. [26.991 seconds] - 2026-09-14T22:24:07.713Z

X [ERROR] NG2008: Could not find stylesheet file './time-repair-week-activity.scss'. [plugin angular-compiler]

    src/app/templates/time-repair/ui/time-repair-week-scene.component.ts:7:68:
      7 │ ...cene.component.html', styleUrl: './time-repair-week-activity.scss',
        ╵                                    ~~~~~~~~~~~~~~~~~~~~~~~~~~~~~~~~~~


X [ERROR] NG2008: Could not find stylesheet file './time-repair-week-activity.scss'. [plugin angular-compiler]

    src/app/templates/time-repair/ui/time-repair-week-source.component.ts:11:12:
      11 │   styleUrl: './time-repair-week-activity.scss',
         ╵             ~~~~~~~~~~~~~~~~~~~~~~~~~~~~~~~~~~


X [ERROR] NG2008: Could not find stylesheet file './time-repair-week-activity.scss'. [plugin angular-compiler]

    src/app/templates/time-repair/ui/time-repair-week-timeline.component.ts:27:12:
      27 │   styleUrl: './time-repair-week-activity.scss', changeDetection: C...
         ╵             ~~~~~~~~~~~~~~~~~~~~~~~~~~~~~~~~~~


> Changes detected. Rebuilding...
√ Changes detected. Rebuilding...
Application bundle generation failed. [10.318 seconds] - 2026-09-14T22:24:18.098Z

▲ [WARNING] NG8102: NG8102: The left side of this nullish coalescing operation does not include 'null' or 'undefined' in its type, therefore the '??' operator can be safely removed. Find more at https://v22.angular.dev/extended-diagnostics/NG8102 [plugin angular-compiler]

    src/app/templates/heist/restoration/weekly/restoration-week-workspace.component.html:24:141:
      24 │ ...startTime]="runtime.state().filmTimes[lesson()] ?? 0" (position...
         ╵                ~~~~~~~~~~~~~~~~~~~~~~~~~~~~~~~~~~~~~~~~

  Warning occurs in the template of component RestorationWeekWorkspaceComponent.

    src/app/templates/heist/restoration/weekly/restoration-week-workspace.component.ts:12:15:
      12 │   templateUrl: './restoration-week-workspace.component.html',
         ╵                ~~~~~~~~~~~~~~~~~~~~~~~~~~~~~~~~~~~~~~~~~~~~~


▲ [WARNING] NG8102: NG8102: The left side of this nullish coalescing operation does not include 'null' or 'undefined' in its type, therefore the '??' operator can be safely removed. Find more at https://v22.angular.dev/extended-diagnostics/NG8102 [plugin angular-compiler]

    src/app/templates/heist/restoration/weekly/restoration-week-workspace.component.html:60:492:
      60 │ ...ria-pressed]="(runtime.state().sources[work().id] ?? []).includ...
         ╵                ~~~~~~~~~~~~~~~~~~~~~~~~~~~~~~~~~~~~~~~~

  Warning occurs in the template of component RestorationWeekWorkspaceComponent.

    src/app/templates/heist/restoration/weekly/restoration-week-workspace.component.ts:12:15:
      12 │   templateUrl: './restoration-week-workspace.component.html',
         ╵                ~~~~~~~~~~~~~~~~~~~~~~~~~~~~~~~~~~~~~~~~~~~~~


▲ [WARNING] NG8102: NG8102: The left side of this nullish coalescing operation does not include 'null' or 'undefined' in its type, therefore the '??' operator can be safely removed. Find more at https://v22.angular.dev/extended-diagnostics/NG8102 [plugin angular-compiler]

    src/app/templates/heist/restoration/weekly/restoration-week-workspace.component.html:60:609:
      60 │ ...ource.id)">{{ (runtime.state().sources[work().id] ?? []).includ...
         ╵                ~~~~~~~~~~~~~~~~~~~~~~~~~~~~~~~~~~~~~~~~

  Warning occurs in the template of component RestorationWeekWorkspaceComponent.

    src/app/templates/heist/restoration/weekly/restoration-week-workspace.component.ts:12:15:
      12 │   templateUrl: './restoration-week-workspace.component.html',
         ╵                ~~~~~~~~~~~~~~~~~~~~~~~~~~~~~~~~~~~~~~~~~~~~~


X [ERROR] NG2008: Could not find stylesheet file './time-repair-week-activity.scss'. [plugin angular-compiler]

    src/app/templates/time-repair/ui/time-repair-week-scene.component.ts:7:68:
      7 │ ...cene.component.html', styleUrl: './time-repair-week-activity.scss',
        ╵                                    ~~~~~~~~~~~~~~~~~~~~~~~~~~~~~~~~~~


X [ERROR] NG2008: Could not find stylesheet file './time-repair-week-activity.scss'. [plugin angular-compiler]

    src/app/templates/time-repair/ui/time-repair-week-source.component.ts:11:12:
      11 │   styleUrl: './time-repair-week-activity.scss',
         ╵             ~~~~~~~~~~~~~~~~~~~~~~~~~~~~~~~~~~


X [ERROR] NG2008: Could not find stylesheet file './time-repair-week-activity.scss'. [plugin angular-compiler]

    src/app/templates/time-repair/ui/time-repair-week-timeline.component.ts:27:12:
      27 │   styleUrl: './time-repair-week-activity.scss', changeDetection: C...
         ╵             ~~~~~~~~~~~~~~~~~~~~~~~~~~~~~~~~~~


> Changes detected. Rebuilding...
√ Changes detected. Rebuilding...
▲ [WARNING] NG8102: NG8102: The left side of this nullish coalescing operation does not include 'null' or 'undefined' in its type, therefore the '??' operator can be safely removed. Find more at https://v22.angular.dev/extended-diagnostics/NG8102 [plugin angular-compiler]

    src/app/templates/heist/restoration/weekly/restoration-week-workspace.component.html:24:141:
      24 │ ...startTime]="runtime.state().filmTimes[lesson()] ?? 0" (position...
         ╵                ~~~~~~~~~~~~~~~~~~~~~~~~~~~~~~~~~~~~~~~~

  Warning occurs in the template of component RestorationWeekWorkspaceComponent.

    src/app/templates/heist/restoration/weekly/restoration-week-workspace.component.ts:12:15:
      12 │   templateUrl: './restoration-week-workspace.component.html',
         ╵                ~~~~~~~~~~~~~~~~~~~~~~~~~~~~~~~~~~~~~~~~~~~~~


Application bundle generation failed. [167.723 seconds] - 2026-09-14T23:05:22.244Z

▲ [WARNING] NG8102: NG8102: The left side of this nullish coalescing operation does not include 'null' or 'undefined' in its type, therefore the '??' operator can be safely removed. Find more at https://v22.angular.dev/extended-diagnostics/NG8102 [plugin angular-compiler]

    src/app/templates/heist/restoration/weekly/restoration-week-workspace.component.html:60:492:
      60 │ ...ria-pressed]="(runtime.state().sources[work().id] ?? []).includ...
         ╵                ~~~~~~~~~~~~~~~~~~~~~~~~~~~~~~~~~~~~~~~~

  Warning occurs in the template of component RestorationWeekWorkspaceComponent.

    src/app/templates/heist/restoration/weekly/restoration-week-workspace.component.ts:12:15:
      12 │   templateUrl: './restoration-week-workspace.component.html',
         ╵                ~~~~~~~~~~~~~~~~~~~~~~~~~~~~~~~~~~~~~~~~~~~~~


▲ [WARNING] NG8102: NG8102: The left side of this nullish coalescing operation does not include 'null' or 'undefined' in its type, therefore the '??' operator can be safely removed. Find more at https://v22.angular.dev/extended-diagnostics/NG8102 [plugin angular-compiler]

    src/app/templates/heist/restoration/weekly/restoration-week-workspace.component.html:60:609:
      60 │ ...ource.id)">{{ (runtime.state().sources[work().id] ?? []).includ...
         ╵                ~~~~~~~~~~~~~~~~~~~~~~~~~~~~~~~~~~~~~~~~

  Warning occurs in the template of component RestorationWeekWorkspaceComponent.

    src/app/templates/heist/restoration/weekly/restoration-week-workspace.component.ts:12:15:
      12 │   templateUrl: './restoration-week-workspace.component.html',
         ╵                ~~~~~~~~~~~~~~~~~~~~~~~~~~~~~~~~~~~~~~~~~~~~~


X [ERROR] NG2008: Could not find stylesheet file './time-repair-week-activity.scss'. [plugin angular-compiler]

    src/app/templates/time-repair/ui/time-repair-week-scene.component.ts:7:68:
      7 │ ...cene.component.html', styleUrl: './time-repair-week-activity.scss',
        ╵                                    ~~~~~~~~~~~~~~~~~~~~~~~~~~~~~~~~~~


X [ERROR] NG2008: Could not find stylesheet file './time-repair-week-activity.scss'. [plugin angular-compiler]

    src/app/templates/time-repair/ui/time-repair-week-source.component.ts:11:12:
      11 │   styleUrl: './time-repair-week-activity.scss',
         ╵             ~~~~~~~~~~~~~~~~~~~~~~~~~~~~~~~~~~


X [ERROR] NG2008: Could not find stylesheet file './time-repair-week-activity.scss'. [plugin angular-compiler]

    src/app/templates/time-repair/ui/time-repair-week-timeline.component.ts:27:12:
      27 │   styleUrl: './time-repair-week-activity.scss', changeDetection: C...
         ╵             ~~~~~~~~~~~~~~~~~~~~~~~~~~~~~~~~~~


> Changes detected. Rebuilding...
√ Changes detected. Rebuilding...
Application bundle generation failed. [51.851 seconds] - 2026-09-14T23:10:33.132Z

▲ [WARNING] NG8102: NG8102: The left side of this nullish coalescing operation does not include 'null' or 'undefined' in its type, therefore the '??' operator can be safely removed. Find more at https://v22.angular.dev/extended-diagnostics/NG8102 [plugin angular-compiler]

    src/app/templates/heist/restoration/weekly/restoration-week-workspace.component.html:24:141:
      24 │ ...startTime]="runtime.state().filmTimes[lesson()] ?? 0" (position...
         ╵                ~~~~~~~~~~~~~~~~~~~~~~~~~~~~~~~~~~~~~~~~

  Warning occurs in the template of component RestorationWeekWorkspaceComponent.

    src/app/templates/heist/restoration/weekly/restoration-week-workspace.component.ts:12:15:
      12 │   templateUrl: './restoration-week-workspace.component.html',
         ╵                ~~~~~~~~~~~~~~~~~~~~~~~~~~~~~~~~~~~~~~~~~~~~~


▲ [WARNING] NG8102: NG8102: The left side of this nullish coalescing operation does not include 'null' or 'undefined' in its type, therefore the '??' operator can be safely removed. Find more at https://v22.angular.dev/extended-diagnostics/NG8102 [plugin angular-compiler]

    src/app/templates/heist/restoration/weekly/restoration-week-workspace.component.html:60:492:
      60 │ ...ria-pressed]="(runtime.state().sources[work().id] ?? []).includ...
         ╵                ~~~~~~~~~~~~~~~~~~~~~~~~~~~~~~~~~~~~~~~~

  Warning occurs in the template of component RestorationWeekWorkspaceComponent.

    src/app/templates/heist/restoration/weekly/restoration-week-workspace.component.ts:12:15:
      12 │   templateUrl: './restoration-week-workspace.component.html',
         ╵                ~~~~~~~~~~~~~~~~~~~~~~~~~~~~~~~~~~~~~~~~~~~~~


▲ [WARNING] NG8102: NG8102: The left side of this nullish coalescing operation does not include 'null' or 'undefined' in its type, therefore the '??' operator can be safely removed. Find more at https://v22.angular.dev/extended-diagnostics/NG8102 [plugin angular-compiler]

    src/app/templates/heist/restoration/weekly/restoration-week-workspace.component.html:60:609:
      60 │ ...ource.id)">{{ (runtime.state().sources[work().id] ?? []).includ...
         ╵                ~~~~~~~~~~~~~~~~~~~~~~~~~~~~~~~~~~~~~~~~

  Warning occurs in the template of component RestorationWeekWorkspaceComponent.

    src/app/templates/heist/restoration/weekly/restoration-week-workspace.component.ts:12:15:
      12 │   templateUrl: './restoration-week-workspace.component.html',
         ╵                ~~~~~~~~~~~~~~~~~~~~~~~~~~~~~~~~~~~~~~~~~~~~~


X [ERROR] NG2008: Could not find stylesheet file './time-repair-week-activity.scss'. [plugin angular-compiler]

    src/app/templates/time-repair/ui/time-repair-week-scene.component.ts:7:68:
      7 │ ...cene.component.html', styleUrl: './time-repair-week-activity.scss',
        ╵                                    ~~~~~~~~~~~~~~~~~~~~~~~~~~~~~~~~~~


X [ERROR] NG2008: Could not find stylesheet file './time-repair-week-activity.scss'. [plugin angular-compiler]

    src/app/templates/time-repair/ui/time-repair-week-source.component.ts:11:12:
      11 │   styleUrl: './time-repair-week-activity.scss',
         ╵             ~~~~~~~~~~~~~~~~~~~~~~~~~~~~~~~~~~


X [ERROR] NG2008: Could not find stylesheet file './time-repair-week-activity.scss'. [plugin angular-compiler]

    src/app/templates/time-repair/ui/time-repair-week-timeline.component.ts:27:12:
      27 │   styleUrl: './time-repair-week-activity.scss', changeDetection: C...
         ╵             ~~~~~~~~~~~~~~~~~~~~~~~~~~~~~~~~~~


> Changes detected. Rebuilding...
√ Changes detected. Rebuilding...
Application bundle generation failed. [37.447 seconds] - 2026-09-14T23:11:11.882Z
▲ [WARNING] NG8102: NG8102: The left side of this nullish coalescing operation does not include 'null' or 'undefined' in its type, therefore the '??' operator can be safely removed. Find more at https://v22.angular.dev/extended-diagnostics/NG8102 [plugin angular-compiler]

    src/app/templates/heist/restoration/weekly/restoration-week-workspace.component.html:24:141:
      24 │ ...startTime]="runtime.state().filmTimes[lesson()] ?? 0" (position...
         ╵                ~~~~~~~~~~~~~~~~~~~~~~~~~~~~~~~~~~~~~~~~

  Warning occurs in the template of component RestorationWeekWorkspaceComponent.

    src/app/templates/heist/restoration/weekly/restoration-week-workspace.component.ts:12:15:
      12 │   templateUrl: './restoration-week-workspace.component.html',
         ╵                ~~~~~~~~~~~~~~~~~~~~~~~~~~~~~~~~~~~~~~~~~~~~~


▲ [WARNING] NG8102: NG8102: The left side of this nullish coalescing operation does not include 'null' or 'undefined' in its type, therefore the '??' operator can be safely removed. Find more at https://v22.angular.dev/extended-diagnostics/NG8102 [plugin angular-compiler]

    src/app/templates/heist/restoration/weekly/restoration-week-workspace.component.html:60:492:
      60 │ ...ria-pressed]="(runtime.state().sources[work().id] ?? []).includ...
         ╵                ~~~~~~~~~~~~~~~~~~~~~~~~~~~~~~~~~~~~~~~~

  Warning occurs in the template of component RestorationWeekWorkspaceComponent.

    src/app/templates/heist/restoration/weekly/restoration-week-workspace.component.ts:12:15:
      12 │   templateUrl: './restoration-week-workspace.component.html',
         ╵                ~~~~~~~~~~~~~~~~~~~~~~~~~~~~~~~~~~~~~~~~~~~~~


▲ [WARNING] NG8102: NG8102: The left side of this nullish coalescing operation does not include 'null' or 'undefined' in its type, therefore the '??' operator can be safely removed. Find more at https://v22.angular.dev/extended-diagnostics/NG8102 [plugin angular-compiler]

    src/app/templates/heist/restoration/weekly/restoration-week-workspace.component.html:60:609:
      60 │ ...ource.id)">{{ (runtime.state().sources[work().id] ?? []).includ...
         ╵                ~~~~~~~~~~~~~~~~~~~~~~~~~~~~~~~~~~~~~~~~

  Warning occurs in the template of component RestorationWeekWorkspaceComponent.

    src/app/templates/heist/restoration/weekly/restoration-week-workspace.component.ts:12:15:
      12 │   templateUrl: './restoration-week-workspace.component.html',
         ╵                ~~~~~~~~~~~~~~~~~~~~~~~~~~~~~~~~~~~~~~~~~~~~~


X [ERROR] NG2008: Could not find stylesheet file './time-repair-week-activity.scss'. [plugin angular-compiler]

    src/app/templates/time-repair/ui/time-repair-week-scene.component.ts:7:68:
      7 │ ...cene.component.html', styleUrl: './time-repair-week-activity.scss',
        ╵                                    ~~~~~~~~~~~~~~~~~~~~~~~~~~~~~~~~~~


X [ERROR] NG2008: Could not find stylesheet file './time-repair-week-activity.scss'. [plugin angular-compiler]

    src/app/templates/time-repair/ui/time-repair-week-source.component.ts:11:12:
      11 │   styleUrl: './time-repair-week-activity.scss',
         ╵             ~~~~~~~~~~~~~~~~~~~~~~~~~~~~~~~~~~



> Changes detected. Rebuilding...
√ Changes detected. Rebuilding...
Application bundle generation failed. [3.745 seconds] - 2026-09-14T23:12:10.541Z

▲ [WARNING] NG8102: NG8102: The left side of this nullish coalescing operation does not include 'null' or 'undefined' in its type, therefore the '??' operator can be safely removed. Find more at https://v22.angular.dev/extended-diagnostics/NG8102 [plugin angular-compiler]

    src/app/templates/heist/restoration/weekly/restoration-week-workspace.component.html:24:141:
      24 │ ...startTime]="runtime.state().filmTimes[lesson()] ?? 0" (position...
         ╵                ~~~~~~~~~~~~~~~~~~~~~~~~~~~~~~~~~~~~~~~~

  Warning occurs in the template of component RestorationWeekWorkspaceComponent.

    src/app/templates/heist/restoration/weekly/restoration-week-workspace.component.ts:12:15:
      12 │   templateUrl: './restoration-week-workspace.component.html',
         ╵                ~~~~~~~~~~~~~~~~~~~~~~~~~~~~~~~~~~~~~~~~~~~~~


▲ [WARNING] NG8102: NG8102: The left side of this nullish coalescing operation does not include 'null' or 'undefined' in its type, therefore the '??' operator can be safely removed. Find more at https://v22.angular.dev/extended-diagnostics/NG8102 [plugin angular-compiler]

    src/app/templates/heist/restoration/weekly/restoration-week-workspace.component.html:60:492:
      60 │ ...ria-pressed]="(runtime.state().sources[work().id] ?? []).includ...
         ╵                ~~~~~~~~~~~~~~~~~~~~~~~~~~~~~~~~~~~~~~~~

  Warning occurs in the template of component RestorationWeekWorkspaceComponent.

    src/app/templates/heist/restoration/weekly/restoration-week-workspace.component.ts:12:15:
      12 │   templateUrl: './restoration-week-workspace.component.html',
         ╵                ~~~~~~~~~~~~~~~~~~~~~~~~~~~~~~~~~~~~~~~~~~~~~


▲ [WARNING] NG8102: NG8102: The left side of this nullish coalescing operation does not include 'null' or 'undefined' in its type, therefore the '??' operator can be safely removed. Find more at https://v22.angular.dev/extended-diagnostics/NG8102 [plugin angular-compiler]

    src/app/templates/heist/restoration/weekly/restoration-week-workspace.component.html:60:609:
      60 │ ...ource.id)">{{ (runtime.state().sources[work().id] ?? []).includ...
         ╵                ~~~~~~~~~~~~~~~~~~~~~~~~~~~~~~~~~~~~~~~~

  Warning occurs in the template of component RestorationWeekWorkspaceComponent.

    src/app/templates/heist/restoration/weekly/restoration-week-workspace.component.ts:12:15:
      12 │   templateUrl: './restoration-week-workspace.component.html',
         ╵                ~~~~~~~~~~~~~~~~~~~~~~~~~~~~~~~~~~~~~~~~~~~~~


X [ERROR] NG2008: Could not find stylesheet file './time-repair-week-activity.scss'. [plugin angular-compiler]

    src/app/templates/time-repair/ui/time-repair-week-scene.component.ts:7:68:
      7 │ ...cene.component.html', styleUrl: './time-repair-week-activity.scss',
        ╵                                    ~~~~~~~~~~~~~~~~~~~~~~~~~~~~~~~~~~


X [ERROR] NG2008: Could not find stylesheet file './time-repair-week-activity.scss'. [plugin angular-compiler]

    src/app/templates/time-repair/ui/time-repair-week-source.component.ts:11:12:
      11 │   styleUrl: './time-repair-week-activity.scss',
         ╵             ~~~~~~~~~~~~~~~~~~~~~~~~~~~~~~~~~~


> Changes detected. Rebuilding...
√ Changes detected. Rebuilding...
Application bundle generation failed. [3.414 seconds] - 2026-09-14T23:12:14.048Z

▲ [WARNING] NG8102: NG8102: The left side of this nullish coalescing operation does not include 'null' or 'undefined' in its type, therefore the '??' operator can be safely removed. Find more at https://v22.angular.dev/extended-diagnostics/NG8102 [plugin angular-compiler]

    src/app/templates/heist/restoration/weekly/restoration-week-workspace.component.html:24:141:
      24 │ ...startTime]="runtime.state().filmTimes[lesson()] ?? 0" (position...
         ╵                ~~~~~~~~~~~~~~~~~~~~~~~~~~~~~~~~~~~~~~~~

  Warning occurs in the template of component RestorationWeekWorkspaceComponent.

    src/app/templates/heist/restoration/weekly/restoration-week-workspace.component.ts:12:15:
      12 │   templateUrl: './restoration-week-workspace.component.html',
         ╵                ~~~~~~~~~~~~~~~~~~~~~~~~~~~~~~~~~~~~~~~~~~~~~


▲ [WARNING] NG8102: NG8102: The left side of this nullish coalescing operation does not include 'null' or 'undefined' in its type, therefore the '??' operator can be safely removed. Find more at https://v22.angular.dev/extended-diagnostics/NG8102 [plugin angular-compiler]

    src/app/templates/heist/restoration/weekly/restoration-week-workspace.component.html:60:492:
      60 │ ...ria-pressed]="(runtime.state().sources[work().id] ?? []).includ...
         ╵                ~~~~~~~~~~~~~~~~~~~~~~~~~~~~~~~~~~~~~~~~

  Warning occurs in the template of component RestorationWeekWorkspaceComponent.

    src/app/templates/heist/restoration/weekly/restoration-week-workspace.component.ts:12:15:
      12 │   templateUrl: './restoration-week-workspace.component.html',
         ╵                ~~~~~~~~~~~~~~~~~~~~~~~~~~~~~~~~~~~~~~~~~~~~~


▲ [WARNING] NG8102: NG8102: The left side of this nullish coalescing operation does not include 'null' or 'undefined' in its type, therefore the '??' operator can be safely removed. Find more at https://v22.angular.dev/extended-diagnostics/NG8102 [plugin angular-compiler]

    src/app/templates/heist/restoration/weekly/restoration-week-workspace.component.html:60:609:
      60 │ ...ource.id)">{{ (runtime.state().sources[work().id] ?? []).includ...
         ╵                ~~~~~~~~~~~~~~~~~~~~~~~~~~~~~~~~~~~~~~~~

  Warning occurs in the template of component RestorationWeekWorkspaceComponent.

    src/app/templates/heist/restoration/weekly/restoration-week-workspace.component.ts:12:15:
      12 │   templateUrl: './restoration-week-workspace.component.html',
         ╵                ~~~~~~~~~~~~~~~~~~~~~~~~~~~~~~~~~~~~~~~~~~~~~


X [ERROR] NG2008: Could not find stylesheet file './time-repair-week-activity.scss'. [plugin angular-compiler]

    src/app/templates/time-repair/ui/time-repair-week-scene.component.ts:7:68:
      7 │ ...cene.component.html', styleUrl: './time-repair-week-activity.scss',
        ╵                                    ~~~~~~~~~~~~~~~~~~~~~~~~~~~~~~~~~~


X [ERROR] NG2008: Could not find stylesheet file './time-repair-week-activity.scss'. [plugin angular-compiler]

    src/app/templates/time-repair/ui/time-repair-week-source.component.ts:11:12:
      11 │   styleUrl: './time-repair-week-activity.scss',
         ╵             ~~~~~~~~~~~~~~~~~~~~~~~~~~~~~~~~~~


> Changes detected. Rebuilding...
√ Changes detected. Rebuilding...
Application bundle generation failed. [2.199 seconds] - 2026-09-14T23:12:34.371Z

▲ [WARNING] NG8102: NG8102: The left side of this nullish coalescing operation does not include 'null' or 'undefined' in its type, therefore the '??' operator can be safely removed. Find more at https://v22.angular.dev/extended-diagnostics/NG8102 [plugin angular-compiler]

    src/app/templates/heist/restoration/weekly/restoration-week-workspace.component.html:24:141:
      24 │ ...startTime]="runtime.state().filmTimes[lesson()] ?? 0" (position...
         ╵                ~~~~~~~~~~~~~~~~~~~~~~~~~~~~~~~~~~~~~~~~

  Warning occurs in the template of component RestorationWeekWorkspaceComponent.

    src/app/templates/heist/restoration/weekly/restoration-week-workspace.component.ts:12:15:
      12 │   templateUrl: './restoration-week-workspace.component.html',
         ╵                ~~~~~~~~~~~~~~~~~~~~~~~~~~~~~~~~~~~~~~~~~~~~~


▲ [WARNING] NG8102: NG8102: The left side of this nullish coalescing operation does not include 'null' or 'undefined' in its type, therefore the '??' operator can be safely removed. Find more at https://v22.angular.dev/extended-diagnostics/NG8102 [plugin angular-compiler]

    src/app/templates/heist/restoration/weekly/restoration-week-workspace.component.html:60:492:
      60 │ ...ria-pressed]="(runtime.state().sources[work().id] ?? []).includ...
         ╵                ~~~~~~~~~~~~~~~~~~~~~~~~~~~~~~~~~~~~~~~~

  Warning occurs in the template of component RestorationWeekWorkspaceComponent.

    src/app/templates/heist/restoration/weekly/restoration-week-workspace.component.ts:12:15:
      12 │   templateUrl: './restoration-week-workspace.component.html',
         ╵                ~~~~~~~~~~~~~~~~~~~~~~~~~~~~~~~~~~~~~~~~~~~~~


▲ [WARNING] NG8102: NG8102: The left side of this nullish coalescing operation does not include 'null' or 'undefined' in its type, therefore the '??' operator can be safely removed. Find more at https://v22.angular.dev/extended-diagnostics/NG8102 [plugin angular-compiler]

    src/app/templates/heist/restoration/weekly/restoration-week-workspace.component.html:60:609:
      60 │ ...ource.id)">{{ (runtime.state().sources[work().id] ?? []).includ...
         ╵                ~~~~~~~~~~~~~~~~~~~~~~~~~~~~~~~~~~~~~~~~

  Warning occurs in the template of component RestorationWeekWorkspaceComponent.

    src/app/templates/heist/restoration/weekly/restoration-week-workspace.component.ts:12:15:
      12 │   templateUrl: './restoration-week-workspace.component.html',
         ╵                ~~~~~~~~~~~~~~~~~~~~~~~~~~~~~~~~~~~~~~~~~~~~~


X [ERROR] NG2008: Could not find stylesheet file './time-repair-week-activity.scss'. [plugin angular-compiler]

    src/app/templates/time-repair/ui/time-repair-week-scene.component.ts:7:68:
      7 │ ...cene.component.html', styleUrl: './time-repair-week-activity.scss',
        ╵                                    ~~~~~~~~~~~~~~~~~~~~~~~~~~~~~~~~~~


X [ERROR] NG2008: Could not find stylesheet file './time-repair-week-activity.scss'. [plugin angular-compiler]

    src/app/templates/time-repair/ui/time-repair-week-source.component.ts:11:12:
      11 │   styleUrl: './time-repair-week-activity.scss',
         ╵             ~~~~~~~~~~~~~~~~~~~~~~~~~~~~~~~~~~


> Changes detected. Rebuilding...
√ Changes detected. Rebuilding...
Application bundle generation failed. [1.787 seconds] - 2026-09-14T23:12:36.172Z

▲ [WARNING] NG8102: NG8102: The left side of this nullish coalescing operation does not include 'null' or 'undefined' in its type, therefore the '??' operator can be safely removed. Find more at https://v22.angular.dev/extended-diagnostics/NG8102 [plugin angular-compiler]

    src/app/templates/heist/restoration/weekly/restoration-week-workspace.component.html:24:141:
      24 │ ...startTime]="runtime.state().filmTimes[lesson()] ?? 0" (position...
         ╵                ~~~~~~~~~~~~~~~~~~~~~~~~~~~~~~~~~~~~~~~~

  Warning occurs in the template of component RestorationWeekWorkspaceComponent.

    src/app/templates/heist/restoration/weekly/restoration-week-workspace.component.ts:12:15:
      12 │   templateUrl: './restoration-week-workspace.component.html',
         ╵                ~~~~~~~~~~~~~~~~~~~~~~~~~~~~~~~~~~~~~~~~~~~~~


▲ [WARNING] NG8102: NG8102: The left side of this nullish coalescing operation does not include 'null' or 'undefined' in its type, therefore the '??' operator can be safely removed. Find more at https://v22.angular.dev/extended-diagnostics/NG8102 [plugin angular-compiler]

    src/app/templates/heist/restoration/weekly/restoration-week-workspace.component.html:60:492:
      60 │ ...ria-pressed]="(runtime.state().sources[work().id] ?? []).includ...
         ╵                ~~~~~~~~~~~~~~~~~~~~~~~~~~~~~~~~~~~~~~~~

  Warning occurs in the template of component RestorationWeekWorkspaceComponent.

    src/app/templates/heist/restoration/weekly/restoration-week-workspace.component.ts:12:15:
      12 │   templateUrl: './restoration-week-workspace.component.html',
         ╵                ~~~~~~~~~~~~~~~~~~~~~~~~~~~~~~~~~~~~~~~~~~~~~


▲ [WARNING] NG8102: NG8102: The left side of this nullish coalescing operation does not include 'null' or 'undefined' in its type, therefore the '??' operator can be safely removed. Find more at https://v22.angular.dev/extended-diagnostics/NG8102 [plugin angular-compiler]

    src/app/templates/heist/restoration/weekly/restoration-week-workspace.component.html:60:609:
      60 │ ...ource.id)">{{ (runtime.state().sources[work().id] ?? []).includ...
         ╵                ~~~~~~~~~~~~~~~~~~~~~~~~~~~~~~~~~~~~~~~~

  Warning occurs in the template of component RestorationWeekWorkspaceComponent.

    src/app/templates/heist/restoration/weekly/restoration-week-workspace.component.ts:12:15:
      12 │   templateUrl: './restoration-week-workspace.component.html',
         ╵                ~~~~~~~~~~~~~~~~~~~~~~~~~~~~~~~~~~~~~~~~~~~~~


X [ERROR] NG2008: Could not find stylesheet file './time-repair-week-activity.scss'. [plugin angular-compiler]

    src/app/templates/time-repair/ui/time-repair-week-scene.component.ts:7:68:
      7 │ ...cene.component.html', styleUrl: './time-repair-week-activity.scss',
        ╵                                    ~~~~~~~~~~~~~~~~~~~~~~~~~~~~~~~~~~


X [ERROR] NG2008: Could not find stylesheet file './time-repair-week-activity.scss'. [plugin angular-compiler]

    src/app/templates/time-repair/ui/time-repair-week-source.component.ts:11:12:
      11 │   styleUrl: './time-repair-week-activity.scss',
         ╵             ~~~~~~~~~~~~~~~~~~~~~~~~~~~~~~~~~~


> Changes detected. Rebuilding...
√ Changes detected. Rebuilding...
Application bundle generation failed. [1.352 seconds] - 2026-09-14T23:12:38.526Z

▲ [WARNING] NG8102: NG8102: The left side of this nullish coalescing operation does not include 'null' or 'undefined' in its type, therefore the '??' operator can be safely removed. Find more at https://v22.angular.dev/extended-diagnostics/NG8102 [plugin angular-compiler]

    src/app/templates/heist/restoration/weekly/restoration-week-workspace.component.html:24:141:
      24 │ ...startTime]="runtime.state().filmTimes[lesson()] ?? 0" (position...
         ╵                ~~~~~~~~~~~~~~~~~~~~~~~~~~~~~~~~~~~~~~~~

  Warning occurs in the template of component RestorationWeekWorkspaceComponent.

    src/app/templates/heist/restoration/weekly/restoration-week-workspace.component.ts:12:15:
      12 │   templateUrl: './restoration-week-workspace.component.html',
         ╵                ~~~~~~~~~~~~~~~~~~~~~~~~~~~~~~~~~~~~~~~~~~~~~


▲ [WARNING] NG8102: NG8102: The left side of this nullish coalescing operation does not include 'null' or 'undefined' in its type, therefore the '??' operator can be safely removed. Find more at https://v22.angular.dev/extended-diagnostics/NG8102 [plugin angular-compiler]

    src/app/templates/heist/restoration/weekly/restoration-week-workspace.component.html:60:492:
      60 │ ...ria-pressed]="(runtime.state().sources[work().id] ?? []).includ...
         ╵                ~~~~~~~~~~~~~~~~~~~~~~~~~~~~~~~~~~~~~~~~

  Warning occurs in the template of component RestorationWeekWorkspaceComponent.

    src/app/templates/heist/restoration/weekly/restoration-week-workspace.component.ts:12:15:
      12 │   templateUrl: './restoration-week-workspace.component.html',
         ╵                ~~~~~~~~~~~~~~~~~~~~~~~~~~~~~~~~~~~~~~~~~~~~~


▲ [WARNING] NG8102: NG8102: The left side of this nullish coalescing operation does not include 'null' or 'undefined' in its type, therefore the '??' operator can be safely removed. Find more at https://v22.angular.dev/extended-diagnostics/NG8102 [plugin angular-compiler]

    src/app/templates/heist/restoration/weekly/restoration-week-workspace.component.html:60:609:
      60 │ ...ource.id)">{{ (runtime.state().sources[work().id] ?? []).includ...
         ╵                ~~~~~~~~~~~~~~~~~~~~~~~~~~~~~~~~~~~~~~~~

  Warning occurs in the template of component RestorationWeekWorkspaceComponent.

    src/app/templates/heist/restoration/weekly/restoration-week-workspace.component.ts:12:15:
      12 │   templateUrl: './restoration-week-workspace.component.html',
         ╵                ~~~~~~~~~~~~~~~~~~~~~~~~~~~~~~~~~~~~~~~~~~~~~


X [ERROR] NG2008: Could not find stylesheet file './time-repair-week-activity.scss'. [plugin angular-compiler]

    src/app/templates/time-repair/ui/time-repair-week-scene.component.ts:7:68:
      7 │ ...cene.component.html', styleUrl: './time-repair-week-activity.scss',
        ╵                                    ~~~~~~~~~~~~~~~~~~~~~~~~~~~~~~~~~~


X [ERROR] NG2008: Could not find stylesheet file './time-repair-week-activity.scss'. [plugin angular-compiler]

    src/app/templates/time-repair/ui/time-repair-week-source.component.ts:11:12:
      11 │   styleUrl: './time-repair-week-activity.scss',
         ╵             ~~~~~~~~~~~~~~~~~~~~~~~~~~~~~~~~~~


> Changes detected. Rebuilding...
√ Changes detected. Rebuilding...
Application bundle generation failed. [4.684 seconds] - 2026-09-14T23:13:03.960Z

▲ [WARNING] NG8102: NG8102: The left side of this nullish coalescing operation does not include 'null' or 'undefined' in its type, therefore the '??' operator can be safely removed. Find more at https://v22.angular.dev/extended-diagnostics/NG8102 [plugin angular-compiler]

    src/app/templates/heist/restoration/weekly/restoration-week-workspace.component.html:24:141:
      24 │ ...startTime]="runtime.state().filmTimes[lesson()] ?? 0" (position...
         ╵                ~~~~~~~~~~~~~~~~~~~~~~~~~~~~~~~~~~~~~~~~

  Warning occurs in the template of component RestorationWeekWorkspaceComponent.

    src/app/templates/heist/restoration/weekly/restoration-week-workspace.component.ts:12:15:
      12 │   templateUrl: './restoration-week-workspace.component.html',
         ╵                ~~~~~~~~~~~~~~~~~~~~~~~~~~~~~~~~~~~~~~~~~~~~~


▲ [WARNING] NG8102: NG8102: The left side of this nullish coalescing operation does not include 'null' or 'undefined' in its type, therefore the '??' operator can be safely removed. Find more at https://v22.angular.dev/extended-diagnostics/NG8102 [plugin angular-compiler]

    src/app/templates/heist/restoration/weekly/restoration-week-workspace.component.html:60:492:
      60 │ ...ria-pressed]="(runtime.state().sources[work().id] ?? []).includ...
         ╵                ~~~~~~~~~~~~~~~~~~~~~~~~~~~~~~~~~~~~~~~~

  Warning occurs in the template of component RestorationWeekWorkspaceComponent.

    src/app/templates/heist/restoration/weekly/restoration-week-workspace.component.ts:12:15:
      12 │   templateUrl: './restoration-week-workspace.component.html',
         ╵                ~~~~~~~~~~~~~~~~~~~~~~~~~~~~~~~~~~~~~~~~~~~~~


▲ [WARNING] NG8102: NG8102: The left side of this nullish coalescing operation does not include 'null' or 'undefined' in its type, therefore the '??' operator can be safely removed. Find more at https://v22.angular.dev/extended-diagnostics/NG8102 [plugin angular-compiler]

    src/app/templates/heist/restoration/weekly/restoration-week-workspace.component.html:60:609:
      60 │ ...ource.id)">{{ (runtime.state().sources[work().id] ?? []).includ...
         ╵                ~~~~~~~~~~~~~~~~~~~~~~~~~~~~~~~~~~~~~~~~

  Warning occurs in the template of component RestorationWeekWorkspaceComponent.

    src/app/templates/heist/restoration/weekly/restoration-week-workspace.component.ts:12:15:
      12 │   templateUrl: './restoration-week-workspace.component.html',
         ╵                ~~~~~~~~~~~~~~~~~~~~~~~~~~~~~~~~~~~~~~~~~~~~~


X [ERROR] NG2008: Could not find stylesheet file './time-repair-week-activity.scss'. [plugin angular-compiler]

    src/app/templates/time-repair/ui/time-repair-week-scene.component.ts:7:68:
      7 │ ...cene.component.html', styleUrl: './time-repair-week-activity.scss',
        ╵                                    ~~~~~~~~~~~~~~~~~~~~~~~~~~~~~~~~~~


X [ERROR] NG2008: Could not find stylesheet file './time-repair-week-activity.scss'. [plugin angular-compiler]

    src/app/templates/time-repair/ui/time-repair-week-source.component.ts:11:12:
      11 │   styleUrl: './time-repair-week-activity.scss',
         ╵             ~~~~~~~~~~~~~~~~~~~~~~~~~~~~~~~~~~


> Changes detected. Rebuilding...
√ Changes detected. Rebuilding...
Application bundle generation failed. [3.245 seconds] - 2026-09-14T23:13:07.258Z

X [ERROR] NG2008: Could not find stylesheet file './time-repair-week-activity.scss'. [plugin angular-compiler]

    src/app/templates/time-repair/ui/time-repair-week-scene.component.ts:7:68:
      7 │ ...cene.component.html', styleUrl: './time-repair-week-activity.scss',
        ╵                                    ~~~~~~~~~~~~~~~~~~~~~~~~~~~~~~~~~~


X [ERROR] NG2008: Could not find stylesheet file './time-repair-week-activity.scss'. [plugin angular-compiler]

    src/app/templates/time-repair/ui/time-repair-week-source.component.ts:11:12:
      11 │   styleUrl: './time-repair-week-activity.scss',
         ╵             ~~~~~~~~~~~~~~~~~~~~~~~~~~~~~~~~~~


> Changes detected. Rebuilding...
√ Changes detected. Rebuilding...
Application bundle generation failed. [2.031 seconds] - 2026-09-14T23:14:48.837Z

X [ERROR] NG2008: Could not find stylesheet file './time-repair-week-activity.scss'. [plugin angular-compiler]

    src/app/templates/time-repair/ui/time-repair-week-scene.component.ts:7:68:
      7 │ ...cene.component.html', styleUrl: './time-repair-week-activity.scss',
        ╵                                    ~~~~~~~~~~~~~~~~~~~~~~~~~~~~~~~~~~


X [ERROR] NG2008: Could not find stylesheet file './time-repair-week-activity.scss'. [plugin angular-compiler]

    src/app/templates/time-repair/ui/time-repair-week-source.component.ts:11:12:
      11 │   styleUrl: './time-repair-week-activity.scss',
         ╵             ~~~~~~~~~~~~~~~~~~~~~~~~~~~~~~~~~~


> Changes detected. Rebuilding...
√ Changes detected. Rebuilding...
Application bundle generation failed. [2.803 seconds] - 2026-09-14T23:14:51.656Z

X [ERROR] NG2008: Could not find stylesheet file './time-repair-week-activity.scss'. [plugin angular-compiler]

    src/app/templates/time-repair/ui/time-repair-week-scene.component.ts:7:68:
      7 │ ...cene.component.html', styleUrl: './time-repair-week-activity.scss',
        ╵                                    ~~~~~~~~~~~~~~~~~~~~~~~~~~~~~~~~~~


X [ERROR] NG2008: Could not find stylesheet file './time-repair-week-activity.scss'. [plugin angular-compiler]

    src/app/templates/time-repair/ui/time-repair-week-source.component.ts:11:12:
      11 │   styleUrl: './time-repair-week-activity.scss',
         ╵             ~~~~~~~~~~~~~~~~~~~~~~~~~~~~~~~~~~


> Changes detected. Rebuilding...
√ Changes detected. Rebuilding...
Application bundle generation failed. [3.039 seconds] - 2026-09-14T23:14:54.710Z

X [ERROR] NG2008: Could not find stylesheet file './time-repair-week-activity.scss'. [plugin angular-compiler]

    src/app/templates/time-repair/ui/time-repair-week-scene.component.ts:7:68:
      7 │ ...cene.component.html', styleUrl: './time-repair-week-activity.scss',
        ╵                                    ~~~~~~~~~~~~~~~~~~~~~~~~~~~~~~~~~~


X [ERROR] NG2008: Could not find stylesheet file './time-repair-week-activity.scss'. [plugin angular-compiler]

    src/app/templates/time-repair/ui/time-repair-week-source.component.ts:11:12:
      11 │   styleUrl: './time-repair-week-activity.scss',
         ╵             ~~~~~~~~~~~~~~~~~~~~~~~~~~~~~~~~~~


> Changes detected. Rebuilding...
√ Changes detected. Rebuilding...
Application bundle generation failed. [2.691 seconds] - 2026-09-14T23:15:32.724Z

X [ERROR] NG2008: Could not find stylesheet file './time-repair-week-activity.scss'. [plugin angular-compiler]

    src/app/templates/time-repair/ui/time-repair-week-source.component.ts:11:12:
      11 │   styleUrl: './time-repair-week-activity.scss',
         ╵             ~~~~~~~~~~~~~~~~~~~~~~~~~~~~~~~~~~


> Changes detected. Rebuilding...
√ Changes detected. Rebuilding...
Initial chunk files | Names                               |  Raw size
chunk-ETMIOYNX.js   | -                                   |  24.22 kB | 
main.js             | main                                |   4.14 kB | 
chunk-GOMI4DH3.js   | -                                   |   1.42 kB | 
styles.css          | styles                              |   1.12 kB | 

                    | Initial total                       |  30.90 kB

Lazy chunk files    | Names                               |  Raw size
chunk-CGGBJVV3.js   | simulation-decision-shell-component |   1.18 MB | 
chunk-JIIS3SE4.js   | crisis-center-component             | 711.95 kB | 
chunk-CV3TATZN.js   | -                                   | 662.72 kB | 
chunk-XL26FEI2.js   | -                                   | 503.07 kB | 
chunk-ICHUO2L2.js   | time-repair-page-component          | 441.84 kB | 
chunk-E25AXRPW.js   | exhibit-hall-page-component         | 429.01 kB | 
chunk-LOBOEN7C.js   | history-live-page-component         | 428.71 kB | 
chunk-FSBAJ5WA.js   | debate-studio-page-component        | 413.03 kB | 
chunk-DLZXQKPO.js   | journey-shell-component             | 373.58 kB | 
chunk-VHL2MSAM.js   | index                               | 342.77 kB | 
chunk-AJPMZUJW.js   | project-intro-component             | 303.84 kB | 
chunk-LWZHEOXY.js   | project-host-component              | 222.53 kB | 
chunk-CY6TQHQV.js   | -                                   | 214.84 kB | 
chunk-RJXVHYRI.js   | -                                   | 209.97 kB | 
chunk-D7LXLASK.js   | gallery-component                   | 188.82 kB | 
...and 177 more lazy chunks files. Use "--verbose" to show all the files.

Application bundle generation complete. [3.872 seconds] - 2026-09-14T23:15:36.605Z

Page reload sent to client(s).
> Changes detected. Rebuilding...
√ Changes detected. Rebuilding...
Initial chunk files | Names                                |  Raw size
main.js             | main                                 |   4.14 kB | 

Lazy chunk files    | Names                                |  Raw size
chunk-YAXTG2JZ.js   | project-host-component               | 222.53 kB | 
chunk-JRTW6XQL.js   | restoration-week-workspace-component | 117.84 kB | 
chunk-S3ZPIYY4.js   | heist-launcher                       |  14.56 kB | 

Application bundle generation complete. [4.224 seconds] - 2026-09-14T23:16:29.690Z

Page reload sent to client(s).
> Changes detected. Rebuilding...
√ Changes detected. Rebuilding...
Initial chunk files | Names                                |  Raw size
main.js             | main                                 |   4.14 kB | 

Lazy chunk files    | Names                                |  Raw size
chunk-UL2ILIOW.js   | project-host-component               | 222.53 kB | 
chunk-OBJEK55V.js   | restoration-week-workspace-component | 117.83 kB | 
chunk-7IMK7B2I.js   | heist-launcher                       |  14.56 kB | 

Application bundle generation complete. [5.583 seconds] - 2026-09-14T23:16:35.291Z

Component update sent to client(s).
> Changes detected. Rebuilding...
√ Changes detected. Rebuilding...
Initial chunk files | Names                  |  Raw size
main.js             | main                   |   4.14 kB | 

Lazy chunk files    | Names                  |  Raw size
chunk-BAGIBVUO.js   | project-host-component | 222.53 kB | 
chunk-AYGVY2F4.js   | time-repair-launcher   |  11.88 kB | 

Application bundle generation complete. [3.390 seconds] - 2026-09-14T23:16:38.700Z

Page reload sent to client(s).
> Changes detected. Rebuilding...
√ Changes detected. Rebuilding...
Initial chunk files | Names                              |  Raw size
main.js             | main                               |   4.14 kB | 

Lazy chunk files    | Names                              |  Raw size
chunk-SYBDT33H.js   | project-host-component             | 222.53 kB | 
chunk-NOOT4IX7.js   | narrative-week-workspace-component |  76.81 kB | 
chunk-YSXIJOQ6.js   | narrative-studio-launcher          |   6.71 kB | 

Application bundle generation complete. [6.132 seconds] - 2026-09-14T23:16:53.335Z

Component update sent to client(s).
> Changes detected. Rebuilding...
√ Changes detected. Rebuilding...
Initial chunk files | Names                              |  Raw size
main.js             | main                               |   4.14 kB | 

Lazy chunk files    | Names                              |  Raw size
chunk-MWF7KIGG.js   | project-host-component             | 222.53 kB | 
chunk-GYCF3WMB.js   | narrative-week-workspace-component |  77.31 kB | 
chunk-IDJ5ISZW.js   | narrative-studio-launcher          |   6.71 kB | 

Application bundle generation complete. [6.145 seconds] - 2026-09-14T23:16:59.515Z

Component update sent to client(s).
> Changes detected. Rebuilding...
√ Changes detected. Rebuilding...

No output file changes.

Application bundle generation complete. [0.495 seconds] - 2026-09-14T23:18:00.576Z

Page reload sent to client(s).
> Changes detected. Rebuilding...
√ Changes detected. Rebuilding...
Initial chunk files | Names                                |  Raw size
main.js             | main                                 |   4.14 kB | 

Lazy chunk files    | Names                                |  Raw size
chunk-YIC7CSQK.js   | project-host-component               | 222.53 kB | 
chunk-N2BEK2KR.js   | restoration-week-workspace-component | 117.93 kB | 
chunk-TXLG67LH.js   | heist-launcher                       |  14.56 kB | 

Application bundle generation complete. [23.758 seconds] - 2026-09-14T23:20:00.910Z

Component update sent to client(s).
> Changes detected. Rebuilding...
√ Changes detected. Rebuilding...
Initial chunk files | Names                        |  Raw size
main.js             | main                         |   4.14 kB | 

Lazy chunk files    | Names                        |  Raw size
chunk-4SXTATXW.js   | -                            | 663.96 kB | 
chunk-HTJ7ZUMN.js   | index                        | 342.77 kB | 
chunk-P7TAO7U2.js   | project-host-component       | 222.53 kB | 
chunk-M6IRXMNZ.js   | lab-week-workspace-component |  29.83 kB | 
chunk-YM4ZUNRJ.js   | investigation-launcher       |   8.27 kB | 

Application bundle generation complete. [39.504 seconds] - 2026-09-14T23:21:37.763Z

Component update sent to client(s).
> Changes detected. Rebuilding...
√ Changes detected. Rebuilding...
Initial chunk files | Names                      |  Raw size
main.js             | main                       |   4.14 kB | 

Lazy chunk files    | Names                      |  Raw size
chunk-JZFVJHZG.js   | time-repair-page-component | 441.84 kB | 
chunk-EYBFGFDB.js   | project-host-component     | 222.53 kB | 
chunk-5UUHGWQW.js   | time-repair-launcher       |  11.88 kB | 

Application bundle generation complete. [4.986 seconds] - 2026-09-14T23:24:01.083Z

Component update sent to client(s).
> Changes detected. Rebuilding...
√ Changes detected. Rebuilding...
Initial chunk files | Names                      |  Raw size
main.js             | main                       |   4.14 kB | 

Lazy chunk files    | Names                      |  Raw size
chunk-IXOA6IPU.js   | time-repair-page-component | 441.84 kB | 
chunk-CVOEP5EC.js   | project-host-component     | 222.53 kB | 
chunk-C3ANQIXY.js   | -                          |  32.54 kB | 
chunk-M4M26WE3.js   | time-repair-launcher       |  11.88 kB | 

Application bundle generation complete. [4.620 seconds] - 2026-09-14T23:25:26.508Z

Page reload sent to client(s).
> Changes detected. Rebuilding...
√ Changes detected. Rebuilding...
Initial chunk files | Names                                |  Raw size
main.js             | main                                 |   4.14 kB | 

Lazy chunk files    | Names                                |  Raw size
chunk-G4ZVWVZY.js   | project-host-component               | 222.53 kB | 
chunk-W2J73AEY.js   | restoration-week-workspace-component | 118.74 kB | 
chunk-NCL5X7ZZ.js   | heist-launcher                       |  14.56 kB | 

Application bundle generation complete. [3.173 seconds] - 2026-09-14T23:27:45.879Z

Page reload sent to client(s).
> Changes detected. Rebuilding...
√ Changes detected. Rebuilding...
Initial chunk files | Names                                |  Raw size
main.js             | main                                 |   4.14 kB | 

Lazy chunk files    | Names                                |  Raw size
chunk-XJST6N5D.js   | project-host-component               | 222.53 kB | 
chunk-SOB2VY2W.js   | restoration-week-workspace-component | 119.18 kB | 
chunk-27MJ2QAF.js   | heist-launcher                       |  14.56 kB | 

Application bundle generation complete. [3.522 seconds] - 2026-09-14T23:27:49.430Z

Component update sent to client(s).
> Changes detected. Rebuilding...
√ Changes detected. Rebuilding...
Initial chunk files | Names                      |  Raw size
main.js             | main                       |   4.14 kB | 

Lazy chunk files    | Names                      |  Raw size
chunk-S6TUO42Q.js   | time-repair-page-component | 441.84 kB | 
chunk-ETNBYAMP.js   | project-host-component     | 222.53 kB | 
chunk-KLS7P64U.js   | -                          |  32.53 kB | 
chunk-GL7G3B53.js   | time-repair-launcher       |  11.88 kB | 

Application bundle generation complete. [2.551 seconds] - 2026-09-14T23:28:48.906Z

Page reload sent to client(s).
> Changes detected. Rebuilding...
√ Changes detected. Rebuilding...
Initial chunk files | Names                                |  Raw size
main.js             | main                                 |   4.14 kB | 

Lazy chunk files    | Names                                |  Raw size
chunk-XKLSWLYW.js   | time-repair-page-component           | 444.25 kB | 
chunk-FBERRMVU.js   | project-host-component               | 222.53 kB | 
chunk-S2KSDK53.js   | restoration-collection-component     | 178.59 kB | 
chunk-NQ6SHUI5.js   | restoration-week-workspace-component | 119.18 kB | 
chunk-CHQ5AAVJ.js   | -                                    |  32.81 kB | 
chunk-IYO4DI64.js   | -                                    |  18.88 kB | 
chunk-YNTC5WUH.js   | -                                    |  16.56 kB | 
chunk-HMAWP77L.js   | heist-launcher                       |  14.56 kB | 
chunk-LNGY6NWU.js   | time-repair-launcher                 |  11.88 kB | 
chunk-6Y36KTTQ.js   | -                                    |   7.19 kB | 
chunk-OXUEWPJD.js   | restoration-collection-runtime       | 449 bytes | 
chunk-PQ2ZRWYS.js   | restoration-preview-runtime          | 379 bytes | 

Application bundle generation complete. [4.878 seconds] - 2026-09-14T23:29:19.341Z

Page reload sent to client(s).
> Changes detected. Rebuilding...
√ Changes detected. Rebuilding...
Initial chunk files | Names                      |  Raw size
main.js             | main                       |   4.14 kB | 

Lazy chunk files    | Names                      |  Raw size
chunk-5RU4RHDA.js   | time-repair-page-component | 446.09 kB | 
chunk-7CTIGCF2.js   | project-host-component     | 222.53 kB | 
chunk-45WEWTST.js   | time-repair-launcher       |  11.88 kB | 

Application bundle generation complete. [5.391 seconds] - 2026-09-14T23:29:24.746Z

Page reload sent to client(s).
> Changes detected. Rebuilding...
√ Changes detected. Rebuilding...
Initial chunk files | Names                                |  Raw size
main.js             | main                                 |   4.14 kB | 

Lazy chunk files    | Names                                |  Raw size
chunk-LAFISUBW.js   | project-host-component               | 222.53 kB | 
chunk-D7JL3QIB.js   | restoration-week-workspace-component | 119.38 kB | 
chunk-52Y2GI67.js   | heist-launcher                       |  14.56 kB | 

Application bundle generation complete. [2.222 seconds] - 2026-09-14T23:30:12.030Z

Component update sent to client(s).
> Changes detected. Rebuilding...
√ Changes detected. Rebuilding...
Initial chunk files | Names                  |  Raw size
main.js             | main                   |   4.14 kB | 

Lazy chunk files    | Names                  |  Raw size
chunk-BD6O54QX.js   | project-host-component | 222.36 kB | 

Application bundle generation complete. [3.275 seconds] - 2026-09-14T23:31:13.138Z

Page reload sent to client(s).
> Changes detected. Rebuilding...
√ Changes detected. Rebuilding...
Initial chunk files | Names                                |  Raw size
main.js             | main                                 |   4.14 kB | 

Lazy chunk files    | Names                                |  Raw size
chunk-BWRP5PS2.js   | project-host-component               | 222.36 kB | 
chunk-52QRK37D.js   | restoration-week-workspace-component | 119.38 kB | 
chunk-X46TCEJK.js   | heist-launcher                       |  14.56 kB | 
chunk-3OH7NNS4.js   | -                                    |   7.25 kB | 
chunk-O46DQUPV.js   | restoration-preview-runtime          | 379 bytes | 

Application bundle generation complete. [1.933 seconds] - 2026-09-14T23:33:01.144Z

Page reload sent to client(s).
> Changes detected. Rebuilding...
√ Changes detected. Rebuilding...
Initial chunk files | Names                                |  Raw size
main.js             | main                                 |   4.14 kB | 

Lazy chunk files    | Names                                |  Raw size
chunk-GLP4TUIC.js   | project-host-component               | 222.36 kB | 
chunk-SCXNDYB7.js   | restoration-week-workspace-component | 119.38 kB | 
chunk-FIQZOHVA.js   | heist-launcher                       |  14.56 kB | 
chunk-BZPX6VZX.js   | -                                    |   7.30 kB | 
chunk-GKFLMJEL.js   | restoration-preview-runtime          | 379 bytes | 

Application bundle generation complete. [3.058 seconds] - 2026-09-14T23:34:17.186Z

Page reload sent to client(s).
> Changes detected. Rebuilding...
√ Changes detected. Rebuilding...
Initial chunk files | Names                                |  Raw size
main.js             | main                                 |   4.14 kB | 

Lazy chunk files    | Names                                |  Raw size
chunk-KEPFWLWC.js   | project-host-component               | 222.36 kB | 
chunk-DE2QYMYQ.js   | restoration-week-workspace-component | 119.44 kB | 
chunk-D7BQYMMS.js   | heist-launcher                       |  14.56 kB | 

Application bundle generation complete. [2.171 seconds] - 2026-09-14T23:34:19.385Z

Page reload sent to client(s).
> Changes detected. Rebuilding...
√ Changes detected. Rebuilding...
Initial chunk files | Names                                |  Raw size
main.js             | main                                 |   4.14 kB | 

Lazy chunk files    | Names                                |  Raw size
chunk-XDSHBFG4.js   | project-host-component               | 222.36 kB | 
chunk-Q3UG6U7A.js   | restoration-week-workspace-component | 119.68 kB | 
chunk-5WIFA3RE.js   | heist-launcher                       |  14.56 kB | 

Application bundle generation complete. [2.223 seconds] - 2026-09-14T23:37:07.648Z

Component update sent to client(s).
> Changes detected. Rebuilding...
√ Changes detected. Rebuilding...
Application bundle generation failed. [3.663 seconds] - 2026-09-14T23:37:53.431Z

X [ERROR] TS2345: Argument of type 'unknown' is not assignable to parameter of type 'string'. [plugin angular-compiler]

    src/app/templates/engineering-design/domain/engineering-preview.models.ts:163:21:
      163 │     options.includes(v['answer'])
          ╵                      ~~~~~~~~~~~


> Changes detected. Rebuilding...
√ Changes detected. Rebuilding...
Application bundle generation failed. [3.230 seconds] - 2026-09-14T23:40:00.901Z

X [ERROR] TS2345: Argument of type 'unknown' is not assignable to parameter of type 'string'. [plugin angular-compiler]

    src/app/templates/engineering-design/domain/engineering-preview.models.ts:163:21:
      163 │     options.includes(v['answer'])
          ╵                      ~~~~~~~~~~~


> Changes detected. Rebuilding...
√ Changes detected. Rebuilding...
Application bundle generation failed. [1.853 seconds] - 2026-09-14T23:40:32.173Z

X [ERROR] TS2345: Argument of type 'unknown' is not assignable to parameter of type 'string'. [plugin angular-compiler]

    src/app/templates/engineering-design/domain/engineering-preview.models.ts:163:21:
      163 │     options.includes(v['answer'])
          ╵                      ~~~~~~~~~~~


> Changes detected. Rebuilding...
√ Changes detected. Rebuilding...
Application bundle generation failed. [2.272 seconds] - 2026-09-14T23:40:35.949Z

▲ [WARNING] NG8113: EngineeringSunChecksComponent is not used within the template of EngineeringWeekWorkspaceComponent [plugin angular-compiler]

    src/app/templates/engineering-design/ui/engineering-week-workspace.component.ts:38:72:
      38 │ ...lateOutlet, BlockBuilderComponent, EngineeringSunChecksComponent],
         ╵                                       ~~~~~~~~~~~~~~~~~~~~~~~~~~~~~


X [ERROR] TS2345: Argument of type 'unknown' is not assignable to parameter of type 'string'. [plugin angular-compiler]

    src/app/templates/engineering-design/domain/engineering-preview.models.ts:163:21:
      163 │     options.includes(v['answer'])
          ╵                      ~~~~~~~~~~~


> Changes detected. Rebuilding...
√ Changes detected. Rebuilding...
Application bundle generation failed. [1.385 seconds] - 2026-09-14T23:40:40.135Z

X [ERROR] TS2345: Argument of type 'unknown' is not assignable to parameter of type 'string'. [plugin angular-compiler]

    src/app/templates/engineering-design/domain/engineering-preview.models.ts:163:21:
      163 │     options.includes(v['answer'])
          ╵                      ~~~~~~~~~~~


X [ERROR] TS2339: Property 'sunChecks' does not exist on type 'EngineeringWeekWorkspaceComponent'. [plugin angular-compiler]

    src/app/templates/engineering-design/ui/engineering-week-workspace.component.html:13:9:
      13 │     @if (sunChecks().length) {
         ╵          ~~~~~~~~~

  Error occurs in the template of component EngineeringWeekWorkspaceComponent.

    src/app/templates/engineering-design/ui/engineering-week-workspace.component.ts:39:15:
      39 │   templateUrl: './engineering-week-workspace.component.html',
         ╵                ~~~~~~~~~~~~~~~~~~~~~~~~~~~~~~~~~~~~~~~~~~~~~


X [ERROR] TS2339: Property 'sunChecks' does not exist on type 'EngineeringWeekWorkspaceComponent'. [plugin angular-compiler]

    src/app/templates/engineering-design/ui/engineering-week-workspace.component.html:15:18:
      15 │         [checks]="sunChecks()"
         ╵                   ~~~~~~~~~

  Error occurs in the template of component EngineeringWeekWorkspaceComponent.

    src/app/templates/engineering-design/ui/engineering-week-workspace.component.ts:39:15:
      39 │   templateUrl: './engineering-week-workspace.component.html',
         ╵                ~~~~~~~~~~~~~~~~~~~~~~~~~~~~~~~~~~~~~~~~~~~~~


X [ERROR] TS2339: Property 'lockSunCheck' does not exist on type 'EngineeringWeekWorkspaceComponent'. [plugin angular-compiler]

    src/app/templates/engineering-design/ui/engineering-week-workspace.component.html:17:18:
      17 │         (locked)="lockSunCheck($event)"
         ╵                   ~~~~~~~~~~~~

  Error occurs in the template of component EngineeringWeekWorkspaceComponent.

    src/app/templates/engineering-design/ui/engineering-week-workspace.component.ts:39:15:
      39 │   templateUrl: './engineering-week-workspace.component.html',
         ╵                ~~~~~~~~~~~~~~~~~~~~~~~~~~~~~~~~~~~~~~~~~~~~~


X [ERROR] TS2339: Property 'explainSunCheck' does not exist on type 'EngineeringWeekWorkspaceComponent'. [plugin angular-compiler]

    src/app/templates/engineering-design/ui/engineering-week-workspace.component.html:18:21:
      18 │         (explained)="explainSunCheck($event)"
         ╵                      ~~~~~~~~~~~~~~~

  Error occurs in the template of component EngineeringWeekWorkspaceComponent.

    src/app/templates/engineering-design/ui/engineering-week-workspace.component.ts:39:15:
      39 │   templateUrl: './engineering-week-workspace.component.html',
         ╵                ~~~~~~~~~~~~~~~~~~~~~~~~~~~~~~~~~~~~~~~~~~~~~


X [ERROR] TS2339: Property 'predictionsOpen' does not exist on type 'EngineeringWeekWorkspaceComponent'. [plugin angular-compiler]

    src/app/templates/engineering-design/ui/engineering-week-workspace.component.html:23:39:
      23 │ ...  <div class="model" [attr.inert]="predictionsOpen() ? '' : null">
         ╵                                       ~~~~~~~~~~~~~~~

  Error occurs in the template of component EngineeringWeekWorkspaceComponent.

    src/app/templates/engineering-design/ui/engineering-week-workspace.component.ts:39:15:
      39 │   templateUrl: './engineering-week-workspace.component.html',
         ╵                ~~~~~~~~~~~~~~~~~~~~~~~~~~~~~~~~~~~~~~~~~~~~~


X [ERROR] TS2339: Property 'predictionsOpen' does not exist on type 'EngineeringWeekWorkspaceComponent'. [plugin angular-compiler]

    src/app/templates/engineering-design/ui/engineering-week-workspace.component.html:28:11:
      28 │       @if (predictionsOpen()) {
         ╵            ~~~~~~~~~~~~~~~

  Error occurs in the template of component EngineeringWeekWorkspaceComponent.

    src/app/templates/engineering-design/ui/engineering-week-workspace.component.ts:39:15:
      39 │   templateUrl: './engineering-week-workspace.component.html',
         ╵                ~~~~~~~~~~~~~~~~~~~~~~~~~~~~~~~~~~~~~~~~~~~~~


> Changes detected. Rebuilding...
√ Changes detected. Rebuilding...
Application bundle generation failed. [1.193 seconds] - 2026-09-14T23:40:42.987Z

X [ERROR] TS2345: Argument of type 'unknown' is not assignable to parameter of type 'string'. [plugin angular-compiler]

    src/app/templates/engineering-design/domain/engineering-preview.models.ts:163:21:
      163 │     options.includes(v['answer'])
          ╵                      ~~~~~~~~~~~


X [ERROR] TS2339: Property 'sunChecks' does not exist on type 'EngineeringWeekWorkspaceComponent'. [plugin angular-compiler]

    src/app/templates/engineering-design/ui/engineering-week-workspace.component.html:13:9:
      13 │     @if (sunChecks().length) {
         ╵          ~~~~~~~~~

  Error occurs in the template of component EngineeringWeekWorkspaceComponent.

    src/app/templates/engineering-design/ui/engineering-week-workspace.component.ts:39:15:
      39 │   templateUrl: './engineering-week-workspace.component.html',
         ╵                ~~~~~~~~~~~~~~~~~~~~~~~~~~~~~~~~~~~~~~~~~~~~~


X [ERROR] TS2339: Property 'sunChecks' does not exist on type 'EngineeringWeekWorkspaceComponent'. [plugin angular-compiler]

    src/app/templates/engineering-design/ui/engineering-week-workspace.component.html:15:18:
      15 │         [checks]="sunChecks()"
         ╵                   ~~~~~~~~~

  Error occurs in the template of component EngineeringWeekWorkspaceComponent.

    src/app/templates/engineering-design/ui/engineering-week-workspace.component.ts:39:15:
      39 │   templateUrl: './engineering-week-workspace.component.html',
         ╵                ~~~~~~~~~~~~~~~~~~~~~~~~~~~~~~~~~~~~~~~~~~~~~


X [ERROR] TS2339: Property 'lockSunCheck' does not exist on type 'EngineeringWeekWorkspaceComponent'. [plugin angular-compiler]

    src/app/templates/engineering-design/ui/engineering-week-workspace.component.html:17:18:
      17 │         (locked)="lockSunCheck($event)"
         ╵                   ~~~~~~~~~~~~

  Error occurs in the template of component EngineeringWeekWorkspaceComponent.

    src/app/templates/engineering-design/ui/engineering-week-workspace.component.ts:39:15:
      39 │   templateUrl: './engineering-week-workspace.component.html',
         ╵                ~~~~~~~~~~~~~~~~~~~~~~~~~~~~~~~~~~~~~~~~~~~~~


X [ERROR] TS2339: Property 'explainSunCheck' does not exist on type 'EngineeringWeekWorkspaceComponent'. [plugin angular-compiler]

    src/app/templates/engineering-design/ui/engineering-week-workspace.component.html:18:21:
      18 │         (explained)="explainSunCheck($event)"
         ╵                      ~~~~~~~~~~~~~~~

  Error occurs in the template of component EngineeringWeekWorkspaceComponent.

    src/app/templates/engineering-design/ui/engineering-week-workspace.component.ts:39:15:
      39 │   templateUrl: './engineering-week-workspace.component.html',
         ╵                ~~~~~~~~~~~~~~~~~~~~~~~~~~~~~~~~~~~~~~~~~~~~~


X [ERROR] TS2339: Property 'predictionsOpen' does not exist on type 'EngineeringWeekWorkspaceComponent'. [plugin angular-compiler]

    src/app/templates/engineering-design/ui/engineering-week-workspace.component.html:23:39:
      23 │ ...  <div class="model" [attr.inert]="predictionsOpen() ? '' : null">
         ╵                                       ~~~~~~~~~~~~~~~

  Error occurs in the template of component EngineeringWeekWorkspaceComponent.

    src/app/templates/engineering-design/ui/engineering-week-workspace.component.ts:39:15:
      39 │   templateUrl: './engineering-week-workspace.component.html',
         ╵                ~~~~~~~~~~~~~~~~~~~~~~~~~~~~~~~~~~~~~~~~~~~~~


X [ERROR] TS2339: Property 'predictionsOpen' does not exist on type 'EngineeringWeekWorkspaceComponent'. [plugin angular-compiler]

    src/app/templates/engineering-design/ui/engineering-week-workspace.component.html:28:11:
      28 │       @if (predictionsOpen()) {
         ╵            ~~~~~~~~~~~~~~~

  Error occurs in the template of component EngineeringWeekWorkspaceComponent.

    src/app/templates/engineering-design/ui/engineering-week-workspace.component.ts:39:15:
      39 │   templateUrl: './engineering-week-workspace.component.html',
         ╵                ~~~~~~~~~~~~~~~~~~~~~~~~~~~~~~~~~~~~~~~~~~~~~


> Changes detected. Rebuilding...
√ Changes detected. Rebuilding...
Application bundle generation failed. [1.239 seconds] - 2026-09-14T23:40:58.878Z

X [ERROR] TS2345: Argument of type 'unknown' is not assignable to parameter of type 'string'. [plugin angular-compiler]

    src/app/templates/engineering-design/domain/engineering-preview.models.ts:163:21:
      163 │     options.includes(v['answer'])
          ╵                      ~~~~~~~~~~~


X [ERROR] TS2339: Property 'sunChecks' does not exist on type 'EngineeringWeekWorkspaceComponent'. [plugin angular-compiler]

    src/app/templates/engineering-design/ui/engineering-week-workspace.component.html:13:9:
      13 │     @if (sunChecks().length) {
         ╵          ~~~~~~~~~

  Error occurs in the template of component EngineeringWeekWorkspaceComponent.

    src/app/templates/engineering-design/ui/engineering-week-workspace.component.ts:39:15:
      39 │   templateUrl: './engineering-week-workspace.component.html',
         ╵                ~~~~~~~~~~~~~~~~~~~~~~~~~~~~~~~~~~~~~~~~~~~~~


X [ERROR] TS2339: Property 'sunChecks' does not exist on type 'EngineeringWeekWorkspaceComponent'. [plugin angular-compiler]

    src/app/templates/engineering-design/ui/engineering-week-workspace.component.html:15:18:
      15 │         [checks]="sunChecks()"
         ╵                   ~~~~~~~~~

  Error occurs in the template of component EngineeringWeekWorkspaceComponent.

    src/app/templates/engineering-design/ui/engineering-week-workspace.component.ts:39:15:
      39 │   templateUrl: './engineering-week-workspace.component.html',
         ╵                ~~~~~~~~~~~~~~~~~~~~~~~~~~~~~~~~~~~~~~~~~~~~~


X [ERROR] TS2339: Property 'lockSunCheck' does not exist on type 'EngineeringWeekWorkspaceComponent'. [plugin angular-compiler]

    src/app/templates/engineering-design/ui/engineering-week-workspace.component.html:17:18:
      17 │         (locked)="lockSunCheck($event)"
         ╵                   ~~~~~~~~~~~~

  Error occurs in the template of component EngineeringWeekWorkspaceComponent.

    src/app/templates/engineering-design/ui/engineering-week-workspace.component.ts:39:15:
      39 │   templateUrl: './engineering-week-workspace.component.html',
         ╵                ~~~~~~~~~~~~~~~~~~~~~~~~~~~~~~~~~~~~~~~~~~~~~


X [ERROR] TS2339: Property 'explainSunCheck' does not exist on type 'EngineeringWeekWorkspaceComponent'. [plugin angular-compiler]

    src/app/templates/engineering-design/ui/engineering-week-workspace.component.html:18:21:
      18 │         (explained)="explainSunCheck($event)"
         ╵                      ~~~~~~~~~~~~~~~

  Error occurs in the template of component EngineeringWeekWorkspaceComponent.

    src/app/templates/engineering-design/ui/engineering-week-workspace.component.ts:39:15:
      39 │   templateUrl: './engineering-week-workspace.component.html',
         ╵                ~~~~~~~~~~~~~~~~~~~~~~~~~~~~~~~~~~~~~~~~~~~~~


X [ERROR] TS2339: Property 'predictionsOpen' does not exist on type 'EngineeringWeekWorkspaceComponent'. [plugin angular-compiler]

    src/app/templates/engineering-design/ui/engineering-week-workspace.component.html:23:39:
      23 │ ...  <div class="model" [attr.inert]="predictionsOpen() ? '' : null">
         ╵                                       ~~~~~~~~~~~~~~~

  Error occurs in the template of component EngineeringWeekWorkspaceComponent.

    src/app/templates/engineering-design/ui/engineering-week-workspace.component.ts:39:15:
      39 │   templateUrl: './engineering-week-workspace.component.html',
         ╵                ~~~~~~~~~~~~~~~~~~~~~~~~~~~~~~~~~~~~~~~~~~~~~


X [ERROR] TS2339: Property 'predictionsOpen' does not exist on type 'EngineeringWeekWorkspaceComponent'. [plugin angular-compiler]

    src/app/templates/engineering-design/ui/engineering-week-workspace.component.html:28:11:
      28 │       @if (predictionsOpen()) {
         ╵            ~~~~~~~~~~~~~~~

  Error occurs in the template of component EngineeringWeekWorkspaceComponent.

    src/app/templates/engineering-design/ui/engineering-week-workspace.component.ts:39:15:
      39 │   templateUrl: './engineering-week-workspace.component.html',
         ╵                ~~~~~~~~~~~~~~~~~~~~~~~~~~~~~~~~~~~~~~~~~~~~~


> Changes detected. Rebuilding...
√ Changes detected. Rebuilding...
Application bundle generation failed. [1.129 seconds] - 2026-09-14T23:41:03.074Z

X [ERROR] TS2345: Argument of type 'unknown' is not assignable to parameter of type 'string'. [plugin angular-compiler]

    src/app/templates/engineering-design/domain/engineering-preview.models.ts:163:21:
      163 │     options.includes(v['answer'])
          ╵                      ~~~~~~~~~~~


> Changes detected. Rebuilding...
√ Changes detected. Rebuilding...
Application bundle generation failed. [1.101 seconds] - 2026-09-14T23:43:04.647Z

X [ERROR] TS2345: Argument of type 'unknown' is not assignable to parameter of type 'string'. [plugin angular-compiler]

    src/app/templates/engineering-design/domain/engineering-preview.models.ts:163:21:
      163 │     options.includes(v['answer'])
          ╵                      ~~~~~~~~~~~


> Changes detected. Rebuilding...
√ Changes detected. Rebuilding...
Application bundle generation failed. [1.199 seconds] - 2026-09-14T23:43:05.857Z

X [ERROR] TS2345: Argument of type 'unknown' is not assignable to parameter of type 'string'. [plugin angular-compiler]

    src/app/templates/engineering-design/domain/engineering-preview.models.ts:163:21:
      163 │     options.includes(v['answer'])
          ╵                      ~~~~~~~~~~~


> Changes detected. Rebuilding...
√ Changes detected. Rebuilding...
Initial chunk files | Names                               |  Raw size
chunk-ETMIOYNX.js   | -                                   |  24.22 kB | 
main.js             | main                                |   4.14 kB | 
chunk-GOMI4DH3.js   | -                                   |   1.42 kB | 
styles.css          | styles                              |   1.12 kB | 

                    | Initial total                       |  30.90 kB

Lazy chunk files    | Names                               |  Raw size
chunk-CGGBJVV3.js   | simulation-decision-shell-component |   1.18 MB | 
chunk-JIIS3SE4.js   | crisis-center-component             | 711.95 kB | 
chunk-4SXTATXW.js   | -                                   | 663.96 kB | 
chunk-XL26FEI2.js   | -                                   | 503.07 kB | 
chunk-5RU4RHDA.js   | time-repair-page-component          | 446.09 kB | 
chunk-E25AXRPW.js   | exhibit-hall-page-component         | 429.01 kB | 
chunk-LOBOEN7C.js   | history-live-page-component         | 428.71 kB | 
chunk-FSBAJ5WA.js   | debate-studio-page-component        | 413.03 kB | 
chunk-DLZXQKPO.js   | journey-shell-component             | 373.58 kB | 
chunk-HTJ7ZUMN.js   | index                               | 342.77 kB | 
chunk-AJPMZUJW.js   | project-intro-component             | 303.84 kB | 
chunk-I57VJ3US.js   | project-host-component              | 222.36 kB | 
chunk-CY6TQHQV.js   | -                                   | 214.84 kB | 
chunk-RJXVHYRI.js   | -                                   | 209.97 kB | 
chunk-D7LXLASK.js   | gallery-component                   | 188.82 kB | 
...and 177 more lazy chunks files. Use "--verbose" to show all the files.

Application bundle generation complete. [1.662 seconds] - 2026-09-14T23:44:06.754Z

Page reload sent to client(s).
